exp,shape,K,N,g,dtype,zeros,M,rb,tile,diag,diagname,swiz,us,reps,R,dev,cu,card,lease,exclusive
stage,lag.gate_up  tp1,2048,16384,32,bfloat16,1,32,1,32x64x4,0,full,1,323.132,6,10,AMD Radeon RX 9070 XT,64,0,"0,1",1
stage,lag.gate_up  tp1,2048,16384,32,bfloat16,1,32,1,128x64,0,full,1,154.309,12,10,AMD Radeon RX 9070 XT,64,0,"0,1",1
stage,lag.gate_up  tp1,2048,16384,32,bfloat16,1,32,1,32x64x4,1,no_wmma,1,317.760,6,10,AMD Radeon RX 9070 XT,64,0,"0,1",1
stage,lag.gate_up  tp1,2048,16384,32,bfloat16,1,32,1,128x64,1,no_wmma,1,141.966,13,10,AMD Radeon RX 9070 XT,64,0,"0,1",1
stage,lag.gate_up  tp1,2048,16384,32,bfloat16,1,32,1,32x64x4,2,no_global,1,49.273,20,10,AMD Radeon RX 9070 XT,64,0,"0,1",1
stage,lag.gate_up  tp1,2048,16384,32,bfloat16,1,32,1,128x64,2,no_global,1,160.391,12,10,AMD Radeon RX 9070 XT,64,0,"0,1",1
stage,lag.gate_up  tp1,2048,16384,32,bfloat16,1,32,1,32x64x4,4,no_ldswrite,1,251.204,7,10,AMD Radeon RX 9070 XT,64,0,"0,1",1
stage,lag.gate_up  tp1,2048,16384,32,bfloat16,1,32,1,128x64,4,no_ldswrite,1,133.927,13,10,AMD Radeon RX 9070 XT,64,0,"0,1",1
stage,lag.gate_up  tp1,2048,16384,32,bfloat16,1,32,1,32x64x4,8,no_ldsread,1,318.852,6,10,AMD Radeon RX 9070 XT,64,0,"0,1",1
stage,lag.gate_up  tp1,2048,16384,32,bfloat16,1,32,1,128x64,8,no_ldsread,1,150.248,12,10,AMD Radeon RX 9070 XT,64,0,"0,1",1
stage,lag.gate_up  tp1,2048,16384,32,bfloat16,1,32,1,32x64x4,16,no_wscale,1,113.003,16,10,AMD Radeon RX 9070 XT,64,0,"0,1",1
stage,lag.gate_up  tp1,2048,16384,32,bfloat16,1,32,1,128x64,16,no_wscale,1,139.230,13,10,AMD Radeon RX 9070 XT,64,0,"0,1",1
stage,lag.gate_up  tp1,2048,16384,32,bfloat16,1,32,1,32x64x4,18,no_global+no_wscale,1,66.216,20,10,AMD Radeon RX 9070 XT,64,0,"0,1",1
stage,lag.gate_up  tp1,2048,16384,32,bfloat16,1,32,1,128x64,18,no_global+no_wscale,1,147.916,13,10,AMD Radeon RX 9070 XT,64,0,"0,1",1
stage,lag.gate_up  tp1,2048,16384,32,bfloat16,1,32,1,32x64x4,0,full,0,320.192,6,10,AMD Radeon RX 9070 XT,64,0,"0,1",1
stage,lag.gate_up  tp1,2048,16384,32,bfloat16,1,32,1,128x64,0,full,0,153.879,12,10,AMD Radeon RX 9070 XT,64,0,"0,1",1
stage,lag.gate_up  tp1,2048,16384,32,bfloat16,1,32,1,32x64x4,1,no_wmma,0,320.229,6,10,AMD Radeon RX 9070 XT,64,0,"0,1",1
stage,lag.gate_up  tp1,2048,16384,32,bfloat16,1,32,1,128x64,1,no_wmma,0,141.422,13,10,AMD Radeon RX 9070 XT,64,0,"0,1",1
stage,lag.gate_up  tp1,2048,16384,32,bfloat16,1,32,1,32x64x4,2,no_global,0,49.072,20,10,AMD Radeon RX 9070 XT,64,0,"0,1",1
stage,lag.gate_up  tp1,2048,16384,32,bfloat16,1,32,1,128x64,2,no_global,0,158.656,12,10,AMD Radeon RX 9070 XT,64,0,"0,1",1
stage,lag.gate_up  tp1,2048,16384,32,bfloat16,1,32,1,32x64x4,4,no_ldswrite,0,253.764,7,10,AMD Radeon RX 9070 XT,64,0,"0,1",1
stage,lag.gate_up  tp1,2048,16384,32,bfloat16,1,32,1,128x64,4,no_ldswrite,0,133.338,13,10,AMD Radeon RX 9070 XT,64,0,"0,1",1
stage,lag.gate_up  tp1,2048,16384,32,bfloat16,1,32,1,32x64x4,8,no_ldsread,0,322.357,5,10,AMD Radeon RX 9070 XT,64,0,"0,1",1
stage,lag.gate_up  tp1,2048,16384,32,bfloat16,1,32,1,128x64,8,no_ldsread,0,148.833,12,10,AMD Radeon RX 9070 XT,64,0,"0,1",1
stage,lag.gate_up  tp1,2048,16384,32,bfloat16,1,32,1,32x64x4,16,no_wscale,0,112.169,16,10,AMD Radeon RX 9070 XT,64,0,"0,1",1
stage,lag.gate_up  tp1,2048,16384,32,bfloat16,1,32,1,128x64,16,no_wscale,0,138.035,13,10,AMD Radeon RX 9070 XT,64,0,"0,1",1
stage,lag.gate_up  tp1,2048,16384,32,bfloat16,1,32,1,32x64x4,18,no_global+no_wscale,0,65.971,20,10,AMD Radeon RX 9070 XT,64,0,"0,1",1
stage,lag.gate_up  tp1,2048,16384,32,bfloat16,1,32,1,128x64,18,no_global+no_wscale,0,145.884,18,10,AMD Radeon RX 9070 XT,64,0,"0,1",1
stage,lag.gate_up  tp1,2048,16384,32,bfloat16,1,48,2,32x64x4,0,full,1,136.543,13,10,AMD Radeon RX 9070 XT,64,0,"0,1",1
stage,lag.gate_up  tp1,2048,16384,32,bfloat16,1,48,1,128x64,0,full,1,161.717,12,10,AMD Radeon RX 9070 XT,64,0,"0,1",1
stage,lag.gate_up  tp1,2048,16384,32,bfloat16,1,48,2,32x64x4,1,no_wmma,1,132.435,14,10,AMD Radeon RX 9070 XT,64,0,"0,1",1
stage,lag.gate_up  tp1,2048,16384,32,bfloat16,1,48,1,128x64,1,no_wmma,1,150.266,13,10,AMD Radeon RX 9070 XT,64,0,"0,1",1
stage,lag.gate_up  tp1,2048,16384,32,bfloat16,1,48,2,32x64x4,2,no_global,1,120.445,16,10,AMD Radeon RX 9070 XT,64,0,"0,1",1
stage,lag.gate_up  tp1,2048,16384,32,bfloat16,1,48,1,128x64,2,no_global,1,157.702,12,10,AMD Radeon RX 9070 XT,64,0,"0,1",1
stage,lag.gate_up  tp1,2048,16384,32,bfloat16,1,48,2,32x64x4,4,no_ldswrite,1,123.752,15,10,AMD Radeon RX 9070 XT,64,0,"0,1",1
stage,lag.gate_up  tp1,2048,16384,32,bfloat16,1,48,1,128x64,4,no_ldswrite,1,141.423,13,10,AMD Radeon RX 9070 XT,64,0,"0,1",1
stage,lag.gate_up  tp1,2048,16384,32,bfloat16,1,48,2,32x64x4,8,no_ldsread,1,135.688,14,10,AMD Radeon RX 9070 XT,64,0,"0,1",1
stage,lag.gate_up  tp1,2048,16384,32,bfloat16,1,48,1,128x64,8,no_ldsread,1,156.643,12,10,AMD Radeon RX 9070 XT,64,0,"0,1",1
stage,lag.gate_up  tp1,2048,16384,32,bfloat16,1,48,2,32x64x4,16,no_wscale,1,115.976,16,10,AMD Radeon RX 9070 XT,64,0,"0,1",1
stage,lag.gate_up  tp1,2048,16384,32,bfloat16,1,48,1,128x64,16,no_wscale,1,145.825,13,10,AMD Radeon RX 9070 XT,64,0,"0,1",1
stage,lag.gate_up  tp1,2048,16384,32,bfloat16,1,48,2,32x64x4,18,no_global+no_wscale,1,91.804,20,10,AMD Radeon RX 9070 XT,64,0,"0,1",1
stage,lag.gate_up  tp1,2048,16384,32,bfloat16,1,48,1,128x64,18,no_global+no_wscale,1,144.916,13,10,AMD Radeon RX 9070 XT,64,0,"0,1",1
stage,lag.gate_up  tp1,2048,16384,32,bfloat16,1,48,2,32x64x4,0,full,0,493.890,4,10,AMD Radeon RX 9070 XT,64,0,"0,1",1
stage,lag.gate_up  tp1,2048,16384,32,bfloat16,1,48,1,128x64,0,full,0,162.334,11,10,AMD Radeon RX 9070 XT,64,0,"0,1",1
stage,lag.gate_up  tp1,2048,16384,32,bfloat16,1,48,2,32x64x4,1,no_wmma,0,486.196,4,10,AMD Radeon RX 9070 XT,64,0,"0,1",1
stage,lag.gate_up  tp1,2048,16384,32,bfloat16,1,48,1,128x64,1,no_wmma,0,149.333,13,10,AMD Radeon RX 9070 XT,64,0,"0,1",1
stage,lag.gate_up  tp1,2048,16384,32,bfloat16,1,48,2,32x64x4,2,no_global,0,102.809,19,10,AMD Radeon RX 9070 XT,64,0,"0,1",1
stage,lag.gate_up  tp1,2048,16384,32,bfloat16,1,48,1,128x64,2,no_global,0,157.077,12,10,AMD Radeon RX 9070 XT,64,0,"0,1",1
stage,lag.gate_up  tp1,2048,16384,32,bfloat16,1,48,2,32x64x4,4,no_ldswrite,0,339.323,5,10,AMD Radeon RX 9070 XT,64,0,"0,1",1
stage,lag.gate_up  tp1,2048,16384,32,bfloat16,1,48,1,128x64,4,no_ldswrite,0,141.096,13,10,AMD Radeon RX 9070 XT,64,0,"0,1",1
stage,lag.gate_up  tp1,2048,16384,32,bfloat16,1,48,2,32x64x4,8,no_ldsread,0,487.525,3,10,AMD Radeon RX 9070 XT,64,0,"0,1",1
stage,lag.gate_up  tp1,2048,16384,32,bfloat16,1,48,1,128x64,8,no_ldsread,0,156.442,12,10,AMD Radeon RX 9070 XT,64,0,"0,1",1
stage,lag.gate_up  tp1,2048,16384,32,bfloat16,1,48,2,32x64x4,16,no_wscale,0,157.416,13,10,AMD Radeon RX 9070 XT,64,0,"0,1",1
stage,lag.gate_up  tp1,2048,16384,32,bfloat16,1,48,1,128x64,16,no_wscale,0,143.636,13,10,AMD Radeon RX 9070 XT,64,0,"0,1",1
stage,lag.gate_up  tp1,2048,16384,32,bfloat16,1,48,2,32x64x4,18,no_global+no_wscale,0,92.454,20,10,AMD Radeon RX 9070 XT,64,0,"0,1",1
stage,lag.gate_up  tp1,2048,16384,32,bfloat16,1,48,1,128x64,18,no_global+no_wscale,0,144.260,13,10,AMD Radeon RX 9070 XT,64,0,"0,1",1
