name,K,N,g,dtype,M,cand,us,reps,R,dev,cu,card,lease,exclusive
muse.qkv      g16,6656,2304,16,bfloat16,2048,128x128x2,1948.752,2,19,AMD Radeon RX 9070 XT,64,0,0,0
muse.qkv      g16,6656,2304,16,bfloat16,2048,96x128x2,2098.454,2,19,AMD Radeon RX 9070 XT,64,0,0,0
muse.qkv      g16,6656,2304,16,bfloat16,2048,64x128x2,2104.323,2,19,AMD Radeon RX 9070 XT,64,0,0,0
muse.qkv      g16,6656,2304,16,bfloat16,2048,128x128,2132.621,2,19,AMD Radeon RX 9070 XT,64,0,0,0
muse.qkv      g16,6656,2304,16,bfloat16,2048,192x128x2,2140.275,2,19,AMD Radeon RX 9070 XT,64,0,0,0
muse.qkv      g16,6656,2304,16,bfloat16,2048,256x64,2146.857,2,19,AMD Radeon RX 9070 XT,64,0,0,0
muse.qkv      g16,6656,2304,16,bfloat16,2048,128x64,2173.446,2,19,AMD Radeon RX 9070 XT,64,0,0,0
muse.qkv      g16,6656,2304,16,bfloat16,2048,512x128,2300.758,2,19,AMD Radeon RX 9070 XT,64,0,0,0
muse.qkv      g16,6656,2304,16,bfloat16,2048,128x64x2,2311.899,2,19,AMD Radeon RX 9070 XT,64,0,0,0
muse.qkv      g16,6656,2304,16,bfloat16,2048,64x128x4,2345.911,2,19,AMD Radeon RX 9070 XT,64,0,0,0
muse.qkv      g16,6656,2304,16,bfloat16,2048,128x128x4,2350.838,2,19,AMD Radeon RX 9070 XT,64,0,0,0
muse.qkv      g16,6656,2304,16,bfloat16,2048,64x64x2,2356.150,2,19,AMD Radeon RX 9070 XT,64,0,0,0
muse.qkv      g16,6656,2304,16,bfloat16,2048,64x64,2393.507,2,19,AMD Radeon RX 9070 XT,64,0,0,0
muse.qkv      g16,6656,2304,16,bfloat16,2048,256x192,2402.568,2,19,AMD Radeon RX 9070 XT,64,0,0,0
muse.qkv      g16,6656,2304,16,bfloat16,2048,192x128,2508.851,2,19,AMD Radeon RX 9070 XT,64,0,0,0
muse.qkv      g16,6656,2304,16,bfloat16,2048,64x128,2599.112,2,19,AMD Radeon RX 9070 XT,64,0,0,0
muse.qkv      g16,6656,2304,16,bfloat16,2048,32x128x4,2636.708,2,19,AMD Radeon RX 9070 XT,64,0,0,0
muse.qkv      g16,6656,2304,16,bfloat16,2048,384x128,2638.755,2,19,AMD Radeon RX 9070 XT,64,0,0,0
muse.qkv      g16,6656,2304,16,bfloat16,2048,256x32,2724.831,2,19,AMD Radeon RX 9070 XT,64,0,0,0
muse.qkv      g16,6656,2304,16,bfloat16,2048,128x32,2729.528,2,19,AMD Radeon RX 9070 XT,64,0,0,0
muse.qkv      g16,6656,2304,16,bfloat16,2048,256x128x2,2783.827,2,19,AMD Radeon RX 9070 XT,64,0,0,0
muse.qkv      g16,6656,2304,16,bfloat16,2048,32x64x2,2831.342,2,19,AMD Radeon RX 9070 XT,64,0,0,0
muse.qkv      g16,6656,2304,16,bfloat16,2048,112x128,2956.628,2,19,AMD Radeon RX 9070 XT,64,0,0,0
muse.qkv      g16,6656,2304,16,bfloat16,2048,96x128,3037.856,2,19,AMD Radeon RX 9070 XT,64,0,0,0
muse.qkv      g16,6656,2304,16,bfloat16,2048,512x64,3066.747,2,19,AMD Radeon RX 9070 XT,64,0,0,0
muse.qkv      g16,6656,2304,16,bfloat16,2048,256x128,3151.406,2,19,AMD Radeon RX 9070 XT,64,0,0,0
muse.qkv      g16,6656,2304,16,bfloat16,2048,32x64,3180.797,2,19,AMD Radeon RX 9070 XT,64,0,0,0
muse.qkv      g16,6656,2304,16,bfloat16,2048,64x32,3186.486,2,19,AMD Radeon RX 9070 XT,64,0,0,0
muse.qkv      g16,6656,2304,16,bfloat16,2048,32x32,3348.405,2,19,AMD Radeon RX 9070 XT,64,0,0,0
muse.qkv      g16,6656,2304,16,bfloat16,2048,80x128,3608.088,2,19,AMD Radeon RX 9070 XT,64,0,0,0
muse.qkv      g16,6656,2304,16,bfloat16,2048,32x128,3723.965,2,19,AMD Radeon RX 9070 XT,64,0,0,0
muse.qkv      g16,6656,2304,16,bfloat16,2048,32x64x4,4024.531,2,19,AMD Radeon RX 9070 XT,64,0,0,0
muse.qkv      g16,6656,2304,16,bfloat16,2048,16x64,5163.877,2,19,AMD Radeon RX 9070 XT,64,0,0,0
muse.qkv      g16,6656,2304,16,bfloat16,2048,16x128,5906.514,2,19,AMD Radeon RX 9070 XT,64,0,0,0
muse.qkv      g16,6656,2304,16,bfloat16,2048,256x256,6396.121,2,19,AMD Radeon RX 9070 XT,64,0,0,0
muse.qkv      g16,6656,2304,16,bfloat16,2048,128x256,6913.478,2,19,AMD Radeon RX 9070 XT,64,0,0,0
muse.qkv      g32,6656,2304,32,bfloat16,2048,128x128x2,1028.082,2,21,AMD Radeon RX 9070 XT,64,0,0,0
muse.qkv      g32,6656,2304,32,bfloat16,2048,256x128,1112.926,2,21,AMD Radeon RX 9070 XT,64,0,0,0
muse.qkv      g32,6656,2304,32,bfloat16,2048,128x128x4,1246.945,2,21,AMD Radeon RX 9070 XT,64,0,0,0
muse.qkv      g32,6656,2304,32,bfloat16,2048,256x64,1284.009,2,21,AMD Radeon RX 9070 XT,64,0,0,0
muse.qkv      g32,6656,2304,32,bfloat16,2048,192x128x2,1333.504,2,21,AMD Radeon RX 9070 XT,64,0,0,0
muse.qkv      g32,6656,2304,32,bfloat16,2048,64x128x4,1347.798,2,21,AMD Radeon RX 9070 XT,64,0,0,0
muse.qkv      g32,6656,2304,32,bfloat16,2048,128x64,1397.949,2,21,AMD Radeon RX 9070 XT,64,0,0,0
muse.qkv      g32,6656,2304,32,bfloat16,2048,512x128,1401.176,2,21,AMD Radeon RX 9070 XT,64,0,0,0
muse.qkv      g32,6656,2304,32,bfloat16,2048,128x64x2,1412.920,2,21,AMD Radeon RX 9070 XT,64,0,0,0
muse.qkv      g32,6656,2304,32,bfloat16,2048,128x128,1491.821,2,21,AMD Radeon RX 9070 XT,64,0,0,0
muse.qkv      g32,6656,2304,32,bfloat16,2048,384x128,1504.746,2,21,AMD Radeon RX 9070 XT,64,0,0,0
muse.qkv      g32,6656,2304,32,bfloat16,2048,64x128x2,1545.621,2,21,AMD Radeon RX 9070 XT,64,0,0,0
muse.qkv      g32,6656,2304,32,bfloat16,2048,96x128x2,1573.010,2,21,AMD Radeon RX 9070 XT,64,0,0,0
muse.qkv      g32,6656,2304,32,bfloat16,2048,64x64x2,1595.919,2,21,AMD Radeon RX 9070 XT,64,0,0,0
muse.qkv      g32,6656,2304,32,bfloat16,2048,256x128x2,1654.960,2,21,AMD Radeon RX 9070 XT,64,0,0,0
muse.qkv      g32,6656,2304,32,bfloat16,2048,256x32,1693.068,2,21,AMD Radeon RX 9070 XT,64,0,0,0
muse.qkv      g32,6656,2304,32,bfloat16,2048,64x32,1708.669,2,21,AMD Radeon RX 9070 XT,64,0,0,0
muse.qkv      g32,6656,2304,32,bfloat16,2048,64x64,1709.917,2,21,AMD Radeon RX 9070 XT,64,0,0,0
muse.qkv      g32,6656,2304,32,bfloat16,2048,128x32,1725.195,2,21,AMD Radeon RX 9070 XT,64,0,0,0
muse.qkv      g32,6656,2304,32,bfloat16,2048,112x128,1727.955,2,21,AMD Radeon RX 9070 XT,64,0,0,0
muse.qkv      g32,6656,2304,32,bfloat16,2048,256x192,1786.288,2,21,AMD Radeon RX 9070 XT,64,0,0,0
muse.qkv      g32,6656,2304,32,bfloat16,2048,192x128,1830.532,2,21,AMD Radeon RX 9070 XT,64,0,0,0
muse.qkv      g32,6656,2304,32,bfloat16,2048,512x64,1868.270,2,21,AMD Radeon RX 9070 XT,64,0,0,0
muse.qkv      g32,6656,2304,32,bfloat16,2048,96x128,1906.237,2,21,AMD Radeon RX 9070 XT,64,0,0,0
muse.qkv      g32,6656,2304,32,bfloat16,2048,64x128,1944.135,2,21,AMD Radeon RX 9070 XT,64,0,0,0
muse.qkv      g32,6656,2304,32,bfloat16,2048,32x128x4,1959.252,2,21,AMD Radeon RX 9070 XT,64,0,0,0
muse.qkv      g32,6656,2304,32,bfloat16,2048,32x64x4,1994.215,2,21,AMD Radeon RX 9070 XT,64,0,0,0
muse.qkv      g32,6656,2304,32,bfloat16,2048,32x64x2,2064.370,2,21,AMD Radeon RX 9070 XT,64,0,0,0
muse.qkv      g32,6656,2304,32,bfloat16,2048,32x32,2311.121,2,21,AMD Radeon RX 9070 XT,64,0,0,0
muse.qkv      g32,6656,2304,32,bfloat16,2048,32x64,2327.113,2,21,AMD Radeon RX 9070 XT,64,0,0,0
muse.qkv      g32,6656,2304,32,bfloat16,2048,80x128,2345.911,2,21,AMD Radeon RX 9070 XT,64,0,0,0
muse.qkv      g32,6656,2304,32,bfloat16,2048,256x256,2752.394,2,21,AMD Radeon RX 9070 XT,64,0,0,0
muse.qkv      g32,6656,2304,32,bfloat16,2048,32x128,2876.881,2,21,AMD Radeon RX 9070 XT,64,0,0,0
muse.qkv      g32,6656,2304,32,bfloat16,2048,128x256,3170.496,2,21,AMD Radeon RX 9070 XT,64,0,0,0
muse.qkv      g32,6656,2304,32,bfloat16,2048,16x64,4499.120,2,21,AMD Radeon RX 9070 XT,64,0,0,0
muse.qkv      g32,6656,2304,32,bfloat16,2048,16x128,6228.636,2,21,AMD Radeon RX 9070 XT,64,0,0,0
muse.o_proj   g16,2048,6656,16,bfloat16,2048,128x128x2,1704.999,2,21,AMD Radeon RX 9070 XT,64,0,0,0
muse.o_proj   g16,2048,6656,16,bfloat16,2048,192x128x2,1720.012,2,21,AMD Radeon RX 9070 XT,64,0,0,0
muse.o_proj   g16,2048,6656,16,bfloat16,2048,96x128x2,1754.075,2,21,AMD Radeon RX 9070 XT,64,0,0,0
muse.o_proj   g16,2048,6656,16,bfloat16,2048,512x128,1765.424,2,21,AMD Radeon RX 9070 XT,64,0,0,0
muse.o_proj   g16,2048,6656,16,bfloat16,2048,64x128x2,1831.691,2,21,AMD Radeon RX 9070 XT,64,0,0,0
muse.o_proj   g16,2048,6656,16,bfloat16,2048,192x128,1902.482,2,21,AMD Radeon RX 9070 XT,64,0,0,0
muse.o_proj   g16,2048,6656,16,bfloat16,2048,256x64,1904.499,2,21,AMD Radeon RX 9070 XT,64,0,0,0
muse.o_proj   g16,2048,6656,16,bfloat16,2048,128x64,1919.944,2,21,AMD Radeon RX 9070 XT,64,0,0,0
muse.o_proj   g16,2048,6656,16,bfloat16,2048,128x128,1938.996,2,21,AMD Radeon RX 9070 XT,64,0,0,0
muse.o_proj   g16,2048,6656,16,bfloat16,2048,64x64,2063.411,2,21,AMD Radeon RX 9070 XT,64,0,0,0
muse.o_proj   g16,2048,6656,16,bfloat16,2048,128x128x4,2081.553,2,21,AMD Radeon RX 9070 XT,64,0,0,0
muse.o_proj   g16,2048,6656,16,bfloat16,2048,128x64x2,2095.848,2,21,AMD Radeon RX 9070 XT,64,0,0,0
muse.o_proj   g16,2048,6656,16,bfloat16,2048,384x128,2137.676,2,21,AMD Radeon RX 9070 XT,64,0,0,0
muse.o_proj   g16,2048,6656,16,bfloat16,2048,64x128x4,2140.380,2,21,AMD Radeon RX 9070 XT,64,0,0,0
muse.o_proj   g16,2048,6656,16,bfloat16,2048,64x64x2,2145.781,2,21,AMD Radeon RX 9070 XT,64,0,0,0
muse.o_proj   g16,2048,6656,16,bfloat16,2048,64x128,2195.305,2,21,AMD Radeon RX 9070 XT,64,0,0,0
muse.o_proj   g16,2048,6656,16,bfloat16,2048,256x192,2286.860,2,21,AMD Radeon RX 9070 XT,64,0,0,0
muse.o_proj   g16,2048,6656,16,bfloat16,2048,256x128x2,2338.249,2,21,AMD Radeon RX 9070 XT,64,0,0,0
muse.o_proj   g16,2048,6656,16,bfloat16,2048,32x128x4,2363.039,2,21,AMD Radeon RX 9070 XT,64,0,0,0
muse.o_proj   g16,2048,6656,16,bfloat16,2048,128x32,2458.769,2,21,AMD Radeon RX 9070 XT,64,0,0,0
muse.o_proj   g16,2048,6656,16,bfloat16,2048,256x32,2463.349,2,21,AMD Radeon RX 9070 XT,64,0,0,0
muse.o_proj   g16,2048,6656,16,bfloat16,2048,32x64x2,2518.377,2,21,AMD Radeon RX 9070 XT,64,0,0,0
muse.o_proj   g16,2048,6656,16,bfloat16,2048,96x128,2533.688,2,21,AMD Radeon RX 9070 XT,64,0,0,0
muse.o_proj   g16,2048,6656,16,bfloat16,2048,512x64,2540.756,2,21,AMD Radeon RX 9070 XT,64,0,0,0
muse.o_proj   g16,2048,6656,16,bfloat16,2048,112x128,2559.970,2,21,AMD Radeon RX 9070 XT,64,0,0,0
muse.o_proj   g16,2048,6656,16,bfloat16,2048,256x128,2686.361,2,21,AMD Radeon RX 9070 XT,64,0,0,0
muse.o_proj   g16,2048,6656,16,bfloat16,2048,32x64,2726.948,2,21,AMD Radeon RX 9070 XT,64,0,0,0
muse.o_proj   g16,2048,6656,16,bfloat16,2048,64x32,2799.388,2,21,AMD Radeon RX 9070 XT,64,0,0,0
muse.o_proj   g16,2048,6656,16,bfloat16,2048,80x128,2802.726,2,21,AMD Radeon RX 9070 XT,64,0,0,0
muse.o_proj   g16,2048,6656,16,bfloat16,2048,32x32,2908.381,2,21,AMD Radeon RX 9070 XT,64,0,0,0
muse.o_proj   g16,2048,6656,16,bfloat16,2048,32x128,2973.179,2,21,AMD Radeon RX 9070 XT,64,0,0,0
muse.o_proj   g16,2048,6656,16,bfloat16,2048,32x64x4,3697.646,2,21,AMD Radeon RX 9070 XT,64,0,0,0
muse.o_proj   g16,2048,6656,16,bfloat16,2048,16x64,4384.446,2,21,AMD Radeon RX 9070 XT,64,0,0,0
muse.o_proj   g16,2048,6656,16,bfloat16,2048,16x128,4591.898,2,21,AMD Radeon RX 9070 XT,64,0,0,0
muse.o_proj   g16,2048,6656,16,bfloat16,2048,256x256,5251.453,2,21,AMD Radeon RX 9070 XT,64,0,0,0
muse.o_proj   g16,2048,6656,16,bfloat16,2048,128x256,5690.418,2,21,AMD Radeon RX 9070 XT,64,0,0,0
muse.o_proj   g32,2048,6656,32,bfloat16,2048,256x128,820.992,2,23,AMD Radeon RX 9070 XT,64,0,0,0
muse.o_proj   g32,2048,6656,32,bfloat16,2048,192x128x2,887.714,2,23,AMD Radeon RX 9070 XT,64,0,0,0
muse.o_proj   g32,2048,6656,32,bfloat16,2048,512x128,889.070,2,23,AMD Radeon RX 9070 XT,64,0,0,0
muse.o_proj   g32,2048,6656,32,bfloat16,2048,128x128x2,892.246,2,23,AMD Radeon RX 9070 XT,64,0,0,0
muse.o_proj   g32,2048,6656,32,bfloat16,2048,256x64,981.751,2,23,AMD Radeon RX 9070 XT,64,0,0,0
muse.o_proj   g32,2048,6656,32,bfloat16,2048,128x128,983.196,2,23,AMD Radeon RX 9070 XT,64,0,0,0
muse.o_proj   g32,2048,6656,32,bfloat16,2048,128x64,997.933,2,23,AMD Radeon RX 9070 XT,64,0,0,0
muse.o_proj   g32,2048,6656,32,bfloat16,2048,384x128,1011.508,2,23,AMD Radeon RX 9070 XT,64,0,0,0
muse.o_proj   g32,2048,6656,32,bfloat16,2048,128x128x4,1076.745,2,23,AMD Radeon RX 9070 XT,64,0,0,0
muse.o_proj   g32,2048,6656,32,bfloat16,2048,128x64x2,1237.655,2,23,AMD Radeon RX 9070 XT,64,0,0,0
muse.o_proj   g32,2048,6656,32,bfloat16,2048,64x128x4,1247.057,2,23,AMD Radeon RX 9070 XT,64,0,0,0
muse.o_proj   g32,2048,6656,32,bfloat16,2048,96x128x2,1320.993,2,23,AMD Radeon RX 9070 XT,64,0,0,0
muse.o_proj   g32,2048,6656,32,bfloat16,2048,64x128x2,1352.950,2,23,AMD Radeon RX 9070 XT,64,0,0,0
muse.o_proj   g32,2048,6656,32,bfloat16,2048,64x64x2,1408.039,2,23,AMD Radeon RX 9070 XT,64,0,0,0
muse.o_proj   g32,2048,6656,32,bfloat16,2048,256x128x2,1416.310,2,23,AMD Radeon RX 9070 XT,64,0,0,0
muse.o_proj   g32,2048,6656,32,bfloat16,2048,192x128,1438.414,2,23,AMD Radeon RX 9070 XT,64,0,0,0
muse.o_proj   g32,2048,6656,32,bfloat16,2048,64x64,1475.572,2,23,AMD Radeon RX 9070 XT,64,0,0,0
muse.o_proj   g32,2048,6656,32,bfloat16,2048,256x32,1476.832,2,23,AMD Radeon RX 9070 XT,64,0,0,0
muse.o_proj   g32,2048,6656,32,bfloat16,2048,128x32,1530.124,2,23,AMD Radeon RX 9070 XT,64,0,0,0
muse.o_proj   g32,2048,6656,32,bfloat16,2048,112x128,1533.163,2,23,AMD Radeon RX 9070 XT,64,0,0,0
muse.o_proj   g32,2048,6656,32,bfloat16,2048,64x128,1538.162,2,23,AMD Radeon RX 9070 XT,64,0,0,0
muse.o_proj   g32,2048,6656,32,bfloat16,2048,512x64,1577.886,2,23,AMD Radeon RX 9070 XT,64,0,0,0
muse.o_proj   g32,2048,6656,32,bfloat16,2048,64x32,1583.219,2,23,AMD Radeon RX 9070 XT,64,0,0,0
muse.o_proj   g32,2048,6656,32,bfloat16,2048,96x128,1605.588,2,23,AMD Radeon RX 9070 XT,64,0,0,0
muse.o_proj   g32,2048,6656,32,bfloat16,2048,256x192,1751.233,2,23,AMD Radeon RX 9070 XT,64,0,0,0
muse.o_proj   g32,2048,6656,32,bfloat16,2048,32x128x4,1792.644,2,23,AMD Radeon RX 9070 XT,64,0,0,0
muse.o_proj   g32,2048,6656,32,bfloat16,2048,32x64x4,1839.044,2,23,AMD Radeon RX 9070 XT,64,0,0,0
muse.o_proj   g32,2048,6656,32,bfloat16,2048,32x64x2,1888.460,2,23,AMD Radeon RX 9070 XT,64,0,0,0
muse.o_proj   g32,2048,6656,32,bfloat16,2048,80x128,1908.365,2,23,AMD Radeon RX 9070 XT,64,0,0,0
muse.o_proj   g32,2048,6656,32,bfloat16,2048,32x64,1980.023,2,23,AMD Radeon RX 9070 XT,64,0,0,0
muse.o_proj   g32,2048,6656,32,bfloat16,2048,32x32,2051.509,2,23,AMD Radeon RX 9070 XT,64,0,0,0
muse.o_proj   g32,2048,6656,32,bfloat16,2048,256x256,2152.826,2,23,AMD Radeon RX 9070 XT,64,0,0,0
muse.o_proj   g32,2048,6656,32,bfloat16,2048,32x128,2240.186,2,23,AMD Radeon RX 9070 XT,64,0,0,0
muse.o_proj   g32,2048,6656,32,bfloat16,2048,128x256,2396.354,2,23,AMD Radeon RX 9070 XT,64,0,0,0
muse.o_proj   g32,2048,6656,32,bfloat16,2048,16x64,3870.617,2,23,AMD Radeon RX 9070 XT,64,0,0,0
muse.o_proj   g32,2048,6656,32,bfloat16,2048,16x128,5465.856,2,23,AMD Radeon RX 9070 XT,64,0,0,0
muse.gate_up  g16,6656,19968,16,bfloat16,2048,512x128,13857.198,2,4,AMD Radeon RX 9070 XT,64,0,0,0
muse.gate_up  g16,6656,19968,16,bfloat16,2048,192x128x2,14122.269,2,4,AMD Radeon RX 9070 XT,64,0,0,0
muse.gate_up  g16,6656,19968,16,bfloat16,2048,128x128x2,14215.099,2,4,AMD Radeon RX 9070 XT,64,0,0,0
muse.gate_up  g16,6656,19968,16,bfloat16,2048,96x128x2,14416.370,2,4,AMD Radeon RX 9070 XT,64,0,0,0
muse.gate_up  g16,6656,19968,16,bfloat16,2048,64x128x2,15591.823,2,4,AMD Radeon RX 9070 XT,64,0,0,0
muse.gate_up  g16,6656,19968,16,bfloat16,2048,128x128,15725.173,2,4,AMD Radeon RX 9070 XT,64,0,0,0
muse.gate_up  g16,6656,19968,16,bfloat16,2048,256x64,15827.027,2,4,AMD Radeon RX 9070 XT,64,0,0,0
muse.gate_up  g16,6656,19968,16,bfloat16,2048,128x64,15885.100,2,4,AMD Radeon RX 9070 XT,64,0,0,0
muse.gate_up  g16,6656,19968,16,bfloat16,2048,192x128,16010.643,2,4,AMD Radeon RX 9070 XT,64,0,0,0
muse.gate_up  g16,6656,19968,16,bfloat16,2048,64x64,17706.030,2,4,AMD Radeon RX 9070 XT,64,0,0,0
muse.gate_up  g16,6656,19968,16,bfloat16,2048,384x128,17904.560,2,4,AMD Radeon RX 9070 XT,64,0,0,0
muse.gate_up  g16,6656,19968,16,bfloat16,2048,128x128x4,18229.099,2,4,AMD Radeon RX 9070 XT,64,0,0,0
muse.gate_up  g16,6656,19968,16,bfloat16,2048,64x128,18397.783,2,4,AMD Radeon RX 9070 XT,64,0,0,0
muse.gate_up  g16,6656,19968,16,bfloat16,2048,256x192,18528.118,2,4,AMD Radeon RX 9070 XT,64,0,0,0
muse.gate_up  g16,6656,19968,16,bfloat16,2048,128x64x2,18535.299,2,4,AMD Radeon RX 9070 XT,64,0,0,0
muse.gate_up  g16,6656,19968,16,bfloat16,2048,64x128x4,18792.549,2,4,AMD Radeon RX 9070 XT,64,0,0,0
muse.gate_up  g16,6656,19968,16,bfloat16,2048,64x64x2,19194.887,2,4,AMD Radeon RX 9070 XT,64,0,0,0
muse.gate_up  g16,6656,19968,16,bfloat16,2048,256x128x2,19887.650,2,4,AMD Radeon RX 9070 XT,64,0,0,0
muse.gate_up  g16,6656,19968,16,bfloat16,2048,96x128,21014.744,2,4,AMD Radeon RX 9070 XT,64,0,0,0
muse.gate_up  g16,6656,19968,16,bfloat16,2048,112x128,21492.912,2,4,AMD Radeon RX 9070 XT,64,0,0,0
muse.gate_up  g16,6656,19968,16,bfloat16,2048,32x128x4,21679.289,2,4,AMD Radeon RX 9070 XT,64,0,0,0
muse.gate_up  g16,6656,19968,16,bfloat16,2048,512x64,21796.198,2,4,AMD Radeon RX 9070 XT,64,0,0,0
muse.gate_up  g16,6656,19968,16,bfloat16,2048,256x32,21961.327,2,4,AMD Radeon RX 9070 XT,64,0,0,0
muse.gate_up  g16,6656,19968,16,bfloat16,2048,128x32,22214.680,2,4,AMD Radeon RX 9070 XT,64,0,0,0
muse.gate_up  g16,6656,19968,16,bfloat16,2048,256x128,23301.600,2,4,AMD Radeon RX 9070 XT,64,0,0,0
muse.gate_up  g16,6656,19968,16,bfloat16,2048,32x64x2,23328.188,2,4,AMD Radeon RX 9070 XT,64,0,0,0
muse.gate_up  g16,6656,19968,16,bfloat16,2048,80x128,23496.756,2,4,AMD Radeon RX 9070 XT,64,0,0,0
muse.gate_up  g16,6656,19968,16,bfloat16,2048,32x64,24499.201,2,4,AMD Radeon RX 9070 XT,64,0,0,0
muse.gate_up  g16,6656,19968,16,bfloat16,2048,32x128,25980.398,2,4,AMD Radeon RX 9070 XT,64,0,0,0
muse.gate_up  g16,6656,19968,16,bfloat16,2048,64x32,26554.916,2,4,AMD Radeon RX 9070 XT,64,0,0,0
muse.gate_up  g16,6656,19968,16,bfloat16,2048,32x32,28184.160,2,4,AMD Radeon RX 9070 XT,64,0,0,0
muse.gate_up  g16,6656,19968,16,bfloat16,2048,32x64x4,33239.532,2,4,AMD Radeon RX 9070 XT,64,0,0,0
muse.gate_up  g16,6656,19968,16,bfloat16,2048,16x64,40575.497,2,4,AMD Radeon RX 9070 XT,64,0,0,0
muse.gate_up  g16,6656,19968,16,bfloat16,2048,16x128,41494.320,2,4,AMD Radeon RX 9070 XT,64,0,0,0
muse.gate_up  g16,6656,19968,16,bfloat16,2048,256x256,46909.149,2,4,AMD Radeon RX 9070 XT,64,0,0,0
muse.gate_up  g16,6656,19968,16,bfloat16,2048,128x256,52012.959,2,4,AMD Radeon RX 9070 XT,64,0,0,0
muse.gate_up  g32,6656,19968,32,bfloat16,2048,256x128,7432.641,2,4,AMD Radeon RX 9070 XT,64,0,0,0
muse.gate_up  g32,6656,19968,32,bfloat16,2048,512x128,7926.753,2,4,AMD Radeon RX 9070 XT,64,0,0,0
muse.gate_up  g32,6656,19968,32,bfloat16,2048,192x128x2,8212.411,2,4,AMD Radeon RX 9070 XT,64,0,0,0
muse.gate_up  g32,6656,19968,32,bfloat16,2048,128x128x2,8263.716,2,4,AMD Radeon RX 9070 XT,64,0,0,0
muse.gate_up  g32,6656,19968,32,bfloat16,2048,128x128,9040.422,2,4,AMD Radeon RX 9070 XT,64,0,0,0
muse.gate_up  g32,6656,19968,32,bfloat16,2048,256x64,9110.973,2,4,AMD Radeon RX 9070 XT,64,0,0,0
muse.gate_up  g32,6656,19968,32,bfloat16,2048,128x64,9159.168,2,4,AMD Radeon RX 9070 XT,64,0,0,0
muse.gate_up  g32,6656,19968,32,bfloat16,2048,384x128,9697.641,2,4,AMD Radeon RX 9070 XT,64,0,0,0
muse.gate_up  g32,6656,19968,32,bfloat16,2048,128x128x4,10000.660,2,4,AMD Radeon RX 9070 XT,64,0,0,0
muse.gate_up  g32,6656,19968,32,bfloat16,2048,96x128x2,10343.989,2,4,AMD Radeon RX 9070 XT,64,0,0,0
muse.gate_up  g32,6656,19968,32,bfloat16,2048,128x64x2,10703.614,2,4,AMD Radeon RX 9070 XT,64,0,0,0
muse.gate_up  g32,6656,19968,32,bfloat16,2048,64x128x4,10824.755,2,4,AMD Radeon RX 9070 XT,64,0,0,0
muse.gate_up  g32,6656,19968,32,bfloat16,2048,64x128x2,10928.466,2,4,AMD Radeon RX 9070 XT,64,0,0,0
muse.gate_up  g32,6656,19968,32,bfloat16,2048,256x128x2,10982.644,2,4,AMD Radeon RX 9070 XT,64,0,0,0
muse.gate_up  g32,6656,19968,32,bfloat16,2048,192x128,11189.286,2,4,AMD Radeon RX 9070 XT,64,0,0,0
muse.gate_up  g32,6656,19968,32,bfloat16,2048,64x64x2,11515.664,2,4,AMD Radeon RX 9070 XT,64,0,0,0
muse.gate_up  g32,6656,19968,32,bfloat16,2048,64x64,12024.151,2,4,AMD Radeon RX 9070 XT,64,0,0,0
muse.gate_up  g32,6656,19968,32,bfloat16,2048,64x128,12132.862,2,4,AMD Radeon RX 9070 XT,64,0,0,0
muse.gate_up  g32,6656,19968,32,bfloat16,2048,112x128,12272.410,2,4,AMD Radeon RX 9070 XT,64,0,0,0
muse.gate_up  g32,6656,19968,32,bfloat16,2048,256x32,12369.802,2,4,AMD Radeon RX 9070 XT,64,0,0,0
muse.gate_up  g32,6656,19968,32,bfloat16,2048,96x128,12801.592,2,4,AMD Radeon RX 9070 XT,64,0,0,0
muse.gate_up  g32,6656,19968,32,bfloat16,2048,512x64,12857.033,2,4,AMD Radeon RX 9070 XT,64,0,0,0
muse.gate_up  g32,6656,19968,32,bfloat16,2048,128x32,13420.320,2,4,AMD Radeon RX 9070 XT,64,0,0,0
muse.gate_up  g32,6656,19968,32,bfloat16,2048,256x192,13566.114,2,4,AMD Radeon RX 9070 XT,64,0,0,0
muse.gate_up  g32,6656,19968,32,bfloat16,2048,64x32,14469.848,2,4,AMD Radeon RX 9070 XT,64,0,0,0
muse.gate_up  g32,6656,19968,32,bfloat16,2048,80x128,15171.178,2,4,AMD Radeon RX 9070 XT,64,0,0,0
muse.gate_up  g32,6656,19968,32,bfloat16,2048,32x128x4,15528.277,2,4,AMD Radeon RX 9070 XT,64,0,0,0
muse.gate_up  g32,6656,19968,32,bfloat16,2048,32x64x4,15648.898,2,4,AMD Radeon RX 9070 XT,64,0,0,0
muse.gate_up  g32,6656,19968,32,bfloat16,2048,32x64x2,16551.830,2,4,AMD Radeon RX 9070 XT,64,0,0,0
muse.gate_up  g32,6656,19968,32,bfloat16,2048,32x64,17237.503,2,4,AMD Radeon RX 9070 XT,64,0,0,0
muse.gate_up  g32,6656,19968,32,bfloat16,2048,256x256,18035.580,2,4,AMD Radeon RX 9070 XT,64,0,0,0
muse.gate_up  g32,6656,19968,32,bfloat16,2048,32x128,19115.185,2,4,AMD Radeon RX 9070 XT,64,0,0,0
muse.gate_up  g32,6656,19968,32,bfloat16,2048,32x32,19133.471,2,4,AMD Radeon RX 9070 XT,64,0,0,0
muse.gate_up  g32,6656,19968,32,bfloat16,2048,128x256,20347.494,2,4,AMD Radeon RX 9070 XT,64,0,0,0
muse.gate_up  g32,6656,19968,32,bfloat16,2048,16x64,34971.115,2,4,AMD Radeon RX 9070 XT,64,0,0,0
muse.gate_up  g32,6656,19968,32,bfloat16,2048,16x128,50377.502,2,4,AMD Radeon RX 9070 XT,64,0,0,0
muse.down     g16,9984,6656,16,bfloat16,2048,512x128,7337.322,2,6,AMD Radeon RX 9070 XT,64,0,0,0
muse.down     g16,9984,6656,16,bfloat16,2048,128x128x2,7388.932,2,6,AMD Radeon RX 9070 XT,64,0,0,0
muse.down     g16,9984,6656,16,bfloat16,2048,192x128x2,7388.932,2,6,AMD Radeon RX 9070 XT,64,0,0,0
muse.down     g16,9984,6656,16,bfloat16,2048,96x128x2,7559.591,2,6,AMD Radeon RX 9070 XT,64,0,0,0
muse.down     g16,9984,6656,16,bfloat16,2048,64x128x2,8112.892,2,6,AMD Radeon RX 9070 XT,64,0,0,0
muse.down     g16,9984,6656,16,bfloat16,2048,128x128,8157.549,2,6,AMD Radeon RX 9070 XT,64,0,0,0
muse.down     g16,9984,6656,16,bfloat16,2048,256x64,8238.228,2,6,AMD Radeon RX 9070 XT,64,0,0,0
muse.down     g16,9984,6656,16,bfloat16,2048,128x64,8290.487,2,6,AMD Radeon RX 9070 XT,64,0,0,0
muse.down     g16,9984,6656,16,bfloat16,2048,192x128,8337.452,2,6,AMD Radeon RX 9070 XT,64,0,0,0
muse.down     g16,9984,6656,16,bfloat16,2048,64x64,9265.394,2,6,AMD Radeon RX 9070 XT,64,0,0,0
muse.down     g16,9984,6656,16,bfloat16,2048,384x128,9297.512,2,6,AMD Radeon RX 9070 XT,64,0,0,0
muse.down     g16,9984,6656,16,bfloat16,2048,128x128x4,9357.702,2,6,AMD Radeon RX 9070 XT,64,0,0,0
muse.down     g16,9984,6656,16,bfloat16,2048,128x64x2,9376.005,2,6,AMD Radeon RX 9070 XT,64,0,0,0
muse.down     g16,9984,6656,16,bfloat16,2048,64x128,9609.951,2,6,AMD Radeon RX 9070 XT,64,0,0,0
muse.down     g16,9984,6656,16,bfloat16,2048,64x128x4,9642.289,2,6,AMD Radeon RX 9070 XT,64,0,0,0
muse.down     g16,9984,6656,16,bfloat16,2048,64x64x2,9856.528,2,6,AMD Radeon RX 9070 XT,64,0,0,0
muse.down     g16,9984,6656,16,bfloat16,2048,256x192,9879.447,2,6,AMD Radeon RX 9070 XT,64,0,0,0
muse.down     g16,9984,6656,16,bfloat16,2048,256x128x2,10189.882,2,6,AMD Radeon RX 9070 XT,64,0,0,0
muse.down     g16,9984,6656,16,bfloat16,2048,512x64,11045.270,2,6,AMD Radeon RX 9070 XT,64,0,0,0
muse.down     g16,9984,6656,16,bfloat16,2048,32x128x4,11140.172,2,6,AMD Radeon RX 9070 XT,64,0,0,0
muse.down     g16,9984,6656,16,bfloat16,2048,256x32,11244.259,2,6,AMD Radeon RX 9070 XT,64,0,0,0
muse.down     g16,9984,6656,16,bfloat16,2048,96x128,11268.428,2,6,AMD Radeon RX 9070 XT,64,0,0,0
muse.down     g16,9984,6656,16,bfloat16,2048,112x128,11278.708,2,6,AMD Radeon RX 9070 XT,64,0,0,0
muse.down     g16,9984,6656,16,bfloat16,2048,128x32,11509.186,2,6,AMD Radeon RX 9070 XT,64,0,0,0
muse.down     g16,9984,6656,16,bfloat16,2048,256x128,11802.106,2,6,AMD Radeon RX 9070 XT,64,0,0,0
muse.down     g16,9984,6656,16,bfloat16,2048,32x64x2,12095.005,2,6,AMD Radeon RX 9070 XT,64,0,0,0
muse.down     g16,9984,6656,16,bfloat16,2048,80x128,12496.508,2,6,AMD Radeon RX 9070 XT,64,0,0,0
muse.down     g16,9984,6656,16,bfloat16,2048,32x64,12662.225,2,6,AMD Radeon RX 9070 XT,64,0,0,0
muse.down     g16,9984,6656,16,bfloat16,2048,32x128,13528.077,2,6,AMD Radeon RX 9070 XT,64,0,0,0
muse.down     g16,9984,6656,16,bfloat16,2048,64x32,14810.048,2,6,AMD Radeon RX 9070 XT,64,0,0,0
muse.down     g16,9984,6656,16,bfloat16,2048,32x32,15447.610,2,6,AMD Radeon RX 9070 XT,64,0,0,0
muse.down     g16,9984,6656,16,bfloat16,2048,32x64x4,16855.469,2,6,AMD Radeon RX 9070 XT,64,0,0,0
muse.down     g16,9984,6656,16,bfloat16,2048,16x64,20993.439,2,6,AMD Radeon RX 9070 XT,64,0,0,0
muse.down     g16,9984,6656,16,bfloat16,2048,16x128,21617.190,2,6,AMD Radeon RX 9070 XT,64,0,0,0
muse.down     g16,9984,6656,16,bfloat16,2048,256x256,24038.633,2,6,AMD Radeon RX 9070 XT,64,0,0,0
muse.down     g16,9984,6656,16,bfloat16,2048,128x256,26290.545,2,6,AMD Radeon RX 9070 XT,64,0,0,0
muse.down     g32,9984,6656,32,bfloat16,2048,256x128,3903.718,2,6,AMD Radeon RX 9070 XT,64,0,0,0
muse.down     g32,9984,6656,32,bfloat16,2048,512x128,4241.756,2,6,AMD Radeon RX 9070 XT,64,0,0,0
muse.down     g32,9984,6656,32,bfloat16,2048,192x128x2,4287.943,2,6,AMD Radeon RX 9070 XT,64,0,0,0
muse.down     g32,9984,6656,32,bfloat16,2048,128x128x2,4299.890,2,6,AMD Radeon RX 9070 XT,64,0,0,0
muse.down     g32,9984,6656,32,bfloat16,2048,256x64,4734.320,2,6,AMD Radeon RX 9070 XT,64,0,0,0
muse.down     g32,9984,6656,32,bfloat16,2048,128x128,4747.490,2,6,AMD Radeon RX 9070 XT,64,0,0,0
muse.down     g32,9984,6656,32,bfloat16,2048,128x64,4801.717,2,6,AMD Radeon RX 9070 XT,64,0,0,0
muse.down     g32,9984,6656,32,bfloat16,2048,384x128,4962.876,2,6,AMD Radeon RX 9070 XT,64,0,0,0
muse.down     g32,9984,6656,32,bfloat16,2048,128x128x4,5152.185,2,6,AMD Radeon RX 9070 XT,64,0,0,0
muse.down     g32,9984,6656,32,bfloat16,2048,96x128x2,5444.480,2,6,AMD Radeon RX 9070 XT,64,0,0,0
muse.down     g32,9984,6656,32,bfloat16,2048,128x64x2,5538.698,2,6,AMD Radeon RX 9070 XT,64,0,0,0
muse.down     g32,9984,6656,32,bfloat16,2048,64x128x4,5570.151,2,6,AMD Radeon RX 9070 XT,64,0,0,0
muse.down     g32,9984,6656,32,bfloat16,2048,256x128x2,5602.226,2,6,AMD Radeon RX 9070 XT,64,0,0,0
muse.down     g32,9984,6656,32,bfloat16,2048,64x128x2,5667.524,2,6,AMD Radeon RX 9070 XT,64,0,0,0
muse.down     g32,9984,6656,32,bfloat16,2048,192x128,5773.667,2,6,AMD Radeon RX 9070 XT,64,0,0,0
muse.down     g32,9984,6656,32,bfloat16,2048,64x64x2,6039.977,2,6,AMD Radeon RX 9070 XT,64,0,0,0
muse.down     g32,9984,6656,32,bfloat16,2048,64x64,6290.295,2,6,AMD Radeon RX 9070 XT,64,0,0,0
muse.down     g32,9984,6656,32,bfloat16,2048,256x32,6340.289,2,6,AMD Radeon RX 9070 XT,64,0,0,0
muse.down     g32,9984,6656,32,bfloat16,2048,64x128,6399.863,2,6,AMD Radeon RX 9070 XT,64,0,0,0
muse.down     g32,9984,6656,32,bfloat16,2048,512x64,6441.343,2,6,AMD Radeon RX 9070 XT,64,0,0,0
muse.down     g32,9984,6656,32,bfloat16,2048,112x128,6448.630,2,6,AMD Radeon RX 9070 XT,64,0,0,0
muse.down     g32,9984,6656,32,bfloat16,2048,96x128,6692.003,2,6,AMD Radeon RX 9070 XT,64,0,0,0
muse.down     g32,9984,6656,32,bfloat16,2048,256x192,7218.545,2,6,AMD Radeon RX 9070 XT,64,0,0,0
muse.down     g32,9984,6656,32,bfloat16,2048,128x32,7267.852,2,6,AMD Radeon RX 9070 XT,64,0,0,0
muse.down     g32,9984,6656,32,bfloat16,2048,64x32,7495.958,2,6,AMD Radeon RX 9070 XT,64,0,0,0
muse.down     g32,9984,6656,32,bfloat16,2048,32x64x4,7961.415,2,6,AMD Radeon RX 9070 XT,64,0,0,0
muse.down     g32,9984,6656,32,bfloat16,2048,32x128x4,7978.581,2,6,AMD Radeon RX 9070 XT,64,0,0,0
muse.down     g32,9984,6656,32,bfloat16,2048,80x128,8078.163,2,6,AMD Radeon RX 9070 XT,64,0,0,0
muse.down     g32,9984,6656,32,bfloat16,2048,32x64x2,8599.146,2,6,AMD Radeon RX 9070 XT,64,0,0,0
muse.down     g32,9984,6656,32,bfloat16,2048,32x64,9016.392,2,6,AMD Radeon RX 9070 XT,64,0,0,0
muse.down     g32,9984,6656,32,bfloat16,2048,256x256,9419.462,2,6,AMD Radeon RX 9070 XT,64,0,0,0
muse.down     g32,9984,6656,32,bfloat16,2048,32x32,10075.857,2,6,AMD Radeon RX 9070 XT,64,0,0,0
muse.down     g32,9984,6656,32,bfloat16,2048,32x128,10129.653,2,6,AMD Radeon RX 9070 XT,64,0,0,0
muse.down     g32,9984,6656,32,bfloat16,2048,128x256,10561.694,2,6,AMD Radeon RX 9070 XT,64,0,0,0
muse.down     g32,9984,6656,32,bfloat16,2048,16x64,18165.539,2,6,AMD Radeon RX 9070 XT,64,0,0,0
muse.down     g32,9984,6656,32,bfloat16,2048,16x128,26003.100,2,6,AMD Radeon RX 9070 XT,64,0,0,0
