# swiz=0 vs swiz=1, dense W4A8 tiled core, tile 256x128, card 0 (RX 9070 XT) boost clocks.
# 2026-08-12, kernels 4fb8678. best-of-2 interleaved per cell, torch-free harness
# (fp8_wmma/local/efficiency/w4a8_counters.hip, W4A8_SWIZ env).
# VERDICT: do not ship a rule. 29/48 ties; oracle over the two is 1.0110 geomean; the best
# traffic-ratio threshold gets 1.0031 with a 0.903 worst cell. Mechanism is the SCALE LINE
# (group size), not bulk traffic — same A:W ratio, opposite winner at g=16 vs g=128.
shape,K,N,group_size,M,tflops_swiz1,tflops_swiz0
g4.q_proj,2816,2048,32,64,6.9,6.9
g4.q_proj,2816,2048,32,256,21.5,21.5
g4.q_proj,2816,2048,32,1024,71.3,69.9
g4.q_proj,2816,2048,32,2048,73.9,72.7
g4.gate_up,2816,4224,32,64,8.1,10.8
g4.gate_up,2816,4224,32,256,37.7,37.7
g4.gate_up,2816,4224,32,1024,59.2,58.1
g4.gate_up,2816,4224,32,2048,72.3,72.8
q27.down,8704,5120,32,64,13.9,13.9
q27.down,8704,5120,32,256,48.3,48.1
q27.down,8704,5120,32,1024,69.8,68.3
q27.down,8704,5120,32,2048,80.0,79.8
lag.gate_up,2048,16384,32,64,20.8,20.8
lag.gate_up,2048,16384,32,256,71.3,71.5
lag.gate_up,2048,16384,32,1024,87.2,86.6
lag.gate_up,2048,16384,32,2048,74.0,76.1
q27.gate_up,5120,17408,32,64,18.8,18.9
q27.gate_up,5120,17408,32,256,64.9,64.4
q27.gate_up,5120,17408,32,1024,79.4,79.1
q27.gate_up,5120,17408,32,2048,82.4,84.6
lm_head,2816,131072,32,64,22.8,22.9
lm_head,2816,131072,32,256,78.7,78.5
lm_head,2816,131072,32,1024,87.1,84.7
lm_head,2816,131072,32,2048,85.8,85.9
muse.qkv,6656,2304,16,64,7.2,7.2
muse.qkv,6656,2304,16,256,23.0,23.1
muse.qkv,6656,2304,16,1024,46.2,46.9
muse.qkv,6656,2304,16,2048,65.1,65.7
muse.o_proj,2048,6656,16,64,14.0,14.1
muse.o_proj,2048,6656,16,256,49.6,49.5
muse.o_proj,2048,6656,16,1024,61.9,60.7
muse.o_proj,2048,6656,16,2048,76.5,75.2
muse.gate_up,6656,19968,16,64,20.0,20.3
muse.gate_up,6656,19968,16,256,67.8,68.0
muse.gate_up,6656,19968,16,1024,70.0,70.5
muse.gate_up,6656,19968,16,2048,73.6,75.5
muse.down,9984,6656,16,64,15.3,15.4
muse.down,9984,6656,16,256,55.3,54.2
muse.down,9984,6656,16,1024,62.8,62.2
muse.down,9984,6656,16,2048,69.1,72.3
glm.gate_up,2048,10240,128,64,17.1,17.0
glm.gate_up,2048,10240,128,256,52.9,52.6
glm.gate_up,2048,10240,128,1024,85.9,81.7
glm.gate_up,2048,10240,128,2048,96.4,93.0
g128.down,8704,5120,128,64,15.6,15.7
g128.down,8704,5120,128,256,56.5,56.4
g128.down,8704,5120,128,1024,70.0,71.2
g128.down,8704,5120,128,2048,97.0,87.6
