name,K,N,g,dtype,M,cand,us,reps,R
glm.q_proj   tp2,2048,2048,128,bfloat16,1,128x64x2,36.855,6,78
glm.q_proj   tp2,2048,2048,128,bfloat16,1,32x64x4,37.684,6,78
glm.q_proj   tp2,2048,2048,128,bfloat16,1,128x32,39.823,6,78
glm.q_proj   tp2,2048,2048,128,bfloat16,1,128x128x4,40.097,6,78
glm.q_proj   tp2,2048,2048,128,bfloat16,1,256x32,40.507,6,78
glm.q_proj   tp2,2048,2048,128,bfloat16,1,64x64x2,41.906,5,78
glm.q_proj   tp2,2048,2048,128,bfloat16,1,64x128x4,42.082,5,78
glm.q_proj   tp2,2048,2048,128,bfloat16,1,256x64,44.769,5,78
glm.q_proj   tp2,2048,2048,128,bfloat16,1,128x128x2,47.505,5,78
glm.q_proj   tp2,2048,2048,128,bfloat16,1,64x32,47.946,5,78
glm.q_proj   tp2,2048,2048,128,bfloat16,1,128x64,48.191,5,78
glm.q_proj   tp2,2048,2048,128,bfloat16,1,256x128x2,49.335,5,78
glm.q_proj   tp2,2048,2048,128,bfloat16,1,192x128x2,50.755,4,78
glm.q_proj   tp2,2048,2048,128,bfloat16,1,96x128x2,55.593,4,78
glm.q_proj   tp2,2048,2048,128,bfloat16,1,256x128,58.984,4,78
glm.q_proj   tp2,2048,2048,128,bfloat16,1,32x128x4,59.955,4,78
glm.q_proj   tp2,2048,2048,128,bfloat16,1,32x64x2,60.340,4,78
glm.q_proj   tp2,2048,2048,128,bfloat16,1,64x128x2,63.563,4,78
glm.q_proj   tp2,2048,2048,128,bfloat16,1,32x32,64.547,3,78
glm.q_proj   tp2,2048,2048,128,bfloat16,1,192x128,64.846,3,78
glm.q_proj   tp2,2048,2048,128,bfloat16,1,64x64,67.252,3,78
glm.q_proj   tp2,2048,2048,128,bfloat16,1,128x128,70.832,3,78
glm.q_proj   tp2,2048,2048,128,bfloat16,1,256x192,80.062,3,78
glm.q_proj   tp2,2048,2048,128,bfloat16,1,112x128,80.125,3,78
glm.q_proj   tp2,2048,2048,128,bfloat16,1,96x128,85.595,3,78
glm.q_proj   tp2,2048,2048,128,bfloat16,1,80x128,93.423,2,78
glm.q_proj   tp2,2048,2048,128,bfloat16,1,32x64,104.491,2,78
glm.q_proj   tp2,2048,2048,128,bfloat16,1,64x128,106.733,2,78
glm.q_proj   tp2,2048,2048,128,bfloat16,1,32x128,285.903,2,78
glm.q_proj   tp2,2048,2048,128,bfloat16,1,16x64,291.129,2,78
glm.q_proj   tp2,2048,2048,128,bfloat16,1,128x256,304.065,2,78
glm.q_proj   tp2,2048,2048,128,bfloat16,1,16x128,840.157,2,78
glm.q_proj   tp2,2048,2048,128,bfloat16,64,128x64x2,42.607,5,78
glm.q_proj   tp2,2048,2048,128,bfloat16,64,32x64x4,42.630,5,78
glm.q_proj   tp2,2048,2048,128,bfloat16,64,128x128x4,43.255,5,78
glm.q_proj   tp2,2048,2048,128,bfloat16,64,256x32,44.911,5,78
glm.q_proj   tp2,2048,2048,128,bfloat16,64,64x128x4,49.492,5,78
glm.q_proj   tp2,2048,2048,128,bfloat16,64,256x64,51.284,4,78
glm.q_proj   tp2,2048,2048,128,bfloat16,64,256x128x2,52.999,4,78
glm.q_proj   tp2,2048,2048,128,bfloat16,64,128x128x2,53.540,4,78
glm.q_proj   tp2,2048,2048,128,bfloat16,64,128x32,53.568,4,78
glm.q_proj   tp2,2048,2048,128,bfloat16,64,64x64x2,54.787,4,78
glm.q_proj   tp2,2048,2048,128,bfloat16,64,192x128x2,55.331,4,78
glm.q_proj   tp2,2048,2048,128,bfloat16,64,128x64,61.716,4,78
glm.q_proj   tp2,2048,2048,128,bfloat16,64,96x128x2,63.817,3,78
glm.q_proj   tp2,2048,2048,128,bfloat16,64,32x128x4,64.225,3,78
glm.q_proj   tp2,2048,2048,128,bfloat16,64,256x128,66.465,3,78
glm.q_proj   tp2,2048,2048,128,bfloat16,64,64x32,71.645,3,78
glm.q_proj   tp2,2048,2048,128,bfloat16,64,32x64x2,71.687,3,78
glm.q_proj   tp2,2048,2048,128,bfloat16,64,192x128,74.425,3,78
glm.q_proj   tp2,2048,2048,128,bfloat16,64,64x128x2,74.466,3,78
glm.q_proj   tp2,2048,2048,128,bfloat16,64,128x128,83.078,3,78
glm.q_proj   tp2,2048,2048,128,bfloat16,64,256x192,87.212,2,78
glm.q_proj   tp2,2048,2048,128,bfloat16,64,32x32,88.324,2,78
glm.q_proj   tp2,2048,2048,128,bfloat16,64,64x64,90.715,2,78
glm.q_proj   tp2,2048,2048,128,bfloat16,64,112x128,94.213,2,78
glm.q_proj   tp2,2048,2048,128,bfloat16,64,96x128,101.415,2,78
glm.q_proj   tp2,2048,2048,128,bfloat16,64,80x128,113.480,2,78
glm.q_proj   tp2,2048,2048,128,bfloat16,64,32x64,126.342,2,78
glm.q_proj   tp2,2048,2048,128,bfloat16,64,64x128,130.925,2,78
glm.q_proj   tp2,2048,2048,128,bfloat16,64,32x128,301.212,2,78
glm.q_proj   tp2,2048,2048,128,bfloat16,64,16x64,302.221,2,78
glm.q_proj   tp2,2048,2048,128,bfloat16,64,128x256,332.869,2,78
glm.q_proj   tp2,2048,2048,128,bfloat16,64,16x128,792.448,2,78
