name,K,N,g,M,pick,us,oracle
g128 N=17408,5120,17408,128,1,64x32,255.807,181.244
g128 N=17408,5120,17408,128,8,64x32,262.880,181.753
g128 N=17408,5120,17408,128,17,64x32,276.051,189.534
g128 N=17408,5120,17408,128,24,64x32,284.607,194.218
g128 N=17408,5120,17408,128,32,64x32,297.815,201.826
g128 N=17408,5120,17408,128,48,64x32,322.591,242.531
g128 N=17408,5120,17408,128,63,64x32,345.522,249.312
g128 N=17408,5120,17408,128,64,64x32,346.862,249.222
g128 N=17408,5120,17408,128,96,128x96,,320.060
g128 N=17408,5120,17408,128,128,128x96,,331.029
g128 N=17408,5120,17408,128,192,256x96,,451.965
g128 N=17408,5120,17408,128,256,256x96,,588.833
g128 N=17408,5120,17408,128,512,256x128,1339.093,1152.139
g128 N=17408,5120,17408,128,1024,256x128,2196.427,2196.427
g128 N=17408,5120,17408,128,2048,256x128,4181.470,4151.342
g128 N=4096,2048,4096,128,1,64x16,,41.373
g128 N=4096,2048,4096,128,8,64x16,,41.940
g128 N=4096,2048,4096,128,17,64x16,,43.700
g128 N=4096,2048,4096,128,24,64x16,,44.242
g128 N=4096,2048,4096,128,32,64x16,,44.276
g128 N=4096,2048,4096,128,48,64x16,,44.901
g128 N=4096,2048,4096,128,63,64x16,,50.016
g128 N=4096,2048,4096,128,64,64x16,,49.954
g128 N=4096,2048,4096,128,96,128x32,67.488,52.930
g128 N=4096,2048,4096,128,128,128x32,74.694,54.982
g128 N=4096,2048,4096,128,192,256x64,75.032,67.125
g128 N=4096,2048,4096,128,256,256x64,91.958,80.511
g128 N=4096,2048,4096,128,512,256x128,123.004,123.004
g128 N=4096,2048,4096,128,1024,256x128,223.386,223.386
g128 N=4096,2048,4096,128,2048,256x128,417.501,413.592
g128 lm_head,2816,131072,128,1,64x32,903.589,472.009
g128 lm_head,2816,131072,128,8,64x32,944.499,486.336
g128 lm_head,2816,131072,128,17,64x32,1001.741,511.670
g128 lm_head,2816,131072,128,24,64x32,1055.086,521.930
g128 lm_head,2816,131072,128,32,64x32,1228.462,539.061
g128 lm_head,2816,131072,128,48,64x32,1363.825,707.238
g128 lm_head,2816,131072,128,63,64x32,1512.510,731.704
g128 lm_head,2816,131072,128,64,64x32,1497.367,726.946
g128 lm_head,2816,131072,128,96,128x96,,905.267
g128 lm_head,2816,131072,128,128,128x96,,1169.503
g128 lm_head,2816,131072,128,192,256x128,2037.008,1587.509
g128 lm_head,2816,131072,128,256,256x128,2278.682,2278.682
g128 lm_head,2816,131072,128,512,256x128,4093.677,4093.677
g128 lm_head,2816,131072,128,1024,256x128,7979.631,7979.631
g128 lm_head,2816,131072,128,2048,256x128,16087.465,16087.465
g4.gate_up   tp1,2816,4224,32,1,64x32,74.609,58.178
g4.gate_up   tp1,2816,4224,32,8,64x32,73.268,58.290
g4.gate_up   tp1,2816,4224,32,17,64x32,79.780,58.352
g4.gate_up   tp1,2816,4224,32,24,64x32,79.915,58.475
g4.gate_up   tp1,2816,4224,32,32,64x32,80.121,58.670
g4.gate_up   tp1,2816,4224,32,48,64x32,86.375,62.968
g4.gate_up   tp1,2816,4224,32,63,64x32,93.150,63.886
g4.gate_up   tp1,2816,4224,32,64,64x32,93.352,63.879
g4.gate_up   tp1,2816,4224,32,96,96x32,,74.461
g4.gate_up   tp1,2816,4224,32,128,192x96,,90.457
g4.gate_up   tp1,2816,4224,32,192,192x96,,112.606
g4.gate_up   tp1,2816,4224,32,256,256x128,143.254,130.681
g4.gate_up   tp1,2816,4224,32,512,128x64,240.100,216.700
g4.gate_up   tp1,2816,4224,32,1024,256x128,399.840,385.245
g4.gate_up   tp1,2816,4224,32,2048,256x128,696.740,696.740
g4.o_proj    tp2,2048,2816,32,1,32x16,,47.087
g4.o_proj    tp2,2048,2816,32,8,32x16,,46.504
g4.o_proj    tp2,2048,2816,32,17,32x16,,46.627
g4.o_proj    tp2,2048,2816,32,24,32x16,,46.504
g4.o_proj    tp2,2048,2816,32,32,32x16,,46.694
g4.o_proj    tp2,2048,2816,32,48,64x32,66.990,47.680
g4.o_proj    tp2,2048,2816,32,63,64x32,71.808,47.897
g4.o_proj    tp2,2048,2816,32,64,64x32,71.877,47.918
g4.o_proj    tp2,2048,2816,32,96,128x64,72.715,50.823
g4.o_proj    tp2,2048,2816,32,128,128x64,79.856,55.748
g4.o_proj    tp2,2048,2816,32,192,192x64,,73.626
g4.o_proj    tp2,2048,2816,32,256,192x96,,87.145
g4.o_proj    tp2,2048,2816,32,512,256x128,120.642,109.737
g4.o_proj    tp2,2048,2816,32,1024,256x128,214.437,214.437
g4.o_proj    tp2,2048,2816,32,2048,256x128,349.684,349.684
g4.q_proj    tp2,2816,2048,32,1,32x16,,57.849
g4.q_proj    tp2,2816,2048,32,8,32x16,,56.490
g4.q_proj    tp2,2816,2048,32,17,32x16,,56.430
g4.q_proj    tp2,2816,2048,32,24,32x16,,56.628
g4.q_proj    tp2,2816,2048,32,32,32x16,,56.844
g4.q_proj    tp2,2816,2048,32,48,64x32,84.081,56.920
g4.q_proj    tp2,2816,2048,32,63,64x32,90.913,57.315
g4.q_proj    tp2,2816,2048,32,64,64x32,90.843,57.462
g4.q_proj    tp2,2816,2048,32,96,96x32,,58.412
g4.q_proj    tp2,2816,2048,32,128,64x32,91.827,60.380
g4.q_proj    tp2,2816,2048,32,192,128x64,99.660,72.028
g4.q_proj    tp2,2816,2048,32,256,128x64,110.700,85.070
g4.q_proj    tp2,2816,2048,32,512,128x64,133.591,114.855
g4.q_proj    tp2,2816,2048,32,1024,256x128,174.604,172.245
g4.q_proj    tp2,2816,2048,32,2048,256x128,335.513,335.513
glm.down     tp2,8704,5120,128,1,64x16,,143.805
glm.down     tp2,8704,5120,128,8,64x16,,143.649
glm.down     tp2,8704,5120,128,17,64x16,,148.191
glm.down     tp2,8704,5120,128,24,64x16,,152.589
glm.down     tp2,8704,5120,128,32,64x16,,161.246
glm.down     tp2,8704,5120,128,48,64x16,,178.937
glm.down     tp2,8704,5120,128,63,64x16,,188.772
glm.down     tp2,8704,5120,128,64,64x16,,188.759
glm.down     tp2,8704,5120,128,96,128x16,,222.922
glm.down     tp2,8704,5120,128,128,128x16,,237.109
glm.down     tp2,8704,5120,128,192,256x96,,290.921
glm.down     tp2,8704,5120,128,256,256x96,,340.523
glm.down     tp2,8704,5120,128,512,256x96,,575.855
glm.down     tp2,8704,5120,128,1024,384x64,,1221.088
glm.down     tp2,8704,5120,128,2048,256x128,2288.418,2232.665
glm.gate_up  tp2,2048,10240,128,1,64x32,92.650,58.522
glm.gate_up  tp2,2048,10240,128,8,64x32,97.131,59.458
glm.gate_up  tp2,2048,10240,128,17,64x32,103.415,61.488
glm.gate_up  tp2,2048,10240,128,24,64x32,110.341,63.593
glm.gate_up  tp2,2048,10240,128,32,64x32,118.736,65.814
glm.gate_up  tp2,2048,10240,128,48,64x32,134.526,76.516
glm.gate_up  tp2,2048,10240,128,63,64x32,147.004,78.630
glm.gate_up  tp2,2048,10240,128,64,64x32,147.574,78.965
glm.gate_up  tp2,2048,10240,128,96,96x32,,93.213
glm.gate_up  tp2,2048,10240,128,128,128x96,,99.428
glm.gate_up  tp2,2048,10240,128,192,192x32,,134.569
glm.gate_up  tp2,2048,10240,128,256,256x96,,156.678
glm.gate_up  tp2,2048,10240,128,512,256x128,291.072,276.512
glm.gate_up  tp2,2048,10240,128,1024,256x128,491.838,491.838
glm.gate_up  tp2,2048,10240,128,2048,256x128,972.112,972.112
glm.o_proj   tp2,2048,2816,128,1,128x16,,39.900
glm.o_proj   tp2,2048,2816,128,8,128x16,,40.321
glm.o_proj   tp2,2048,2816,128,17,128x16,,42.194
glm.o_proj   tp2,2048,2816,128,24,128x16,,43.066
glm.o_proj   tp2,2048,2816,128,32,128x16,,43.355
glm.o_proj   tp2,2048,2816,128,48,128x16,,42.825
glm.o_proj   tp2,2048,2816,128,63,128x16,,45.578
glm.o_proj   tp2,2048,2816,128,64,128x16,,45.315
glm.o_proj   tp2,2048,2816,128,96,128x16,,47.838
glm.o_proj   tp2,2048,2816,128,128,128x16,,49.421
glm.o_proj   tp2,2048,2816,128,192,256x64,71.190,62.238
glm.o_proj   tp2,2048,2816,128,256,256x64,84.041,73.436
glm.o_proj   tp2,2048,2816,128,512,256x96,,99.501
glm.o_proj   tp2,2048,2816,128,1024,256x96,,177.693
glm.o_proj   tp2,2048,2816,128,2048,256x128,306.130,303.109
glm.q_proj   tp2,2048,2048,128,1,128x16,,36.519
glm.q_proj   tp2,2048,2048,128,8,128x16,,37.377
glm.q_proj   tp2,2048,2048,128,17,128x16,,38.770
glm.q_proj   tp2,2048,2048,128,24,128x16,,39.108
glm.q_proj   tp2,2048,2048,128,32,128x16,,39.444
glm.q_proj   tp2,2048,2048,128,48,128x16,,40.052
glm.q_proj   tp2,2048,2048,128,63,128x16,,42.678
glm.q_proj   tp2,2048,2048,128,64,128x16,,42.667
glm.q_proj   tp2,2048,2048,128,96,128x16,,43.161
glm.q_proj   tp2,2048,2048,128,128,128x16,,44.047
glm.q_proj   tp2,2048,2048,128,192,256x32,60.015,47.348
glm.q_proj   tp2,2048,2048,128,256,256x32,76.118,59.226
glm.q_proj   tp2,2048,2048,128,512,256x64,88.891,78.794
glm.q_proj   tp2,2048,2048,128,1024,256x128,124.894,124.894
glm.q_proj   tp2,2048,2048,128,2048,256x128,235.349,235.349
grid N=11264,2816,11264,32,1,128x64,124.491,72.460
grid N=11264,2816,11264,32,8,128x64,128.843,73.534
grid N=11264,2816,11264,32,17,128x64,131.140,75.599
grid N=11264,2816,11264,32,24,128x64,132.278,76.502
grid N=11264,2816,11264,32,32,128x64,133.453,77.972
grid N=11264,2816,11264,32,48,128x64,138.630,101.408
grid N=11264,2816,11264,32,63,128x64,140.802,104.017
grid N=11264,2816,11264,32,64,128x64,140.781,104.214
grid N=11264,2816,11264,32,96,128x64,149.675,136.535
grid N=11264,2816,11264,32,128,128x64,158.049,139.488
grid N=11264,2816,11264,32,192,192x64,,202.724
grid N=11264,2816,11264,32,256,256x128,279.527,260.302
grid N=11264,2816,11264,32,512,256x128,452.634,452.634
grid N=11264,2816,11264,32,1024,256x128,852.081,852.081
grid N=11264,2816,11264,32,2048,256x128,1853.238,1841.096
lag.gate_up  tp1,2048,16384,32,1,128x64,168.773,148.776
lag.gate_up  tp1,2048,16384,32,8,128x64,170.047,170.047
lag.gate_up  tp1,2048,16384,32,17,128x64,151.843,151.843
lag.gate_up  tp1,2048,16384,32,24,128x64,151.184,151.184
lag.gate_up  tp1,2048,16384,32,32,128x64,151.032,151.032
lag.gate_up  tp1,2048,16384,32,48,128x64,161.558,140.643
lag.gate_up  tp1,2048,16384,32,63,128x64,163.808,149.167
lag.gate_up  tp1,2048,16384,32,64,128x64,164.035,146.803
lag.gate_up  tp1,2048,16384,32,96,128x64,177.146,165.026
lag.gate_up  tp1,2048,16384,32,128,128x64,193.908,168.735
lag.gate_up  tp1,2048,16384,32,192,256x128,232.790,197.229
lag.gate_up  tp1,2048,16384,32,256,256x128,253.655,253.655
lag.gate_up  tp1,2048,16384,32,512,256x128,470.772,470.772
lag.gate_up  tp1,2048,16384,32,1024,256x128,923.245,923.245
lag.gate_up  tp1,2048,16384,32,2048,256x128,1991.237,1983.267
lag.gate_up  tp2,2048,8192,32,1,64x32,71.832,61.023
lag.gate_up  tp2,2048,8192,32,8,64x32,96.009,60.193
lag.gate_up  tp2,2048,8192,32,17,64x32,85.322,60.731
lag.gate_up  tp2,2048,8192,32,24,64x32,87.215,61.211
lag.gate_up  tp2,2048,8192,32,32,64x32,83.800,61.651
lag.gate_up  tp2,2048,8192,32,48,64x32,87.805,70.873
lag.gate_up  tp2,2048,8192,32,63,64x32,89.213,72.804
lag.gate_up  tp2,2048,8192,32,64,64x32,90.054,72.383
lag.gate_up  tp2,2048,8192,32,96,128x64,95.765,90.351
lag.gate_up  tp2,2048,8192,32,128,128x64,104.950,93.267
lag.gate_up  tp2,2048,8192,32,192,256x128,124.271,107.965
lag.gate_up  tp2,2048,8192,32,256,256x128,139.287,139.287
lag.gate_up  tp2,2048,8192,32,512,256x128,247.778,247.778
lag.gate_up  tp2,2048,8192,32,1024,256x128,469.114,469.114
lag.gate_up  tp2,2048,8192,32,2048,256x128,931.962,931.962
lm_head      tp2,2816,131072,32,1,128x64,1306.968,622.411
lm_head      tp2,2816,131072,32,8,128x64,1325.304,642.598
lm_head      tp2,2816,131072,32,17,128x64,1285.529,666.148
lm_head      tp2,2816,131072,32,24,128x64,1355.007,673.887
lm_head      tp2,2816,131072,32,32,128x64,1361.105,689.982
lm_head      tp2,2816,131072,32,48,128x64,1429.585,857.830
lm_head      tp2,2816,131072,32,63,128x64,1504.941,877.289
lm_head      tp2,2816,131072,32,64,128x64,1500.126,874.429
lm_head      tp2,2816,131072,32,96,128x64,1586.939,1416.099
lm_head      tp2,2816,131072,32,128,128x64,1688.620,1513.178
lm_head      tp2,2816,131072,32,192,256x128,2363.918,2068.365
lm_head      tp2,2816,131072,32,256,256x128,2580.386,2580.386
lm_head      tp2,2816,131072,32,512,256x128,4898.218,4898.218
lm_head      tp2,2816,131072,32,1024,256x128,9527.712,9527.712
lm_head      tp2,2816,131072,32,2048,256x128,19475.750,19384.857
q27.down     tp2,8704,5120,32,1,64x32,221.351,177.087
q27.down     tp2,8704,5120,32,8,64x32,222.898,173.914
q27.down     tp2,8704,5120,32,17,64x32,260.240,174.494
q27.down     tp2,8704,5120,32,24,64x32,261.563,175.488
q27.down     tp2,8704,5120,32,32,64x32,261.498,175.835
q27.down     tp2,8704,5120,32,48,64x32,281.562,200.463
q27.down     tp2,8704,5120,32,63,64x32,297.349,205.607
q27.down     tp2,8704,5120,32,64,64x32,298.404,203.260
q27.down     tp2,8704,5120,32,96,96x32,,259.808
q27.down     tp2,8704,5120,32,128,192x96,,283.973
q27.down     tp2,8704,5120,32,192,192x96,,360.176
q27.down     tp2,8704,5120,32,256,256x128,472.281,394.501
q27.down     tp2,8704,5120,32,512,128x64,800.878,696.534
q27.down     tp2,8704,5120,32,1024,256x128,1469.332,1469.332
q27.down     tp2,8704,5120,32,2048,256x128,2522.556,2522.556
q27.gate_up  tp1,5120,34816,32,1,128x64,634.066,634.066
q27.gate_up  tp1,5120,34816,32,8,128x64,657.556,656.422
q27.gate_up  tp1,5120,34816,32,17,128x64,662.551,652.593
q27.gate_up  tp1,5120,34816,32,24,128x64,659.009,646.345
q27.gate_up  tp1,5120,34816,32,32,128x64,661.196,652.049
q27.gate_up  tp1,5120,34816,32,48,128x64,703.423,645.941
q27.gate_up  tp1,5120,34816,32,63,128x64,703.260,664.203
q27.gate_up  tp1,5120,34816,32,64,128x64,697.321,663.785
q27.gate_up  tp1,5120,34816,32,96,128x64,757.121,691.904
q27.gate_up  tp1,5120,34816,32,128,128x64,817.480,711.727
q27.gate_up  tp1,5120,34816,32,192,192x64,,974.731
q27.gate_up  tp1,5120,34816,32,256,256x128,1484.200,1484.200
q27.gate_up  tp1,5120,34816,32,512,256x128,2521.742,2521.742
q27.gate_up  tp1,5120,34816,32,1024,256x128,4788.393,4788.393
q27.gate_up  tp1,5120,34816,32,2048,256x128,9320.368,9320.368
q27.gate_up  tp2,5120,17408,32,1,96x96,,364.924
q27.gate_up  tp2,5120,17408,32,8,96x96,,378.239
q27.gate_up  tp2,5120,17408,32,17,96x96,,382.315
q27.gate_up  tp2,5120,17408,32,24,96x96,,379.445
q27.gate_up  tp2,5120,17408,32,32,96x96,,383.628
q27.gate_up  tp2,5120,17408,32,48,96x96,,363.300
q27.gate_up  tp2,5120,17408,32,63,96x96,,374.826
q27.gate_up  tp2,5120,17408,32,64,96x96,,373.862
q27.gate_up  tp2,5120,17408,32,96,96x96,,402.090
q27.gate_up  tp2,5120,17408,32,128,128x64,459.012,403.349
q27.gate_up  tp2,5120,17408,32,192,192x64,,561.258
q27.gate_up  tp2,5120,17408,32,256,256x128,734.783,700.285
q27.gate_up  tp2,5120,17408,32,512,256x128,1466.540,1466.540
q27.gate_up  tp2,5120,17408,32,1024,256x128,2532.219,2532.219
q27.gate_up  tp2,5120,17408,32,2048,256x128,4815.278,4815.278
q27.q_proj   tp1,5120,6144,32,1,64x32,142.262,112.297
q27.q_proj   tp1,5120,6144,32,8,64x32,156.223,110.588
q27.q_proj   tp1,5120,6144,32,17,64x32,168.089,111.030
q27.q_proj   tp1,5120,6144,32,24,64x32,165.667,111.850
q27.q_proj   tp1,5120,6144,32,32,64x32,166.261,112.163
q27.q_proj   tp1,5120,6144,32,48,64x32,179.221,131.704
q27.q_proj   tp1,5120,6144,32,63,64x32,190.114,136.020
q27.q_proj   tp1,5120,6144,32,64,64x32,185.674,135.994
q27.q_proj   tp1,5120,6144,32,96,96x32,,179.103
q27.q_proj   tp1,5120,6144,32,128,192x96,,183.320
q27.q_proj   tp1,5120,6144,32,192,192x96,,223.512
q27.q_proj   tp1,5120,6144,32,256,256x128,287.018,253.696
q27.q_proj   tp1,5120,6144,32,512,256x128,499.413,474.818
q27.q_proj   tp1,5120,6144,32,1024,256x128,853.964,853.964
q27.q_proj   tp1,5120,6144,32,2048,256x128,1855.897,1855.897
q35.q_proj   tp1,2048,4096,32,1,32x16,,49.443
q35.q_proj   tp1,2048,4096,32,8,32x16,,49.734
q35.q_proj   tp1,2048,4096,32,17,32x16,,49.564
q35.q_proj   tp1,2048,4096,32,24,32x16,,49.732
q35.q_proj   tp1,2048,4096,32,32,32x16,,49.932
q35.q_proj   tp1,2048,4096,32,48,64x32,71.799,52.513
q35.q_proj   tp1,2048,4096,32,63,64x32,76.432,54.468
q35.q_proj   tp1,2048,4096,32,64,64x32,77.020,54.172
q35.q_proj   tp1,2048,4096,32,96,128x64,77.801,63.284
q35.q_proj   tp1,2048,4096,32,128,128x64,83.978,64.848
q35.q_proj   tp1,2048,4096,32,192,192x64,,79.829
q35.q_proj   tp1,2048,4096,32,256,128x64,105.615,94.383
q35.q_proj   tp1,2048,4096,32,512,256x128,137.372,137.372
q35.q_proj   tp1,2048,4096,32,1024,256x128,247.158,247.158
q35.q_proj   tp1,2048,4096,32,2048,256x128,478.697,478.697
q35b4.gate_up tp2,2560,9216,32,1,64x32,85.881,66.463
q35b4.gate_up tp2,2560,9216,32,8,64x32,105.464,66.643
q35b4.gate_up tp2,2560,9216,32,17,64x32,108.171,67.471
q35b4.gate_up tp2,2560,9216,32,24,64x32,104.600,68.202
q35b4.gate_up tp2,2560,9216,32,32,64x32,102.877,69.024
q35b4.gate_up tp2,2560,9216,32,48,64x32,111.592,91.692
q35b4.gate_up tp2,2560,9216,32,63,64x32,116.582,93.707
q35b4.gate_up tp2,2560,9216,32,64,64x32,114.245,93.481
q35b4.gate_up tp2,2560,9216,32,96,128x64,124.700,119.829
q35b4.gate_up tp2,2560,9216,32,128,128x64,132.241,124.161
q35b4.gate_up tp2,2560,9216,32,192,192x64,,188.218
q35b4.gate_up tp2,2560,9216,32,256,128x64,233.333,206.982
q35b4.gate_up tp2,2560,9216,32,512,256x128,381.386,359.736
q35b4.gate_up tp2,2560,9216,32,1024,256x128,658.786,658.786
q35b4.gate_up tp2,2560,9216,32,2048,256x128,1437.906,1437.906
