name,K,N,g,dtype,M,chooser,chooser_us,hardwire_us,wn1_us,oracle_cand,oracle_us,gain,dev,cu,card,lease,exclusive
g4.q_proj    tp2,2816,2048,32,float16,1,32x16x1,76.349,98.647,67.928,32x64x4,58.222,1.2921,AMD Radeon RX 9070 XT,64,0,"0,1",1
g4.q_proj    tp2,2816,2048,32,float16,17,32x16x1,83.025,101.272,83.629,32x64x4,59.560,1.2198,AMD Radeon RX 9070 XT,64,0,"0,1",1
g4.q_proj    tp2,2816,2048,32,float16,32,32x16x1,91.250,100.906,91.519,32x64x4,59.669,1.1058,AMD Radeon RX 9070 XT,64,0,"0,1",1
g4.q_proj    tp2,2816,2048,32,float16,64,64x32x1,94.068,100.831,94.571,32x64x4,59.857,1.0719,AMD Radeon RX 9070 XT,64,0,"0,1",1
g4.q_proj    tp2,2816,2048,32,float16,128,64x32x1,94.793,108.083,95.449,32x64x4,61.730,1.1402,AMD Radeon RX 9070 XT,64,0,"0,1",1
g4.q_proj    tp2,2816,2048,32,float16,256,128x64x1,111.563,131.111,112.577,64x128x4,84.704,1.1752,AMD Radeon RX 9070 XT,64,0,"0,1",1
g4.q_proj    tp2,2816,2048,32,float16,512,128x64x1,130.348,135.817,132.037,256x128x2,115.950,1.0420,AMD Radeon RX 9070 XT,64,0,"0,1",1
g4.q_proj    tp2,2816,2048,32,float16,2048,256x128x1,335.214,334.465,335.227,256x128,334.889,0.9978,AMD Radeon RX 9070 XT,64,0,"0,1",1
g4.o_proj    tp2,2048,2816,32,float16,1,32x16x1,52.660,75.829,53.768,32x64x4,47.843,1.4400,AMD Radeon RX 9070 XT,64,0,"0,1",1
g4.o_proj    tp2,2048,2816,32,float16,17,32x16x1,64.343,78.245,65.779,32x64x4,48.871,1.2161,AMD Radeon RX 9070 XT,64,0,"0,1",1
g4.o_proj    tp2,2048,2816,32,float16,32,32x16x1,70.392,78.090,71.743,128x128x4,63.607,1.1094,AMD Radeon RX 9070 XT,64,0,"0,1",1
g4.o_proj    tp2,2048,2816,32,float16,64,64x32x1,73.640,77.853,75.211,32x64x4,49.788,1.0572,AMD Radeon RX 9070 XT,64,0,"0,1",1
g4.o_proj    tp2,2048,2816,32,float16,128,128x64x1,80.301,83.496,81.350,128x128x4,63.533,1.0398,AMD Radeon RX 9070 XT,64,0,"0,1",1
g4.o_proj    tp2,2048,2816,32,float16,256,192x96x1,94.050,103.306,94.515,128x128x4,112.557,1.0984,AMD Radeon RX 9070 XT,64,0,"0,1",1
g4.o_proj    tp2,2048,2816,32,float16,512,256x96x1,105.575,120.353,107.287,128x128x2,108.566,1.1400,AMD Radeon RX 9070 XT,64,0,"0,1",1
g4.o_proj    tp2,2048,2816,32,float16,2048,256x128x1,349.850,349.085,348.903,192x128x2,372.073,0.9978,AMD Radeon RX 9070 XT,64,0,"0,1",1
g4.gate_up   tp1,2816,4224,32,float16,1,64x32x1,75.041,144.103,75.303,32x64x4,59.252,1.9203,AMD Radeon RX 9070 XT,64,0,"0,1",1
g4.gate_up   tp1,2816,4224,32,float16,17,64x32x1,82.019,145.495,82.060,32x64x4,60.707,1.7739,AMD Radeon RX 9070 XT,64,0,"0,1",1
g4.gate_up   tp1,2816,4224,32,float16,32,64x32x1,82.261,145.986,81.965,32x64x4,60.799,1.7747,AMD Radeon RX 9070 XT,64,0,"0,1",1
g4.gate_up   tp1,2816,4224,32,float16,64,64x32x1,95.688,136.131,95.558,32x64x4,64.268,1.4226,AMD Radeon RX 9070 XT,64,0,"0,1",1
g4.gate_up   tp1,2816,4224,32,float16,128,192x96x1,106.123,135.495,107.101,64x128x4,91.401,1.2768,AMD Radeon RX 9070 XT,64,0,"0,1",1
g4.gate_up   tp1,2816,4224,32,float16,256,256x96x1,131.457,144.181,132.093,128x128x2,131.020,1.0968,AMD Radeon RX 9070 XT,64,0,"0,1",1
g4.gate_up   tp1,2816,4224,32,float16,512,128x64x1,237.484,279.822,239.040,128x128x2,220.908,1.1783,AMD Radeon RX 9070 XT,64,0,"0,1",1
g4.gate_up   tp1,2816,4224,32,float16,2048,256x128x1,696.873,698.049,697.950,256x128,699.079,1.0017,AMD Radeon RX 9070 XT,64,0,"0,1",1
q27.down     tp2,8704,5120,32,bfloat16,1,64x32x1,225.867,463.458,226.547,32x64x4,179.951,2.0519,AMD Radeon RX 9070 XT,64,0,"0,1",1
q27.down     tp2,8704,5120,32,bfloat16,17,64x32x1,269.819,456.697,270.231,32x64x4,181.293,1.6926,AMD Radeon RX 9070 XT,64,0,"0,1",1
q27.down     tp2,8704,5120,32,bfloat16,32,64x32x1,270.519,464.646,269.804,32x64x4,181.490,1.7176,AMD Radeon RX 9070 XT,64,0,"0,1",1
q27.down     tp2,8704,5120,32,bfloat16,64,64x32x1,305.497,426.119,303.904,32x64x4,206.268,1.3948,AMD Radeon RX 9070 XT,64,0,"0,1",1
q27.down     tp2,8704,5120,32,bfloat16,128,192x96x1,320.940,428.235,320.737,128x64x2,294.034,1.3343,AMD Radeon RX 9070 XT,64,0,"0,1",1
q27.down     tp2,8704,5120,32,bfloat16,256,256x96x1,379.514,454.425,381.763,128x128x2,394.543,1.1974,AMD Radeon RX 9070 XT,64,0,"0,1",1
q27.down     tp2,8704,5120,32,bfloat16,512,128x64x1,799.175,784.316,810.080,192x128x2,754.762,0.9814,AMD Radeon RX 9070 XT,64,0,"0,1",1
q27.down     tp2,8704,5120,32,bfloat16,2048,256x128x1,2527.899,2534.054,2510.688,192x128x2,2776.974,1.0024,AMD Radeon RX 9070 XT,64,0,"0,1",1
q27.q_proj   tp1,5120,6144,32,bfloat16,1,64x32x1,144.737,285.706,144.803,32x64x4,114.019,1.9740,AMD Radeon RX 9070 XT,64,0,"0,1",1
q27.q_proj   tp1,5120,6144,32,bfloat16,17,64x32x1,173.499,288.156,178.109,32x64x4,116.286,1.6608,AMD Radeon RX 9070 XT,64,0,"0,1",1
q27.q_proj   tp1,5120,6144,32,bfloat16,32,64x32x1,176.108,286.413,172.775,32x64x4,116.247,1.6263,AMD Radeon RX 9070 XT,64,0,"0,1",1
q27.q_proj   tp1,5120,6144,32,bfloat16,64,64x32x1,197.758,273.648,195.003,32x64x4,141.219,1.3838,AMD Radeon RX 9070 XT,64,0,"0,1",1
q27.q_proj   tp1,5120,6144,32,bfloat16,128,192x96x1,200.787,260.179,200.552,64x128x4,186.184,1.2958,AMD Radeon RX 9070 XT,64,0,"0,1",1
q27.q_proj   tp1,5120,6144,32,bfloat16,256,256x96x1,238.823,279.679,245.127,128x128x2,254.140,1.1711,AMD Radeon RX 9070 XT,64,0,"0,1",1
q27.q_proj   tp1,5120,6144,32,bfloat16,512,256x96x1,464.374,508.204,475.556,128x128x2,485.838,1.0944,AMD Radeon RX 9070 XT,64,0,"0,1",1
q27.q_proj   tp1,5120,6144,32,bfloat16,2048,256x128x1,1862.007,1857.228,1846.313,256x128,1860.776,0.9974,AMD Radeon RX 9070 XT,64,0,"0,1",1
lag.gate_up  tp2,2048,8192,32,bfloat16,1,64x32x1,72.965,125.757,72.757,32x64x4,61.810,1.7235,AMD Radeon RX 9070 XT,64,0,"0,1",1
lag.gate_up  tp2,2048,8192,32,bfloat16,17,64x32x1,89.451,128.538,86.354,32x64x4,62.797,1.4370,AMD Radeon RX 9070 XT,64,0,"0,1",1
lag.gate_up  tp2,2048,8192,32,bfloat16,32,64x32x1,84.900,118.794,85.204,32x64x4,63.426,1.3992,AMD Radeon RX 9070 XT,64,0,"0,1",1
lag.gate_up  tp2,2048,8192,32,bfloat16,64,64x32x1,92.528,121.571,91.724,64x128x4,73.859,1.3139,AMD Radeon RX 9070 XT,64,0,"0,1",1
lag.gate_up  tp2,2048,8192,32,bfloat16,128,128x64x1,104.159,118.047,103.944,128x128x2,93.615,1.1333,AMD Radeon RX 9070 XT,64,0,"0,1",1
lag.gate_up  tp2,2048,8192,32,bfloat16,256,256x128x1,137.829,138.714,140.219,256x128,139.529,1.0064,AMD Radeon RX 9070 XT,64,0,"0,1",1
lag.gate_up  tp2,2048,8192,32,bfloat16,512,256x128x1,242.041,247.182,250.787,256x128,248.431,1.0212,AMD Radeon RX 9070 XT,64,0,"0,1",1
lag.gate_up  tp2,2048,8192,32,bfloat16,2048,256x128x1,931.873,931.673,933.508,256x128,933.192,0.9998,AMD Radeon RX 9070 XT,64,0,"0,1",1
q35b4.gate_up tp2,2560,9216,32,bfloat16,1,64x32x1,87.766,247.702,87.607,32x64x4,67.766,2.8223,AMD Radeon RX 9070 XT,64,0,"0,1",1
q35b4.gate_up tp2,2560,9216,32,bfloat16,17,64x32x1,112.259,245.730,107.928,32x64x4,69.842,2.1890,AMD Radeon RX 9070 XT,64,0,"0,1",1
q35b4.gate_up tp2,2560,9216,32,bfloat16,32,64x32x1,101.759,236.095,100.939,32x64x4,70.228,2.3201,AMD Radeon RX 9070 XT,64,0,"0,1",1
q35b4.gate_up tp2,2560,9216,32,bfloat16,64,64x32x1,119.434,227.778,116.495,64x128x4,94.726,1.9072,AMD Radeon RX 9070 XT,64,0,"0,1",1
q35b4.gate_up tp2,2560,9216,32,bfloat16,128,128x64x1,130.849,230.018,130.757,128x128x2,123.756,1.7579,AMD Radeon RX 9070 XT,64,0,"0,1",1
q35b4.gate_up tp2,2560,9216,32,bfloat16,256,128x64x1,230.340,260.435,233.793,128x128x2,211.924,1.1307,AMD Radeon RX 9070 XT,64,0,"0,1",1
q35b4.gate_up tp2,2560,9216,32,bfloat16,512,256x96x1,355.045,382.378,364.882,128x128x2,366.403,1.0770,AMD Radeon RX 9070 XT,64,0,"0,1",1
q35b4.gate_up tp2,2560,9216,32,bfloat16,2048,256x128x1,1453.519,1434.011,1454.064,256x128,1423.653,0.9866,AMD Radeon RX 9070 XT,64,0,"0,1",1
glm.gate_up  tp2,2048,10240,128,bfloat16,1,64x32x1,94.595,137.562,94.542,32x64x4,59.359,1.4542,AMD Radeon RX 9070 XT,64,0,"0,1",1
glm.gate_up  tp2,2048,10240,128,bfloat16,17,64x32x1,107.123,158.312,107.070,32x64x4,62.913,1.4779,AMD Radeon RX 9070 XT,64,0,"0,1",1
glm.gate_up  tp2,2048,10240,128,bfloat16,32,64x32x1,120.587,157.635,120.359,32x64x4,66.478,1.3072,AMD Radeon RX 9070 XT,64,0,"0,1",1
glm.gate_up  tp2,2048,10240,128,bfloat16,64,64x32x1,150.489,151.918,150.256,64x128x4,79.738,1.0095,AMD Radeon RX 9070 XT,64,0,"0,1",1
glm.gate_up  tp2,2048,10240,128,bfloat16,128,128x96x1,117.015,159.856,116.562,128x128x2,99.485,1.3661,AMD Radeon RX 9070 XT,64,0,"0,1",1
glm.gate_up  tp2,2048,10240,128,bfloat16,256,256x96x1,187.467,201.263,187.555,128x128x2,156.229,1.0736,AMD Radeon RX 9070 XT,64,0,"0,1",1
glm.gate_up  tp2,2048,10240,128,bfloat16,512,256x64x1,344.637,280.578,340.605,128x128x2,280.840,0.8141,AMD Radeon RX 9070 XT,64,0,"0,1",1
glm.gate_up  tp2,2048,10240,128,bfloat16,2048,256x128x1,967.977,968.089,969.214,256x128,971.666,1.0001,AMD Radeon RX 9070 XT,64,0,"0,1",1
lag.gate_up  tp1,2048,16384,32,bfloat16,1,128x64x1,172.373,210.300,171.865,128x64x2,150.542,1.2200,AMD Radeon RX 9070 XT,64,0,"0,1",1
lag.gate_up  tp1,2048,16384,32,bfloat16,17,128x64x1,169.383,213.325,160.913,128x64,157.260,1.2594,AMD Radeon RX 9070 XT,64,0,"0,1",1
lag.gate_up  tp1,2048,16384,32,bfloat16,32,128x64x1,154.543,201.302,152.405,128x64,152.862,1.3026,AMD Radeon RX 9070 XT,64,0,"0,1",1
lag.gate_up  tp1,2048,16384,32,bfloat16,64,128x64x1,163.522,201.457,166.771,32x64x4,147.246,1.2320,AMD Radeon RX 9070 XT,64,0,"0,1",1
lag.gate_up  tp1,2048,16384,32,bfloat16,128,128x64x1,188.483,217.286,192.974,128x128x4,170.278,1.1528,AMD Radeon RX 9070 XT,64,0,"0,1",1
lag.gate_up  tp1,2048,16384,32,bfloat16,256,256x128x1,247.626,253.458,254.151,256x128,254.421,1.0235,AMD Radeon RX 9070 XT,64,0,"0,1",1
lag.gate_up  tp1,2048,16384,32,bfloat16,512,256x128x1,462.701,473.300,479.105,256x128,470.730,1.0229,AMD Radeon RX 9070 XT,64,0,"0,1",1
lag.gate_up  tp1,2048,16384,32,bfloat16,2048,256x128x1,1966.456,1978.361,1961.022,512x128,2035.074,1.0061,AMD Radeon RX 9070 XT,64,0,"0,1",1
q27.gate_up  tp1,5120,34816,32,bfloat16,1,128x64x1,618.132,997.179,632.543,128x64,644.721,1.6132,AMD Radeon RX 9070 XT,64,0,"0,1",1
q27.gate_up  tp1,5120,34816,32,bfloat16,17,128x64x1,625.609,1003.394,643.467,128x128x2,648.667,1.6039,AMD Radeon RX 9070 XT,64,0,"0,1",1
q27.gate_up  tp1,5120,34816,32,bfloat16,32,128x64x1,637.084,1001.766,644.883,128x128x2,658.824,1.5724,AMD Radeon RX 9070 XT,64,0,"0,1",1
q27.gate_up  tp1,5120,34816,32,bfloat16,64,128x64x1,688.603,1007.164,701.161,128x128x2,677.542,1.4626,AMD Radeon RX 9070 XT,64,0,"0,1",1
q27.gate_up  tp1,5120,34816,32,bfloat16,128,128x64x1,787.663,1274.402,791.116,128x128x2,735.954,1.6180,AMD Radeon RX 9070 XT,64,0,"0,1",1
q27.gate_up  tp1,5120,34816,32,bfloat16,256,256x128x1,1479.528,1480.298,1479.198,256x128,1451.164,1.0005,AMD Radeon RX 9070 XT,64,0,"0,1",1
q27.gate_up  tp1,5120,34816,32,bfloat16,512,256x128x1,2497.590,2519.917,2530.250,256x128,2538.577,1.0089,AMD Radeon RX 9070 XT,64,0,"0,1",1
q27.gate_up  tp1,5120,34816,32,bfloat16,2048,256x128x1,9414.310,9403.417,9421.524,256x128,9399.657,0.9988,AMD Radeon RX 9070 XT,64,0,"0,1",1
lm_head      tp2,2816,131072,32,float16,1,128x64x1,1216.203,2005.229,1276.899,32x64x4,627.819,1.6488,AMD Radeon RX 9070 XT,64,0,"0,1",1
lm_head      tp2,2816,131072,32,float16,17,128x64x1,1255.787,2058.614,1323.714,32x64x4,675.027,1.6393,AMD Radeon RX 9070 XT,64,0,"0,1",1
lm_head      tp2,2816,131072,32,float16,32,128x64x1,1278.662,2044.630,1341.510,32x64x4,700.069,1.5990,AMD Radeon RX 9070 XT,64,0,"0,1",1
lm_head      tp2,2816,131072,32,float16,64,128x64x1,1320.665,2068.130,1420.029,64x128x4,897.722,1.5660,AMD Radeon RX 9070 XT,64,0,"0,1",1
lm_head      tp2,2816,131072,32,float16,128,128x64x1,1592.933,2193.112,1648.621,128x128x2,1510.349,1.3768,AMD Radeon RX 9070 XT,64,0,"0,1",1
lm_head      tp2,2816,131072,32,float16,256,256x128x1,2488.662,2556.643,2591.571,256x128,2587.184,1.0273,AMD Radeon RX 9070 XT,64,0,"0,1",1
lm_head      tp2,2816,131072,32,float16,512,256x128x1,4699.899,4915.152,4909.372,256x128,4913.212,1.0458,AMD Radeon RX 9070 XT,64,0,"0,1",1
lm_head      tp2,2816,131072,32,float16,2048,256x128x1,19383.564,19437.723,19497.066,256x128,19454.926,1.0028,AMD Radeon RX 9070 XT,64,0,"0,1",1
