name,K,N,g,dtype,M,cand,us,reps,R,dev,cu,card,exclusive
g4.q_proj    tp2,2816,2048,32,float16,1,32x64x4,57.849,6,53,AMD Radeon RX 9070 XT,64,0,1,1
g4.q_proj    tp2,2816,2048,32,float16,1,64x64x2,66.306,5,53,AMD Radeon RX 9070 XT,64,0,1,1
g4.q_proj    tp2,2816,2048,32,float16,1,64x128x4,66.796,5,53,AMD Radeon RX 9070 XT,64,0,1,1
g4.q_proj    tp2,2816,2048,32,float16,1,128x64x2,70.918,5,53,AMD Radeon RX 9070 XT,64,0,1,1
g4.q_proj    tp2,2816,2048,32,float16,1,64x32,71.241,5,53,AMD Radeon RX 9070 XT,64,0,1,1
g4.q_proj    tp2,2816,2048,32,float16,1,128x32,73.606,4,53,AMD Radeon RX 9070 XT,64,0,1,1
g4.q_proj    tp2,2816,2048,32,float16,1,128x64,75.231,4,53,AMD Radeon RX 9070 XT,64,0,1,1
g4.q_proj    tp2,2816,2048,32,float16,1,128x128x4,77.076,4,53,AMD Radeon RX 9070 XT,64,0,1,1
g4.q_proj    tp2,2816,2048,32,float16,1,128x128x2,78.382,4,53,AMD Radeon RX 9070 XT,64,0,1,1
g4.q_proj    tp2,2816,2048,32,float16,1,256x32,82.026,4,53,AMD Radeon RX 9070 XT,64,0,1,1
g4.q_proj    tp2,2816,2048,32,float16,1,256x64,83.724,4,53,AMD Radeon RX 9070 XT,64,0,1,1
g4.q_proj    tp2,2816,2048,32,float16,1,192x128x2,84.668,4,53,AMD Radeon RX 9070 XT,64,0,1,1
g4.q_proj    tp2,2816,2048,32,float16,1,32x128x4,87.580,4,53,AMD Radeon RX 9070 XT,64,0,1,1
g4.q_proj    tp2,2816,2048,32,float16,1,32x64x2,90.242,4,53,AMD Radeon RX 9070 XT,64,0,1,1
g4.q_proj    tp2,2816,2048,32,float16,1,256x128x2,91.602,4,53,AMD Radeon RX 9070 XT,64,0,1,1
g4.q_proj    tp2,2816,2048,32,float16,1,64x128x2,95.189,3,53,AMD Radeon RX 9070 XT,64,0,1,1
g4.q_proj    tp2,2816,2048,32,float16,1,256x128,95.670,3,53,AMD Radeon RX 9070 XT,64,0,1,1
g4.q_proj    tp2,2816,2048,32,float16,1,32x32,95.869,3,53,AMD Radeon RX 9070 XT,64,0,1,1
g4.q_proj    tp2,2816,2048,32,float16,1,64x64,96.364,3,53,AMD Radeon RX 9070 XT,64,0,1,1
g4.q_proj    tp2,2816,2048,32,float16,1,512x64,98.227,3,53,AMD Radeon RX 9070 XT,64,0,1,1
g4.q_proj    tp2,2816,2048,32,float16,1,96x128x2,98.686,3,53,AMD Radeon RX 9070 XT,64,0,1,1
g4.q_proj    tp2,2816,2048,32,float16,1,384x128,106.448,3,53,AMD Radeon RX 9070 XT,64,0,1,1
g4.q_proj    tp2,2816,2048,32,float16,1,128x128,110.096,3,53,AMD Radeon RX 9070 XT,64,0,1,1
g4.q_proj    tp2,2816,2048,32,float16,1,192x128,115.252,3,53,AMD Radeon RX 9070 XT,64,0,1,1
g4.q_proj    tp2,2816,2048,32,float16,1,512x128,119.341,3,53,AMD Radeon RX 9070 XT,64,0,1,1
g4.q_proj    tp2,2816,2048,32,float16,1,112x128,130.503,2,53,AMD Radeon RX 9070 XT,64,0,1,1
g4.q_proj    tp2,2816,2048,32,float16,1,96x128,132.559,2,53,AMD Radeon RX 9070 XT,64,0,1,1
g4.q_proj    tp2,2816,2048,32,float16,1,32x64,142.847,2,53,AMD Radeon RX 9070 XT,64,0,1,1
g4.q_proj    tp2,2816,2048,32,float16,1,64x128,146.400,2,53,AMD Radeon RX 9070 XT,64,0,1,1
g4.q_proj    tp2,2816,2048,32,float16,1,80x128,174.262,2,53,AMD Radeon RX 9070 XT,64,0,1,1
g4.q_proj    tp2,2816,2048,32,float16,1,256x192,185.451,2,53,AMD Radeon RX 9070 XT,64,0,1,1
g4.q_proj    tp2,2816,2048,32,float16,1,256x256,476.260,2,53,AMD Radeon RX 9070 XT,64,0,1,1
g4.q_proj    tp2,2816,2048,32,float16,1,128x256,525.790,2,53,AMD Radeon RX 9070 XT,64,0,1,1
g4.q_proj    tp2,2816,2048,32,float16,1,16x64,535.925,2,53,AMD Radeon RX 9070 XT,64,0,1,1
g4.q_proj    tp2,2816,2048,32,float16,1,32x128,536.784,2,53,AMD Radeon RX 9070 XT,64,0,1,1
g4.q_proj    tp2,2816,2048,32,float16,1,16x128,1150.839,2,53,AMD Radeon RX 9070 XT,64,0,1,1
g4.q_proj    tp2,2816,2048,32,float16,8,32x64x4,56.490,6,53,AMD Radeon RX 9070 XT,64,0,1,1
g4.q_proj    tp2,2816,2048,32,float16,8,64x64x2,65.455,5,53,AMD Radeon RX 9070 XT,64,0,1,1
g4.q_proj    tp2,2816,2048,32,float16,8,64x128x4,65.767,5,53,AMD Radeon RX 9070 XT,64,0,1,1
g4.q_proj    tp2,2816,2048,32,float16,8,64x32,68.986,5,53,AMD Radeon RX 9070 XT,64,0,1,1
g4.q_proj    tp2,2816,2048,32,float16,8,128x64x2,70.518,5,53,AMD Radeon RX 9070 XT,64,0,1,1
g4.q_proj    tp2,2816,2048,32,float16,8,128x32,72.215,5,53,AMD Radeon RX 9070 XT,64,0,1,1
g4.q_proj    tp2,2816,2048,32,float16,8,128x64,75.163,4,53,AMD Radeon RX 9070 XT,64,0,1,1
g4.q_proj    tp2,2816,2048,32,float16,8,128x128x4,76.736,4,53,AMD Radeon RX 9070 XT,64,0,1,1
g4.q_proj    tp2,2816,2048,32,float16,8,128x128x2,77.972,4,53,AMD Radeon RX 9070 XT,64,0,1,1
g4.q_proj    tp2,2816,2048,32,float16,8,256x32,81.112,4,53,AMD Radeon RX 9070 XT,64,0,1,1
g4.q_proj    tp2,2816,2048,32,float16,8,256x64,84.149,4,53,AMD Radeon RX 9070 XT,64,0,1,1
g4.q_proj    tp2,2816,2048,32,float16,8,192x128x2,85.051,4,53,AMD Radeon RX 9070 XT,64,0,1,1
g4.q_proj    tp2,2816,2048,32,float16,8,32x128x4,85.739,4,53,AMD Radeon RX 9070 XT,64,0,1,1
g4.q_proj    tp2,2816,2048,32,float16,8,32x64x2,87.394,4,53,AMD Radeon RX 9070 XT,64,0,1,1
g4.q_proj    tp2,2816,2048,32,float16,8,32x32,91.877,4,53,AMD Radeon RX 9070 XT,64,0,1,1
g4.q_proj    tp2,2816,2048,32,float16,8,256x128x2,91.982,4,53,AMD Radeon RX 9070 XT,64,0,1,1
g4.q_proj    tp2,2816,2048,32,float16,8,64x128x2,93.941,3,53,AMD Radeon RX 9070 XT,64,0,1,1
g4.q_proj    tp2,2816,2048,32,float16,8,64x64,94.122,3,53,AMD Radeon RX 9070 XT,64,0,1,1
g4.q_proj    tp2,2816,2048,32,float16,8,256x128,96.530,3,53,AMD Radeon RX 9070 XT,64,0,1,1
g4.q_proj    tp2,2816,2048,32,float16,8,96x128x2,97.904,3,53,AMD Radeon RX 9070 XT,64,0,1,1
g4.q_proj    tp2,2816,2048,32,float16,8,512x64,99.579,3,53,AMD Radeon RX 9070 XT,64,0,1,1
g4.q_proj    tp2,2816,2048,32,float16,8,384x128,108.187,3,53,AMD Radeon RX 9070 XT,64,0,1,1
g4.q_proj    tp2,2816,2048,32,float16,8,128x128,110.105,3,53,AMD Radeon RX 9070 XT,64,0,1,1
g4.q_proj    tp2,2816,2048,32,float16,8,192x128,116.191,3,53,AMD Radeon RX 9070 XT,64,0,1,1
g4.q_proj    tp2,2816,2048,32,float16,8,512x128,121.104,3,53,AMD Radeon RX 9070 XT,64,0,1,1
g4.q_proj    tp2,2816,2048,32,float16,8,112x128,129.384,2,53,AMD Radeon RX 9070 XT,64,0,1,1
g4.q_proj    tp2,2816,2048,32,float16,8,96x128,131.160,2,53,AMD Radeon RX 9070 XT,64,0,1,1
g4.q_proj    tp2,2816,2048,32,float16,8,32x64,138.206,2,53,AMD Radeon RX 9070 XT,64,0,1,1
g4.q_proj    tp2,2816,2048,32,float16,8,64x128,143.892,2,53,AMD Radeon RX 9070 XT,64,0,1,1
g4.q_proj    tp2,2816,2048,32,float16,8,80x128,168.375,2,53,AMD Radeon RX 9070 XT,64,0,1,1
g4.q_proj    tp2,2816,2048,32,float16,8,256x192,184.552,2,53,AMD Radeon RX 9070 XT,64,0,1,1
g4.q_proj    tp2,2816,2048,32,float16,8,16x64,458.757,2,53,AMD Radeon RX 9070 XT,64,0,1,1
g4.q_proj    tp2,2816,2048,32,float16,8,32x128,461.872,2,53,AMD Radeon RX 9070 XT,64,0,1,1
g4.q_proj    tp2,2816,2048,32,float16,8,256x256,475.498,2,53,AMD Radeon RX 9070 XT,64,0,1,1
g4.q_proj    tp2,2816,2048,32,float16,8,128x256,508.665,2,53,AMD Radeon RX 9070 XT,64,0,1,1
g4.q_proj    tp2,2816,2048,32,float16,8,16x128,757.719,2,53,AMD Radeon RX 9070 XT,64,0,1,1
g4.q_proj    tp2,2816,2048,32,float16,17,32x64x4,56.430,6,53,AMD Radeon RX 9070 XT,64,0,1,1
g4.q_proj    tp2,2816,2048,32,float16,17,64x64x2,65.366,5,53,AMD Radeon RX 9070 XT,64,0,1,1
g4.q_proj    tp2,2816,2048,32,float16,17,64x128x4,66.197,5,53,AMD Radeon RX 9070 XT,64,0,1,1
g4.q_proj    tp2,2816,2048,32,float16,17,128x64x2,70.338,5,53,AMD Radeon RX 9070 XT,64,0,1,1
g4.q_proj    tp2,2816,2048,32,float16,17,128x32,72.159,5,53,AMD Radeon RX 9070 XT,64,0,1,1
g4.q_proj    tp2,2816,2048,32,float16,17,128x64,75.013,4,53,AMD Radeon RX 9070 XT,64,0,1,1
g4.q_proj    tp2,2816,2048,32,float16,17,64x32,76.273,4,53,AMD Radeon RX 9070 XT,64,0,1,1
g4.q_proj    tp2,2816,2048,32,float16,17,128x128x4,77.127,4,53,AMD Radeon RX 9070 XT,64,0,1,1
g4.q_proj    tp2,2816,2048,32,float16,17,128x128x2,78.532,4,53,AMD Radeon RX 9070 XT,64,0,1,1
g4.q_proj    tp2,2816,2048,32,float16,17,256x32,81.071,4,53,AMD Radeon RX 9070 XT,64,0,1,1
g4.q_proj    tp2,2816,2048,32,float16,17,256x64,84.055,4,53,AMD Radeon RX 9070 XT,64,0,1,1
g4.q_proj    tp2,2816,2048,32,float16,17,192x128x2,85.351,4,53,AMD Radeon RX 9070 XT,64,0,1,1
g4.q_proj    tp2,2816,2048,32,float16,17,32x128x4,86.071,4,53,AMD Radeon RX 9070 XT,64,0,1,1
g4.q_proj    tp2,2816,2048,32,float16,17,256x128x2,92.240,4,53,AMD Radeon RX 9070 XT,64,0,1,1
g4.q_proj    tp2,2816,2048,32,float16,17,32x64x2,93.567,3,53,AMD Radeon RX 9070 XT,64,0,1,1
g4.q_proj    tp2,2816,2048,32,float16,17,64x128x2,96.149,3,53,AMD Radeon RX 9070 XT,64,0,1,1
g4.q_proj    tp2,2816,2048,32,float16,17,256x128,97.006,3,53,AMD Radeon RX 9070 XT,64,0,1,1
g4.q_proj    tp2,2816,2048,32,float16,17,96x128x2,98.551,3,53,AMD Radeon RX 9070 XT,64,0,1,1
g4.q_proj    tp2,2816,2048,32,float16,17,512x64,99.481,3,53,AMD Radeon RX 9070 XT,64,0,1,1
g4.q_proj    tp2,2816,2048,32,float16,17,64x64,100.615,3,53,AMD Radeon RX 9070 XT,64,0,1,1
g4.q_proj    tp2,2816,2048,32,float16,17,32x32,105.604,3,53,AMD Radeon RX 9070 XT,64,0,1,1
g4.q_proj    tp2,2816,2048,32,float16,17,384x128,108.472,3,53,AMD Radeon RX 9070 XT,64,0,1,1
g4.q_proj    tp2,2816,2048,32,float16,17,128x128,110.392,3,53,AMD Radeon RX 9070 XT,64,0,1,1
g4.q_proj    tp2,2816,2048,32,float16,17,192x128,116.647,3,53,AMD Radeon RX 9070 XT,64,0,1,1
g4.q_proj    tp2,2816,2048,32,float16,17,512x128,121.384,3,53,AMD Radeon RX 9070 XT,64,0,1,1
g4.q_proj    tp2,2816,2048,32,float16,17,112x128,129.652,2,53,AMD Radeon RX 9070 XT,64,0,1,1
g4.q_proj    tp2,2816,2048,32,float16,17,96x128,131.466,2,53,AMD Radeon RX 9070 XT,64,0,1,1
g4.q_proj    tp2,2816,2048,32,float16,17,32x64,157.761,2,53,AMD Radeon RX 9070 XT,64,0,1,1
g4.q_proj    tp2,2816,2048,32,float16,17,80x128,172.516,2,53,AMD Radeon RX 9070 XT,64,0,1,1
g4.q_proj    tp2,2816,2048,32,float16,17,64x128,172.631,2,53,AMD Radeon RX 9070 XT,64,0,1,1
g4.q_proj    tp2,2816,2048,32,float16,17,256x192,185.837,2,53,AMD Radeon RX 9070 XT,64,0,1,1
g4.q_proj    tp2,2816,2048,32,float16,17,16x64,450.020,2,53,AMD Radeon RX 9070 XT,64,0,1,1
g4.q_proj    tp2,2816,2048,32,float16,17,32x128,453.900,2,53,AMD Radeon RX 9070 XT,64,0,1,1
g4.q_proj    tp2,2816,2048,32,float16,17,256x256,486.279,2,53,AMD Radeon RX 9070 XT,64,0,1,1
g4.q_proj    tp2,2816,2048,32,float16,17,128x256,528.225,2,53,AMD Radeon RX 9070 XT,64,0,1,1
g4.q_proj    tp2,2816,2048,32,float16,17,16x128,722.581,2,53,AMD Radeon RX 9070 XT,64,0,1,1
g4.q_proj    tp2,2816,2048,32,float16,24,32x64x4,56.628,6,53,AMD Radeon RX 9070 XT,64,0,1,1
g4.q_proj    tp2,2816,2048,32,float16,24,64x64x2,65.580,5,53,AMD Radeon RX 9070 XT,64,0,1,1
g4.q_proj    tp2,2816,2048,32,float16,24,64x128x4,66.291,5,53,AMD Radeon RX 9070 XT,64,0,1,1
g4.q_proj    tp2,2816,2048,32,float16,24,128x64x2,70.587,5,53,AMD Radeon RX 9070 XT,64,0,1,1
g4.q_proj    tp2,2816,2048,32,float16,24,128x32,72.176,5,53,AMD Radeon RX 9070 XT,64,0,1,1
g4.q_proj    tp2,2816,2048,32,float16,24,128x64,75.229,4,53,AMD Radeon RX 9070 XT,64,0,1,1
g4.q_proj    tp2,2816,2048,32,float16,24,64x32,76.168,4,53,AMD Radeon RX 9070 XT,64,0,1,1
g4.q_proj    tp2,2816,2048,32,float16,24,128x128x4,77.101,4,53,AMD Radeon RX 9070 XT,64,0,1,1
g4.q_proj    tp2,2816,2048,32,float16,24,128x128x2,78.349,4,53,AMD Radeon RX 9070 XT,64,0,1,1
g4.q_proj    tp2,2816,2048,32,float16,24,256x32,81.183,4,53,AMD Radeon RX 9070 XT,64,0,1,1
g4.q_proj    tp2,2816,2048,32,float16,24,256x64,84.284,4,53,AMD Radeon RX 9070 XT,64,0,1,1
g4.q_proj    tp2,2816,2048,32,float16,24,192x128x2,85.335,4,53,AMD Radeon RX 9070 XT,64,0,1,1
g4.q_proj    tp2,2816,2048,32,float16,24,32x128x4,86.234,4,53,AMD Radeon RX 9070 XT,64,0,1,1
g4.q_proj    tp2,2816,2048,32,float16,24,256x128x2,92.222,4,53,AMD Radeon RX 9070 XT,64,0,1,1
g4.q_proj    tp2,2816,2048,32,float16,24,32x64x2,94.449,3,53,AMD Radeon RX 9070 XT,64,0,1,1
g4.q_proj    tp2,2816,2048,32,float16,24,64x128x2,96.388,3,53,AMD Radeon RX 9070 XT,64,0,1,1
g4.q_proj    tp2,2816,2048,32,float16,24,256x128,96.851,3,53,AMD Radeon RX 9070 XT,64,0,1,1
g4.q_proj    tp2,2816,2048,32,float16,24,96x128x2,98.337,3,53,AMD Radeon RX 9070 XT,64,0,1,1
g4.q_proj    tp2,2816,2048,32,float16,24,512x64,99.653,3,53,AMD Radeon RX 9070 XT,64,0,1,1
g4.q_proj    tp2,2816,2048,32,float16,24,64x64,101.723,3,53,AMD Radeon RX 9070 XT,64,0,1,1
g4.q_proj    tp2,2816,2048,32,float16,24,32x32,106.148,3,53,AMD Radeon RX 9070 XT,64,0,1,1
g4.q_proj    tp2,2816,2048,32,float16,24,384x128,108.295,3,53,AMD Radeon RX 9070 XT,64,0,1,1
g4.q_proj    tp2,2816,2048,32,float16,24,128x128,110.595,3,53,AMD Radeon RX 9070 XT,64,0,1,1
g4.q_proj    tp2,2816,2048,32,float16,24,192x128,116.506,3,53,AMD Radeon RX 9070 XT,64,0,1,1
g4.q_proj    tp2,2816,2048,32,float16,24,512x128,121.254,3,53,AMD Radeon RX 9070 XT,64,0,1,1
g4.q_proj    tp2,2816,2048,32,float16,24,96x128,129.733,2,53,AMD Radeon RX 9070 XT,64,0,1,1
g4.q_proj    tp2,2816,2048,32,float16,24,112x128,129.931,2,53,AMD Radeon RX 9070 XT,64,0,1,1
g4.q_proj    tp2,2816,2048,32,float16,24,64x128,175.058,2,53,AMD Radeon RX 9070 XT,64,0,1,1
g4.q_proj    tp2,2816,2048,32,float16,24,32x64,177.940,2,53,AMD Radeon RX 9070 XT,64,0,1,1
g4.q_proj    tp2,2816,2048,32,float16,24,80x128,178.501,2,53,AMD Radeon RX 9070 XT,64,0,1,1
g4.q_proj    tp2,2816,2048,32,float16,24,256x192,186.837,2,53,AMD Radeon RX 9070 XT,64,0,1,1
g4.q_proj    tp2,2816,2048,32,float16,24,16x64,462.001,2,53,AMD Radeon RX 9070 XT,64,0,1,1
g4.q_proj    tp2,2816,2048,32,float16,24,32x128,471.307,2,53,AMD Radeon RX 9070 XT,64,0,1,1
g4.q_proj    tp2,2816,2048,32,float16,24,256x256,501.666,2,53,AMD Radeon RX 9070 XT,64,0,1,1
g4.q_proj    tp2,2816,2048,32,float16,24,128x256,517.232,2,53,AMD Radeon RX 9070 XT,64,0,1,1
g4.q_proj    tp2,2816,2048,32,float16,24,16x128,735.113,2,53,AMD Radeon RX 9070 XT,64,0,1,1
g4.q_proj    tp2,2816,2048,32,float16,32,32x64x4,56.844,6,53,AMD Radeon RX 9070 XT,64,0,1,1
g4.q_proj    tp2,2816,2048,32,float16,32,64x64x2,65.787,5,53,AMD Radeon RX 9070 XT,64,0,1,1
g4.q_proj    tp2,2816,2048,32,float16,32,64x128x4,66.395,5,53,AMD Radeon RX 9070 XT,64,0,1,1
g4.q_proj    tp2,2816,2048,32,float16,32,128x64x2,70.831,5,53,AMD Radeon RX 9070 XT,64,0,1,1
g4.q_proj    tp2,2816,2048,32,float16,32,128x32,71.953,5,53,AMD Radeon RX 9070 XT,64,0,1,1
g4.q_proj    tp2,2816,2048,32,float16,32,128x64,75.398,4,53,AMD Radeon RX 9070 XT,64,0,1,1
g4.q_proj    tp2,2816,2048,32,float16,32,64x32,76.503,4,53,AMD Radeon RX 9070 XT,64,0,1,1
g4.q_proj    tp2,2816,2048,32,float16,32,128x128x4,77.200,4,53,AMD Radeon RX 9070 XT,64,0,1,1
g4.q_proj    tp2,2816,2048,32,float16,32,128x128x2,78.547,4,53,AMD Radeon RX 9070 XT,64,0,1,1
g4.q_proj    tp2,2816,2048,32,float16,32,256x32,81.048,4,53,AMD Radeon RX 9070 XT,64,0,1,1
g4.q_proj    tp2,2816,2048,32,float16,32,256x64,84.367,4,53,AMD Radeon RX 9070 XT,64,0,1,1
g4.q_proj    tp2,2816,2048,32,float16,32,192x128x2,85.391,4,53,AMD Radeon RX 9070 XT,64,0,1,1
g4.q_proj    tp2,2816,2048,32,float16,32,32x128x4,86.861,4,53,AMD Radeon RX 9070 XT,64,0,1,1
g4.q_proj    tp2,2816,2048,32,float16,32,256x128x2,92.328,4,53,AMD Radeon RX 9070 XT,64,0,1,1
g4.q_proj    tp2,2816,2048,32,float16,32,32x64x2,94.669,3,53,AMD Radeon RX 9070 XT,64,0,1,1
g4.q_proj    tp2,2816,2048,32,float16,32,64x128x2,96.822,3,53,AMD Radeon RX 9070 XT,64,0,1,1
g4.q_proj    tp2,2816,2048,32,float16,32,256x128,97.034,3,53,AMD Radeon RX 9070 XT,64,0,1,1
g4.q_proj    tp2,2816,2048,32,float16,32,96x128x2,98.614,3,53,AMD Radeon RX 9070 XT,64,0,1,1
g4.q_proj    tp2,2816,2048,32,float16,32,512x64,99.898,3,53,AMD Radeon RX 9070 XT,64,0,1,1
g4.q_proj    tp2,2816,2048,32,float16,32,64x64,101.987,3,53,AMD Radeon RX 9070 XT,64,0,1,1
g4.q_proj    tp2,2816,2048,32,float16,32,384x128,108.566,3,53,AMD Radeon RX 9070 XT,64,0,1,1
g4.q_proj    tp2,2816,2048,32,float16,32,128x128,111.186,3,53,AMD Radeon RX 9070 XT,64,0,1,1
g4.q_proj    tp2,2816,2048,32,float16,32,32x32,113.297,3,53,AMD Radeon RX 9070 XT,64,0,1,1
g4.q_proj    tp2,2816,2048,32,float16,32,192x128,116.544,3,53,AMD Radeon RX 9070 XT,64,0,1,1
g4.q_proj    tp2,2816,2048,32,float16,32,512x128,121.320,3,53,AMD Radeon RX 9070 XT,64,0,1,1
g4.q_proj    tp2,2816,2048,32,float16,32,112x128,136.050,2,53,AMD Radeon RX 9070 XT,64,0,1,1
g4.q_proj    tp2,2816,2048,32,float16,32,96x128,136.402,2,53,AMD Radeon RX 9070 XT,64,0,1,1
g4.q_proj    tp2,2816,2048,32,float16,32,64x128,176.094,2,53,AMD Radeon RX 9070 XT,64,0,1,1
g4.q_proj    tp2,2816,2048,32,float16,32,80x128,178.386,2,53,AMD Radeon RX 9070 XT,64,0,1,1
g4.q_proj    tp2,2816,2048,32,float16,32,32x64,185.662,2,53,AMD Radeon RX 9070 XT,64,0,1,1
g4.q_proj    tp2,2816,2048,32,float16,32,256x192,186.396,2,53,AMD Radeon RX 9070 XT,64,0,1,1
g4.q_proj    tp2,2816,2048,32,float16,32,32x128,483.074,2,53,AMD Radeon RX 9070 XT,64,0,1,1
g4.q_proj    tp2,2816,2048,32,float16,32,16x64,488.041,2,53,AMD Radeon RX 9070 XT,64,0,1,1
g4.q_proj    tp2,2816,2048,32,float16,32,256x256,511.929,2,53,AMD Radeon RX 9070 XT,64,0,1,1
g4.q_proj    tp2,2816,2048,32,float16,32,128x256,535.767,2,53,AMD Radeon RX 9070 XT,64,0,1,1
g4.q_proj    tp2,2816,2048,32,float16,32,16x128,751.458,2,53,AMD Radeon RX 9070 XT,64,0,1,1
g4.q_proj    tp2,2816,2048,32,float16,48,32x64x4,56.920,6,53,AMD Radeon RX 9070 XT,64,0,1,1
g4.q_proj    tp2,2816,2048,32,float16,48,64x128x4,66.545,5,53,AMD Radeon RX 9070 XT,64,0,1,1
g4.q_proj    tp2,2816,2048,32,float16,48,128x64x2,70.819,5,53,AMD Radeon RX 9070 XT,64,0,1,1
g4.q_proj    tp2,2816,2048,32,float16,48,64x64x2,73.053,5,53,AMD Radeon RX 9070 XT,64,0,1,1
g4.q_proj    tp2,2816,2048,32,float16,48,128x128x4,77.315,4,53,AMD Radeon RX 9070 XT,64,0,1,1
g4.q_proj    tp2,2816,2048,32,float16,48,128x128x2,78.740,4,53,AMD Radeon RX 9070 XT,64,0,1,1
g4.q_proj    tp2,2816,2048,32,float16,48,128x32,79.075,4,53,AMD Radeon RX 9070 XT,64,0,1,1
g4.q_proj    tp2,2816,2048,32,float16,48,256x32,80.913,4,53,AMD Radeon RX 9070 XT,64,0,1,1
g4.q_proj    tp2,2816,2048,32,float16,48,128x64,81.989,4,53,AMD Radeon RX 9070 XT,64,0,1,1
g4.q_proj    tp2,2816,2048,32,float16,48,64x32,84.081,4,53,AMD Radeon RX 9070 XT,64,0,1,1
g4.q_proj    tp2,2816,2048,32,float16,48,256x64,84.464,4,53,AMD Radeon RX 9070 XT,64,0,1,1
g4.q_proj    tp2,2816,2048,32,float16,48,192x128x2,85.490,4,53,AMD Radeon RX 9070 XT,64,0,1,1
g4.q_proj    tp2,2816,2048,32,float16,48,32x128x4,86.136,4,53,AMD Radeon RX 9070 XT,64,0,1,1
g4.q_proj    tp2,2816,2048,32,float16,48,256x128x2,92.399,4,53,AMD Radeon RX 9070 XT,64,0,1,1
g4.q_proj    tp2,2816,2048,32,float16,48,32x64x2,93.352,3,53,AMD Radeon RX 9070 XT,64,0,1,1
g4.q_proj    tp2,2816,2048,32,float16,48,256x128,97.174,3,53,AMD Radeon RX 9070 XT,64,0,1,1
g4.q_proj    tp2,2816,2048,32,float16,48,96x128x2,98.843,3,53,AMD Radeon RX 9070 XT,64,0,1,1
g4.q_proj    tp2,2816,2048,32,float16,48,512x64,99.984,3,53,AMD Radeon RX 9070 XT,64,0,1,1
g4.q_proj    tp2,2816,2048,32,float16,48,64x128x2,102.274,3,53,AMD Radeon RX 9070 XT,64,0,1,1
g4.q_proj    tp2,2816,2048,32,float16,48,384x128,108.628,3,53,AMD Radeon RX 9070 XT,64,0,1,1
g4.q_proj    tp2,2816,2048,32,float16,48,64x64,109.081,3,53,AMD Radeon RX 9070 XT,64,0,1,1
g4.q_proj    tp2,2816,2048,32,float16,48,192x128,116.823,3,53,AMD Radeon RX 9070 XT,64,0,1,1
g4.q_proj    tp2,2816,2048,32,float16,48,128x128,117.633,3,53,AMD Radeon RX 9070 XT,64,0,1,1
g4.q_proj    tp2,2816,2048,32,float16,48,512x128,121.431,3,53,AMD Radeon RX 9070 XT,64,0,1,1
g4.q_proj    tp2,2816,2048,32,float16,48,32x32,136.399,2,53,AMD Radeon RX 9070 XT,64,0,1,1
g4.q_proj    tp2,2816,2048,32,float16,48,112x128,136.867,2,53,AMD Radeon RX 9070 XT,64,0,1,1
g4.q_proj    tp2,2816,2048,32,float16,48,96x128,136.927,2,53,AMD Radeon RX 9070 XT,64,0,1,1
g4.q_proj    tp2,2816,2048,32,float16,48,32x64,180.388,2,53,AMD Radeon RX 9070 XT,64,0,1,1
g4.q_proj    tp2,2816,2048,32,float16,48,64x128,185.565,2,53,AMD Radeon RX 9070 XT,64,0,1,1
g4.q_proj    tp2,2816,2048,32,float16,48,80x128,186.490,2,53,AMD Radeon RX 9070 XT,64,0,1,1
g4.q_proj    tp2,2816,2048,32,float16,48,256x192,187.795,2,53,AMD Radeon RX 9070 XT,64,0,1,1
g4.q_proj    tp2,2816,2048,32,float16,48,32x128,483.593,2,53,AMD Radeon RX 9070 XT,64,0,1,1
g4.q_proj    tp2,2816,2048,32,float16,48,16x64,507.499,2,53,AMD Radeon RX 9070 XT,64,0,1,1
g4.q_proj    tp2,2816,2048,32,float16,48,256x256,561.832,2,53,AMD Radeon RX 9070 XT,64,0,1,1
g4.q_proj    tp2,2816,2048,32,float16,48,128x256,572.116,2,53,AMD Radeon RX 9070 XT,64,0,1,1
g4.q_proj    tp2,2816,2048,32,float16,48,16x128,769.209,2,53,AMD Radeon RX 9070 XT,64,0,1,1
g4.q_proj    tp2,2816,2048,32,float16,63,32x64x4,57.315,6,53,AMD Radeon RX 9070 XT,64,0,1,1
g4.q_proj    tp2,2816,2048,32,float16,63,64x128x4,66.645,5,53,AMD Radeon RX 9070 XT,64,0,1,1
g4.q_proj    tp2,2816,2048,32,float16,63,128x64x2,70.929,5,53,AMD Radeon RX 9070 XT,64,0,1,1
g4.q_proj    tp2,2816,2048,32,float16,63,64x64x2,73.724,5,53,AMD Radeon RX 9070 XT,64,0,1,1
g4.q_proj    tp2,2816,2048,32,float16,63,128x128x4,77.466,4,53,AMD Radeon RX 9070 XT,64,0,1,1
g4.q_proj    tp2,2816,2048,32,float16,63,128x128x2,78.665,4,53,AMD Radeon RX 9070 XT,64,0,1,1
g4.q_proj    tp2,2816,2048,32,float16,63,128x32,79.359,4,53,AMD Radeon RX 9070 XT,64,0,1,1
g4.q_proj    tp2,2816,2048,32,float16,63,256x32,80.815,4,53,AMD Radeon RX 9070 XT,64,0,1,1
g4.q_proj    tp2,2816,2048,32,float16,63,128x64,82.680,4,53,AMD Radeon RX 9070 XT,64,0,1,1
g4.q_proj    tp2,2816,2048,32,float16,63,256x64,84.582,4,53,AMD Radeon RX 9070 XT,64,0,1,1
g4.q_proj    tp2,2816,2048,32,float16,63,192x128x2,85.656,4,53,AMD Radeon RX 9070 XT,64,0,1,1
g4.q_proj    tp2,2816,2048,32,float16,63,32x128x4,86.464,4,53,AMD Radeon RX 9070 XT,64,0,1,1
g4.q_proj    tp2,2816,2048,32,float16,63,64x32,90.913,4,53,AMD Radeon RX 9070 XT,64,0,1,1
g4.q_proj    tp2,2816,2048,32,float16,63,256x128x2,92.511,4,53,AMD Radeon RX 9070 XT,64,0,1,1
g4.q_proj    tp2,2816,2048,32,float16,63,32x64x2,96.354,3,53,AMD Radeon RX 9070 XT,64,0,1,1
g4.q_proj    tp2,2816,2048,32,float16,63,256x128,97.319,3,53,AMD Radeon RX 9070 XT,64,0,1,1
g4.q_proj    tp2,2816,2048,32,float16,63,512x64,100.128,3,53,AMD Radeon RX 9070 XT,64,0,1,1
g4.q_proj    tp2,2816,2048,32,float16,63,64x128x2,102.993,3,53,AMD Radeon RX 9070 XT,64,0,1,1
g4.q_proj    tp2,2816,2048,32,float16,63,96x128x2,105.756,3,53,AMD Radeon RX 9070 XT,64,0,1,1
g4.q_proj    tp2,2816,2048,32,float16,63,384x128,108.638,3,53,AMD Radeon RX 9070 XT,64,0,1,1
g4.q_proj    tp2,2816,2048,32,float16,63,32x32,114.448,3,53,AMD Radeon RX 9070 XT,64,0,1,1
g4.q_proj    tp2,2816,2048,32,float16,63,64x64,116.299,3,53,AMD Radeon RX 9070 XT,64,0,1,1
g4.q_proj    tp2,2816,2048,32,float16,63,128x128,118.428,3,53,AMD Radeon RX 9070 XT,64,0,1,1
g4.q_proj    tp2,2816,2048,32,float16,63,512x128,121.558,3,53,AMD Radeon RX 9070 XT,64,0,1,1
g4.q_proj    tp2,2816,2048,32,float16,63,192x128,123.705,3,53,AMD Radeon RX 9070 XT,64,0,1,1
g4.q_proj    tp2,2816,2048,32,float16,63,112x128,144.113,2,53,AMD Radeon RX 9070 XT,64,0,1,1
g4.q_proj    tp2,2816,2048,32,float16,63,96x128,144.145,2,53,AMD Radeon RX 9070 XT,64,0,1,1
g4.q_proj    tp2,2816,2048,32,float16,63,32x64,184.821,2,53,AMD Radeon RX 9070 XT,64,0,1,1
g4.q_proj    tp2,2816,2048,32,float16,63,256x192,186.620,2,53,AMD Radeon RX 9070 XT,64,0,1,1
g4.q_proj    tp2,2816,2048,32,float16,63,64x128,312.152,2,53,AMD Radeon RX 9070 XT,64,0,1,1
g4.q_proj    tp2,2816,2048,32,float16,63,80x128,417.055,2,53,AMD Radeon RX 9070 XT,64,0,1,1
g4.q_proj    tp2,2816,2048,32,float16,63,32x128,510.845,2,53,AMD Radeon RX 9070 XT,64,0,1,1
g4.q_proj    tp2,2816,2048,32,float16,63,16x64,515.076,2,53,AMD Radeon RX 9070 XT,64,0,1,1
g4.q_proj    tp2,2816,2048,32,float16,63,256x256,559.585,2,53,AMD Radeon RX 9070 XT,64,0,1,1
g4.q_proj    tp2,2816,2048,32,float16,63,128x256,587.855,2,53,AMD Radeon RX 9070 XT,64,0,1,1
g4.q_proj    tp2,2816,2048,32,float16,63,16x128,763.478,2,53,AMD Radeon RX 9070 XT,64,0,1,1
g4.q_proj    tp2,2816,2048,32,float16,64,32x64x4,57.462,6,53,AMD Radeon RX 9070 XT,64,0,1,1
g4.q_proj    tp2,2816,2048,32,float16,64,64x128x4,66.521,5,53,AMD Radeon RX 9070 XT,64,0,1,1
g4.q_proj    tp2,2816,2048,32,float16,64,128x64x2,70.836,5,53,AMD Radeon RX 9070 XT,64,0,1,1
g4.q_proj    tp2,2816,2048,32,float16,64,64x64x2,73.560,5,53,AMD Radeon RX 9070 XT,64,0,1,1
g4.q_proj    tp2,2816,2048,32,float16,64,128x128x4,77.368,4,53,AMD Radeon RX 9070 XT,64,0,1,1
g4.q_proj    tp2,2816,2048,32,float16,64,128x128x2,78.591,4,53,AMD Radeon RX 9070 XT,64,0,1,1
g4.q_proj    tp2,2816,2048,32,float16,64,128x32,79.197,4,53,AMD Radeon RX 9070 XT,64,0,1,1
g4.q_proj    tp2,2816,2048,32,float16,64,256x32,81.008,4,53,AMD Radeon RX 9070 XT,64,0,1,1
g4.q_proj    tp2,2816,2048,32,float16,64,128x64,82.497,4,53,AMD Radeon RX 9070 XT,64,0,1,1
g4.q_proj    tp2,2816,2048,32,float16,64,256x64,84.466,4,53,AMD Radeon RX 9070 XT,64,0,1,1
g4.q_proj    tp2,2816,2048,32,float16,64,192x128x2,85.680,4,53,AMD Radeon RX 9070 XT,64,0,1,1
g4.q_proj    tp2,2816,2048,32,float16,64,32x128x4,86.777,4,53,AMD Radeon RX 9070 XT,64,0,1,1
g4.q_proj    tp2,2816,2048,32,float16,64,64x32,90.843,4,53,AMD Radeon RX 9070 XT,64,0,1,1
g4.q_proj    tp2,2816,2048,32,float16,64,256x128x2,92.519,4,53,AMD Radeon RX 9070 XT,64,0,1,1
g4.q_proj    tp2,2816,2048,32,float16,64,32x64x2,96.510,3,53,AMD Radeon RX 9070 XT,64,0,1,1
g4.q_proj    tp2,2816,2048,32,float16,64,256x128,97.233,3,53,AMD Radeon RX 9070 XT,64,0,1,1
g4.q_proj    tp2,2816,2048,32,float16,64,512x64,100.086,3,53,AMD Radeon RX 9070 XT,64,0,1,1
g4.q_proj    tp2,2816,2048,32,float16,64,64x128x2,102.944,3,53,AMD Radeon RX 9070 XT,64,0,1,1
g4.q_proj    tp2,2816,2048,32,float16,64,96x128x2,105.813,3,53,AMD Radeon RX 9070 XT,64,0,1,1
g4.q_proj    tp2,2816,2048,32,float16,64,384x128,108.633,3,53,AMD Radeon RX 9070 XT,64,0,1,1
g4.q_proj    tp2,2816,2048,32,float16,64,32x32,114.316,3,53,AMD Radeon RX 9070 XT,64,0,1,1
g4.q_proj    tp2,2816,2048,32,float16,64,64x64,116.270,3,53,AMD Radeon RX 9070 XT,64,0,1,1
g4.q_proj    tp2,2816,2048,32,float16,64,128x128,118.413,3,53,AMD Radeon RX 9070 XT,64,0,1,1
g4.q_proj    tp2,2816,2048,32,float16,64,512x128,121.572,3,53,AMD Radeon RX 9070 XT,64,0,1,1
g4.q_proj    tp2,2816,2048,32,float16,64,192x128,123.775,3,53,AMD Radeon RX 9070 XT,64,0,1,1
g4.q_proj    tp2,2816,2048,32,float16,64,96x128,144.004,2,53,AMD Radeon RX 9070 XT,64,0,1,1
g4.q_proj    tp2,2816,2048,32,float16,64,112x128,144.199,2,53,AMD Radeon RX 9070 XT,64,0,1,1
g4.q_proj    tp2,2816,2048,32,float16,64,32x64,185.817,2,53,AMD Radeon RX 9070 XT,64,0,1,1
g4.q_proj    tp2,2816,2048,32,float16,64,256x192,186.427,2,53,AMD Radeon RX 9070 XT,64,0,1,1
g4.q_proj    tp2,2816,2048,32,float16,64,64x128,292.274,2,53,AMD Radeon RX 9070 XT,64,0,1,1
g4.q_proj    tp2,2816,2048,32,float16,64,80x128,441.741,2,53,AMD Radeon RX 9070 XT,64,0,1,1
g4.q_proj    tp2,2816,2048,32,float16,64,16x64,509.453,2,53,AMD Radeon RX 9070 XT,64,0,1,1
g4.q_proj    tp2,2816,2048,32,float16,64,32x128,510.633,2,53,AMD Radeon RX 9070 XT,64,0,1,1
g4.q_proj    tp2,2816,2048,32,float16,64,256x256,563.283,2,53,AMD Radeon RX 9070 XT,64,0,1,1
g4.q_proj    tp2,2816,2048,32,float16,64,128x256,572.744,2,53,AMD Radeon RX 9070 XT,64,0,1,1
g4.q_proj    tp2,2816,2048,32,float16,64,16x128,768.050,2,53,AMD Radeon RX 9070 XT,64,0,1,1
g4.q_proj    tp2,2816,2048,32,float16,96,32x64x4,58.412,6,53,AMD Radeon RX 9070 XT,64,0,1,1
g4.q_proj    tp2,2816,2048,32,float16,96,64x128x4,66.619,5,53,AMD Radeon RX 9070 XT,64,0,1,1
g4.q_proj    tp2,2816,2048,32,float16,96,64x64x2,73.738,4,53,AMD Radeon RX 9070 XT,64,0,1,1
g4.q_proj    tp2,2816,2048,32,float16,96,128x128x4,77.526,4,53,AMD Radeon RX 9070 XT,64,0,1,1
g4.q_proj    tp2,2816,2048,32,float16,96,128x64x2,77.942,4,53,AMD Radeon RX 9070 XT,64,0,1,1
g4.q_proj    tp2,2816,2048,32,float16,96,192x128x2,85.816,4,53,AMD Radeon RX 9070 XT,64,0,1,1
g4.q_proj    tp2,2816,2048,32,float16,96,128x128x2,86.161,4,53,AMD Radeon RX 9070 XT,64,0,1,1
g4.q_proj    tp2,2816,2048,32,float16,96,128x32,87.213,4,53,AMD Radeon RX 9070 XT,64,0,1,1
g4.q_proj    tp2,2816,2048,32,float16,96,256x32,87.891,4,53,AMD Radeon RX 9070 XT,64,0,1,1
g4.q_proj    tp2,2816,2048,32,float16,96,32x128x4,88.428,4,53,AMD Radeon RX 9070 XT,64,0,1,1
g4.q_proj    tp2,2816,2048,32,float16,96,128x64,89.930,4,53,AMD Radeon RX 9070 XT,64,0,1,1
g4.q_proj    tp2,2816,2048,32,float16,96,64x32,90.176,4,53,AMD Radeon RX 9070 XT,64,0,1,1
g4.q_proj    tp2,2816,2048,32,float16,96,256x64,91.704,4,53,AMD Radeon RX 9070 XT,64,0,1,1
g4.q_proj    tp2,2816,2048,32,float16,96,256x128x2,92.683,4,53,AMD Radeon RX 9070 XT,64,0,1,1
g4.q_proj    tp2,2816,2048,32,float16,96,32x64x2,96.897,3,53,AMD Radeon RX 9070 XT,64,0,1,1
g4.q_proj    tp2,2816,2048,32,float16,96,64x128x2,99.555,3,53,AMD Radeon RX 9070 XT,64,0,1,1
g4.q_proj    tp2,2816,2048,32,float16,96,512x64,100.115,3,53,AMD Radeon RX 9070 XT,64,0,1,1
g4.q_proj    tp2,2816,2048,32,float16,96,256x128,104.225,3,53,AMD Radeon RX 9070 XT,64,0,1,1
g4.q_proj    tp2,2816,2048,32,float16,96,96x128x2,106.130,3,53,AMD Radeon RX 9070 XT,64,0,1,1
g4.q_proj    tp2,2816,2048,32,float16,96,384x128,108.783,3,53,AMD Radeon RX 9070 XT,64,0,1,1
g4.q_proj    tp2,2816,2048,32,float16,96,32x32,115.041,3,53,AMD Radeon RX 9070 XT,64,0,1,1
g4.q_proj    tp2,2816,2048,32,float16,96,64x64,115.427,3,53,AMD Radeon RX 9070 XT,64,0,1,1
g4.q_proj    tp2,2816,2048,32,float16,96,512x128,121.698,3,53,AMD Radeon RX 9070 XT,64,0,1,1
g4.q_proj    tp2,2816,2048,32,float16,96,192x128,123.949,2,53,AMD Radeon RX 9070 XT,64,0,1,1
g4.q_proj    tp2,2816,2048,32,float16,96,128x128,125.995,2,53,AMD Radeon RX 9070 XT,64,0,1,1
g4.q_proj    tp2,2816,2048,32,float16,96,64x128,160.360,2,53,AMD Radeon RX 9070 XT,64,0,1,1
g4.q_proj    tp2,2816,2048,32,float16,96,112x128,165.687,2,53,AMD Radeon RX 9070 XT,64,0,1,1
g4.q_proj    tp2,2816,2048,32,float16,96,96x128,166.370,2,53,AMD Radeon RX 9070 XT,64,0,1,1
g4.q_proj    tp2,2816,2048,32,float16,96,32x64,184.940,2,53,AMD Radeon RX 9070 XT,64,0,1,1
g4.q_proj    tp2,2816,2048,32,float16,96,256x192,199.829,2,53,AMD Radeon RX 9070 XT,64,0,1,1
g4.q_proj    tp2,2816,2048,32,float16,96,80x128,210.952,2,53,AMD Radeon RX 9070 XT,64,0,1,1
g4.q_proj    tp2,2816,2048,32,float16,96,16x64,528.967,2,53,AMD Radeon RX 9070 XT,64,0,1,1
g4.q_proj    tp2,2816,2048,32,float16,96,32x128,531.699,2,53,AMD Radeon RX 9070 XT,64,0,1,1
g4.q_proj    tp2,2816,2048,32,float16,96,256x256,588.137,2,53,AMD Radeon RX 9070 XT,64,0,1,1
g4.q_proj    tp2,2816,2048,32,float16,96,128x256,608.001,2,53,AMD Radeon RX 9070 XT,64,0,1,1
g4.q_proj    tp2,2816,2048,32,float16,96,16x128,772.375,2,53,AMD Radeon RX 9070 XT,64,0,1,1
g4.q_proj    tp2,2816,2048,32,float16,128,32x64x4,60.380,6,53,AMD Radeon RX 9070 XT,64,0,1,1
g4.q_proj    tp2,2816,2048,32,float16,128,64x128x4,67.000,4,53,AMD Radeon RX 9070 XT,64,0,1,1
g4.q_proj    tp2,2816,2048,32,float16,128,64x64x2,75.137,4,53,AMD Radeon RX 9070 XT,64,0,1,1
g4.q_proj    tp2,2816,2048,32,float16,128,128x128x4,77.657,4,53,AMD Radeon RX 9070 XT,64,0,1,1
g4.q_proj    tp2,2816,2048,32,float16,128,128x64x2,78.108,4,53,AMD Radeon RX 9070 XT,64,0,1,1
g4.q_proj    tp2,2816,2048,32,float16,128,128x128x2,86.120,4,53,AMD Radeon RX 9070 XT,64,0,1,1
g4.q_proj    tp2,2816,2048,32,float16,128,256x32,88.376,4,53,AMD Radeon RX 9070 XT,64,0,1,1
g4.q_proj    tp2,2816,2048,32,float16,128,32x128x4,88.562,4,53,AMD Radeon RX 9070 XT,64,0,1,1
g4.q_proj    tp2,2816,2048,32,float16,128,256x64,91.660,4,53,AMD Radeon RX 9070 XT,64,0,1,1
g4.q_proj    tp2,2816,2048,32,float16,128,64x32,91.827,3,53,AMD Radeon RX 9070 XT,64,0,1,1
g4.q_proj    tp2,2816,2048,32,float16,128,256x128x2,92.840,3,53,AMD Radeon RX 9070 XT,64,0,1,1
g4.q_proj    tp2,2816,2048,32,float16,128,192x128x2,92.987,3,53,AMD Radeon RX 9070 XT,64,0,1,1
g4.q_proj    tp2,2816,2048,32,float16,128,128x32,94.089,3,53,AMD Radeon RX 9070 XT,64,0,1,1
g4.q_proj    tp2,2816,2048,32,float16,128,128x64,97.104,3,53,AMD Radeon RX 9070 XT,64,0,1,1
g4.q_proj    tp2,2816,2048,32,float16,128,32x64x2,97.326,3,53,AMD Radeon RX 9070 XT,64,0,1,1
g4.q_proj    tp2,2816,2048,32,float16,128,512x64,100.238,3,53,AMD Radeon RX 9070 XT,64,0,1,1
g4.q_proj    tp2,2816,2048,32,float16,128,96x128x2,102.796,3,53,AMD Radeon RX 9070 XT,64,0,1,1
g4.q_proj    tp2,2816,2048,32,float16,128,64x128x2,103.578,3,53,AMD Radeon RX 9070 XT,64,0,1,1
g4.q_proj    tp2,2816,2048,32,float16,128,256x128,104.578,3,53,AMD Radeon RX 9070 XT,64,0,1,1
g4.q_proj    tp2,2816,2048,32,float16,128,32x32,114.502,3,53,AMD Radeon RX 9070 XT,64,0,1,1
g4.q_proj    tp2,2816,2048,32,float16,128,384x128,115.994,3,53,AMD Radeon RX 9070 XT,64,0,1,1
g4.q_proj    tp2,2816,2048,32,float16,128,64x64,118.430,3,53,AMD Radeon RX 9070 XT,64,0,1,1
g4.q_proj    tp2,2816,2048,32,float16,128,512x128,121.699,3,53,AMD Radeon RX 9070 XT,64,0,1,1
g4.q_proj    tp2,2816,2048,32,float16,128,192x128,131.160,2,53,AMD Radeon RX 9070 XT,64,0,1,1
g4.q_proj    tp2,2816,2048,32,float16,128,128x128,133.177,2,53,AMD Radeon RX 9070 XT,64,0,1,1
g4.q_proj    tp2,2816,2048,32,float16,128,96x128,146.882,2,53,AMD Radeon RX 9070 XT,64,0,1,1
g4.q_proj    tp2,2816,2048,32,float16,128,112x128,148.684,2,53,AMD Radeon RX 9070 XT,64,0,1,1
g4.q_proj    tp2,2816,2048,32,float16,128,32x64,188.604,2,53,AMD Radeon RX 9070 XT,64,0,1,1
g4.q_proj    tp2,2816,2048,32,float16,128,256x192,196.639,2,53,AMD Radeon RX 9070 XT,64,0,1,1
g4.q_proj    tp2,2816,2048,32,float16,128,80x128,230.397,2,53,AMD Radeon RX 9070 XT,64,0,1,1
g4.q_proj    tp2,2816,2048,32,float16,128,64x128,338.366,2,53,AMD Radeon RX 9070 XT,64,0,1,1
g4.q_proj    tp2,2816,2048,32,float16,128,16x64,522.860,2,53,AMD Radeon RX 9070 XT,64,0,1,1
g4.q_proj    tp2,2816,2048,32,float16,128,32x128,531.214,2,53,AMD Radeon RX 9070 XT,64,0,1,1
g4.q_proj    tp2,2816,2048,32,float16,128,256x256,602.776,2,53,AMD Radeon RX 9070 XT,64,0,1,1
g4.q_proj    tp2,2816,2048,32,float16,128,128x256,616.269,2,53,AMD Radeon RX 9070 XT,64,0,1,1
g4.q_proj    tp2,2816,2048,32,float16,128,16x128,881.921,2,53,AMD Radeon RX 9070 XT,64,0,1,1
g4.q_proj    tp2,2816,2048,32,float16,192,32x64x4,72.028,5,53,AMD Radeon RX 9070 XT,64,0,1,1
g4.q_proj    tp2,2816,2048,32,float16,192,64x128x4,74.071,4,53,AMD Radeon RX 9070 XT,64,0,1,1
g4.q_proj    tp2,2816,2048,32,float16,192,128x128x4,77.763,4,53,AMD Radeon RX 9070 XT,64,0,1,1
g4.q_proj    tp2,2816,2048,32,float16,192,64x64x2,78.609,4,53,AMD Radeon RX 9070 XT,64,0,1,1
g4.q_proj    tp2,2816,2048,32,float16,192,128x64x2,79.405,4,53,AMD Radeon RX 9070 XT,64,0,1,1
g4.q_proj    tp2,2816,2048,32,float16,192,128x128x2,84.397,4,53,AMD Radeon RX 9070 XT,64,0,1,1
g4.q_proj    tp2,2816,2048,32,float16,192,192x128x2,93.590,3,53,AMD Radeon RX 9070 XT,64,0,1,1
g4.q_proj    tp2,2816,2048,32,float16,192,64x32,93.902,3,53,AMD Radeon RX 9070 XT,64,0,1,1
g4.q_proj    tp2,2816,2048,32,float16,192,32x128x4,93.938,3,53,AMD Radeon RX 9070 XT,64,0,1,1
g4.q_proj    tp2,2816,2048,32,float16,192,256x32,95.670,3,53,AMD Radeon RX 9070 XT,64,0,1,1
g4.q_proj    tp2,2816,2048,32,float16,192,256x64,98.869,3,53,AMD Radeon RX 9070 XT,64,0,1,1
g4.q_proj    tp2,2816,2048,32,float16,192,128x64,99.660,3,53,AMD Radeon RX 9070 XT,64,0,1,1
g4.q_proj    tp2,2816,2048,32,float16,192,256x128x2,100.260,3,53,AMD Radeon RX 9070 XT,64,0,1,1
g4.q_proj    tp2,2816,2048,32,float16,192,32x64x2,103.296,3,53,AMD Radeon RX 9070 XT,64,0,1,1
g4.q_proj    tp2,2816,2048,32,float16,192,128x32,103.770,3,53,AMD Radeon RX 9070 XT,64,0,1,1
g4.q_proj    tp2,2816,2048,32,float16,192,96x128x2,105.757,3,53,AMD Radeon RX 9070 XT,64,0,1,1
g4.q_proj    tp2,2816,2048,32,float16,192,64x128x2,105.819,3,53,AMD Radeon RX 9070 XT,64,0,1,1
g4.q_proj    tp2,2816,2048,32,float16,192,512x64,107.559,3,53,AMD Radeon RX 9070 XT,64,0,1,1
g4.q_proj    tp2,2816,2048,32,float16,192,256x128,112.425,3,53,AMD Radeon RX 9070 XT,64,0,1,1
g4.q_proj    tp2,2816,2048,32,float16,192,384x128,116.703,3,53,AMD Radeon RX 9070 XT,64,0,1,1
g4.q_proj    tp2,2816,2048,32,float16,192,64x64,119.225,3,53,AMD Radeon RX 9070 XT,64,0,1,1
g4.q_proj    tp2,2816,2048,32,float16,192,32x32,119.536,3,53,AMD Radeon RX 9070 XT,64,0,1,1
g4.q_proj    tp2,2816,2048,32,float16,192,128x128,129.060,2,53,AMD Radeon RX 9070 XT,64,0,1,1
g4.q_proj    tp2,2816,2048,32,float16,192,512x128,129.263,2,53,AMD Radeon RX 9070 XT,64,0,1,1
g4.q_proj    tp2,2816,2048,32,float16,192,192x128,139.536,2,53,AMD Radeon RX 9070 XT,64,0,1,1
g4.q_proj    tp2,2816,2048,32,float16,192,112x128,146.899,2,53,AMD Radeon RX 9070 XT,64,0,1,1
g4.q_proj    tp2,2816,2048,32,float16,192,96x128,151.218,2,53,AMD Radeon RX 9070 XT,64,0,1,1
g4.q_proj    tp2,2816,2048,32,float16,192,80x128,168.702,2,53,AMD Radeon RX 9070 XT,64,0,1,1
g4.q_proj    tp2,2816,2048,32,float16,192,32x64,187.932,2,53,AMD Radeon RX 9070 XT,64,0,1,1
g4.q_proj    tp2,2816,2048,32,float16,192,256x192,206.487,2,53,AMD Radeon RX 9070 XT,64,0,1,1
g4.q_proj    tp2,2816,2048,32,float16,192,64x128,313.276,2,53,AMD Radeon RX 9070 XT,64,0,1,1
g4.q_proj    tp2,2816,2048,32,float16,192,16x64,517.465,2,53,AMD Radeon RX 9070 XT,64,0,1,1
g4.q_proj    tp2,2816,2048,32,float16,192,32x128,547.847,2,53,AMD Radeon RX 9070 XT,64,0,1,1
g4.q_proj    tp2,2816,2048,32,float16,192,128x256,590.739,2,53,AMD Radeon RX 9070 XT,64,0,1,1
g4.q_proj    tp2,2816,2048,32,float16,192,256x256,597.104,2,53,AMD Radeon RX 9070 XT,64,0,1,1
g4.q_proj    tp2,2816,2048,32,float16,192,16x128,807.273,2,53,AMD Radeon RX 9070 XT,64,0,1,1
g4.q_proj    tp2,2816,2048,32,float16,256,64x128x4,85.070,3,53,AMD Radeon RX 9070 XT,64,0,1,1
g4.q_proj    tp2,2816,2048,32,float16,256,128x128x4,86.860,4,53,AMD Radeon RX 9070 XT,64,0,1,1
g4.q_proj    tp2,2816,2048,32,float16,256,128x64x2,91.523,3,53,AMD Radeon RX 9070 XT,64,0,1,1
g4.q_proj    tp2,2816,2048,32,float16,256,64x64x2,93.267,3,53,AMD Radeon RX 9070 XT,64,0,1,1
g4.q_proj    tp2,2816,2048,32,float16,256,128x128x2,94.550,3,53,AMD Radeon RX 9070 XT,64,0,1,1
g4.q_proj    tp2,2816,2048,32,float16,256,192x128x2,99.896,3,53,AMD Radeon RX 9070 XT,64,0,1,1
g4.q_proj    tp2,2816,2048,32,float16,256,256x128x2,108.148,3,53,AMD Radeon RX 9070 XT,64,0,1,1
g4.q_proj    tp2,2816,2048,32,float16,256,256x32,109.836,3,53,AMD Radeon RX 9070 XT,64,0,1,1
g4.q_proj    tp2,2816,2048,32,float16,256,128x32,110.416,3,53,AMD Radeon RX 9070 XT,64,0,1,1
g4.q_proj    tp2,2816,2048,32,float16,256,128x64,110.700,3,53,AMD Radeon RX 9070 XT,64,0,1,1
g4.q_proj    tp2,2816,2048,32,float16,256,256x64,114.454,3,53,AMD Radeon RX 9070 XT,64,0,1,1
g4.q_proj    tp2,2816,2048,32,float16,256,512x64,116.017,3,53,AMD Radeon RX 9070 XT,64,0,1,1
g4.q_proj    tp2,2816,2048,32,float16,256,96x128x2,120.745,3,53,AMD Radeon RX 9070 XT,64,0,1,1
g4.q_proj    tp2,2816,2048,32,float16,256,32x128x4,122.643,2,53,AMD Radeon RX 9070 XT,64,0,1,1
g4.q_proj    tp2,2816,2048,32,float16,256,256x128,127.944,2,53,AMD Radeon RX 9070 XT,64,0,1,1
g4.q_proj    tp2,2816,2048,32,float16,256,32x64x4,128.198,2,53,AMD Radeon RX 9070 XT,64,0,1,1
g4.q_proj    tp2,2816,2048,32,float16,256,64x32,128.989,2,53,AMD Radeon RX 9070 XT,64,0,1,1
g4.q_proj    tp2,2816,2048,32,float16,256,64x64,130.054,2,53,AMD Radeon RX 9070 XT,64,0,1,1
g4.q_proj    tp2,2816,2048,32,float16,256,384x128,131.791,2,53,AMD Radeon RX 9070 XT,64,0,1,1
g4.q_proj    tp2,2816,2048,32,float16,256,512x128,137.034,2,53,AMD Radeon RX 9070 XT,64,0,1,1
g4.q_proj    tp2,2816,2048,32,float16,256,64x128x2,137.404,2,53,AMD Radeon RX 9070 XT,64,0,1,1
g4.q_proj    tp2,2816,2048,32,float16,256,128x128,141.970,2,53,AMD Radeon RX 9070 XT,64,0,1,1
g4.q_proj    tp2,2816,2048,32,float16,256,192x128,142.848,2,53,AMD Radeon RX 9070 XT,64,0,1,1
g4.q_proj    tp2,2816,2048,32,float16,256,32x64x2,147.998,2,53,AMD Radeon RX 9070 XT,64,0,1,1
g4.q_proj    tp2,2816,2048,32,float16,256,96x128,160.699,2,53,AMD Radeon RX 9070 XT,64,0,1,1
g4.q_proj    tp2,2816,2048,32,float16,256,32x32,163.180,2,53,AMD Radeon RX 9070 XT,64,0,1,1
g4.q_proj    tp2,2816,2048,32,float16,256,112x128,171.856,2,53,AMD Radeon RX 9070 XT,64,0,1,1
g4.q_proj    tp2,2816,2048,32,float16,256,80x128,195.670,2,53,AMD Radeon RX 9070 XT,64,0,1,1
g4.q_proj    tp2,2816,2048,32,float16,256,256x192,276.025,2,53,AMD Radeon RX 9070 XT,64,0,1,1
g4.q_proj    tp2,2816,2048,32,float16,256,32x64,310.716,2,53,AMD Radeon RX 9070 XT,64,0,1,1
g4.q_proj    tp2,2816,2048,32,float16,256,64x128,470.460,2,53,AMD Radeon RX 9070 XT,64,0,1,1
g4.q_proj    tp2,2816,2048,32,float16,256,16x64,536.635,2,53,AMD Radeon RX 9070 XT,64,0,1,1
g4.q_proj    tp2,2816,2048,32,float16,256,32x128,561.788,2,53,AMD Radeon RX 9070 XT,64,0,1,1
g4.q_proj    tp2,2816,2048,32,float16,256,256x256,607.223,2,53,AMD Radeon RX 9070 XT,64,0,1,1
g4.q_proj    tp2,2816,2048,32,float16,256,128x256,616.616,2,53,AMD Radeon RX 9070 XT,64,0,1,1
g4.q_proj    tp2,2816,2048,32,float16,256,16x128,787.434,2,53,AMD Radeon RX 9070 XT,64,0,1,1
g4.q_proj    tp2,2816,2048,32,float16,512,256x128x2,114.855,3,53,AMD Radeon RX 9070 XT,64,0,1,1
g4.q_proj    tp2,2816,2048,32,float16,512,128x128x2,117.384,3,53,AMD Radeon RX 9070 XT,64,0,1,1
g4.q_proj    tp2,2816,2048,32,float16,512,128x128x4,117.622,3,53,AMD Radeon RX 9070 XT,64,0,1,1
g4.q_proj    tp2,2816,2048,32,float16,512,128x64x2,129.722,2,53,AMD Radeon RX 9070 XT,64,0,1,1
g4.q_proj    tp2,2816,2048,32,float16,512,192x128x2,130.374,2,53,AMD Radeon RX 9070 XT,64,0,1,1
g4.q_proj    tp2,2816,2048,32,float16,512,256x64,130.763,2,53,AMD Radeon RX 9070 XT,64,0,1,1
g4.q_proj    tp2,2816,2048,32,float16,512,128x64,133.591,2,53,AMD Radeon RX 9070 XT,64,0,1,1
g4.q_proj    tp2,2816,2048,32,float16,512,256x128,134.575,2,53,AMD Radeon RX 9070 XT,64,0,1,1
g4.q_proj    tp2,2816,2048,32,float16,512,512x64,136.065,2,53,AMD Radeon RX 9070 XT,64,0,1,1
g4.q_proj    tp2,2816,2048,32,float16,512,64x128x2,142.953,2,53,AMD Radeon RX 9070 XT,64,0,1,1
g4.q_proj    tp2,2816,2048,32,float16,512,384x128,143.350,2,53,AMD Radeon RX 9070 XT,64,0,1,1
g4.q_proj    tp2,2816,2048,32,float16,512,256x32,145.079,2,53,AMD Radeon RX 9070 XT,64,0,1,1
g4.q_proj    tp2,2816,2048,32,float16,512,96x128x2,145.550,2,53,AMD Radeon RX 9070 XT,64,0,1,1
g4.q_proj    tp2,2816,2048,32,float16,512,64x128x4,148.895,2,53,AMD Radeon RX 9070 XT,64,0,1,1
g4.q_proj    tp2,2816,2048,32,float16,512,128x32,152.650,2,53,AMD Radeon RX 9070 XT,64,0,1,1
g4.q_proj    tp2,2816,2048,32,float16,512,128x128,153.196,2,53,AMD Radeon RX 9070 XT,64,0,1,1
g4.q_proj    tp2,2816,2048,32,float16,512,512x128,159.913,2,53,AMD Radeon RX 9070 XT,64,0,1,1
g4.q_proj    tp2,2816,2048,32,float16,512,64x64,164.623,2,53,AMD Radeon RX 9070 XT,64,0,1,1
g4.q_proj    tp2,2816,2048,32,float16,512,192x128,168.956,2,53,AMD Radeon RX 9070 XT,64,0,1,1
g4.q_proj    tp2,2816,2048,32,float16,512,32x64x4,170.346,2,53,AMD Radeon RX 9070 XT,64,0,1,1
g4.q_proj    tp2,2816,2048,32,float16,512,96x128,177.654,2,53,AMD Radeon RX 9070 XT,64,0,1,1
g4.q_proj    tp2,2816,2048,32,float16,512,112x128,181.462,2,53,AMD Radeon RX 9070 XT,64,0,1,1
g4.q_proj    tp2,2816,2048,32,float16,512,64x64x2,183.392,2,53,AMD Radeon RX 9070 XT,64,0,1,1
g4.q_proj    tp2,2816,2048,32,float16,512,80x128,214.133,2,53,AMD Radeon RX 9070 XT,64,0,1,1
g4.q_proj    tp2,2816,2048,32,float16,512,32x128x4,217.829,2,53,AMD Radeon RX 9070 XT,64,0,1,1
g4.q_proj    tp2,2816,2048,32,float16,512,64x32,218.921,2,53,AMD Radeon RX 9070 XT,64,0,1,1
g4.q_proj    tp2,2816,2048,32,float16,512,256x192,229.250,2,53,AMD Radeon RX 9070 XT,64,0,1,1
g4.q_proj    tp2,2816,2048,32,float16,512,32x64x2,253.688,2,53,AMD Radeon RX 9070 XT,64,0,1,1
g4.q_proj    tp2,2816,2048,32,float16,512,32x32,280.305,2,53,AMD Radeon RX 9070 XT,64,0,1,1
g4.q_proj    tp2,2816,2048,32,float16,512,32x64,380.271,2,53,AMD Radeon RX 9070 XT,64,0,1,1
g4.q_proj    tp2,2816,2048,32,float16,512,256x256,402.326,2,53,AMD Radeon RX 9070 XT,64,0,1,1
g4.q_proj    tp2,2816,2048,32,float16,512,128x256,433.944,2,53,AMD Radeon RX 9070 XT,64,0,1,1
g4.q_proj    tp2,2816,2048,32,float16,512,64x128,480.230,2,53,AMD Radeon RX 9070 XT,64,0,1,1
g4.q_proj    tp2,2816,2048,32,float16,512,32x128,552.387,2,53,AMD Radeon RX 9070 XT,64,0,1,1
g4.q_proj    tp2,2816,2048,32,float16,512,16x64,628.197,2,53,AMD Radeon RX 9070 XT,64,0,1,1
g4.q_proj    tp2,2816,2048,32,float16,512,16x128,758.677,2,53,AMD Radeon RX 9070 XT,64,0,1,1
g4.q_proj    tp2,2816,2048,32,float16,1024,512x128,172.245,2,53,AMD Radeon RX 9070 XT,64,0,1,1
g4.q_proj    tp2,2816,2048,32,float16,1024,256x128,174.604,2,53,AMD Radeon RX 9070 XT,64,0,1,1
g4.q_proj    tp2,2816,2048,32,float16,1024,128x128,202.976,2,53,AMD Radeon RX 9070 XT,64,0,1,1
g4.q_proj    tp2,2816,2048,32,float16,1024,128x128x2,214.552,2,53,AMD Radeon RX 9070 XT,64,0,1,1
g4.q_proj    tp2,2816,2048,32,float16,1024,192x128x2,215.546,2,53,AMD Radeon RX 9070 XT,64,0,1,1
g4.q_proj    tp2,2816,2048,32,float16,1024,256x128x2,219.490,2,53,AMD Radeon RX 9070 XT,64,0,1,1
g4.q_proj    tp2,2816,2048,32,float16,1024,128x128x4,221.714,2,53,AMD Radeon RX 9070 XT,64,0,1,1
g4.q_proj    tp2,2816,2048,32,float16,1024,128x64,243.781,2,53,AMD Radeon RX 9070 XT,64,0,1,1
g4.q_proj    tp2,2816,2048,32,float16,1024,128x64x2,244.213,2,53,AMD Radeon RX 9070 XT,64,0,1,1
g4.q_proj    tp2,2816,2048,32,float16,1024,64x128x4,245.497,2,53,AMD Radeon RX 9070 XT,64,0,1,1
g4.q_proj    tp2,2816,2048,32,float16,1024,96x128x2,256.092,2,53,AMD Radeon RX 9070 XT,64,0,1,1
g4.q_proj    tp2,2816,2048,32,float16,1024,512x64,260.006,2,53,AMD Radeon RX 9070 XT,64,0,1,1
g4.q_proj    tp2,2816,2048,32,float16,1024,256x64,262.477,2,53,AMD Radeon RX 9070 XT,64,0,1,1
g4.q_proj    tp2,2816,2048,32,float16,1024,64x128x2,265.876,2,53,AMD Radeon RX 9070 XT,64,0,1,1
g4.q_proj    tp2,2816,2048,32,float16,1024,384x128,272.258,2,53,AMD Radeon RX 9070 XT,64,0,1,1
g4.q_proj    tp2,2816,2048,32,float16,1024,256x32,278.162,2,53,AMD Radeon RX 9070 XT,64,0,1,1
g4.q_proj    tp2,2816,2048,32,float16,1024,64x64x2,282.567,2,53,AMD Radeon RX 9070 XT,64,0,1,1
g4.q_proj    tp2,2816,2048,32,float16,1024,128x32,288.173,2,53,AMD Radeon RX 9070 XT,64,0,1,1
g4.q_proj    tp2,2816,2048,32,float16,1024,64x64,296.190,2,53,AMD Radeon RX 9070 XT,64,0,1,1
g4.q_proj    tp2,2816,2048,32,float16,1024,192x128,319.790,2,53,AMD Radeon RX 9070 XT,64,0,1,1
g4.q_proj    tp2,2816,2048,32,float16,1024,112x128,334.788,2,53,AMD Radeon RX 9070 XT,64,0,1,1
g4.q_proj    tp2,2816,2048,32,float16,1024,32x128x4,346.475,2,53,AMD Radeon RX 9070 XT,64,0,1,1
g4.q_proj    tp2,2816,2048,32,float16,1024,96x128,349.449,2,53,AMD Radeon RX 9070 XT,64,0,1,1
g4.q_proj    tp2,2816,2048,32,float16,1024,32x64x4,350.396,2,53,AMD Radeon RX 9070 XT,64,0,1,1
g4.q_proj    tp2,2816,2048,32,float16,1024,64x32,353.352,2,53,AMD Radeon RX 9070 XT,64,0,1,1
g4.q_proj    tp2,2816,2048,32,float16,1024,256x256,374.437,2,53,AMD Radeon RX 9070 XT,64,0,1,1
g4.q_proj    tp2,2816,2048,32,float16,1024,32x64x2,387.181,2,53,AMD Radeon RX 9070 XT,64,0,1,1
g4.q_proj    tp2,2816,2048,32,float16,1024,128x256,416.879,2,53,AMD Radeon RX 9070 XT,64,0,1,1
g4.q_proj    tp2,2816,2048,32,float16,1024,32x64,425.111,2,53,AMD Radeon RX 9070 XT,64,0,1,1
g4.q_proj    tp2,2816,2048,32,float16,1024,32x32,437.648,2,53,AMD Radeon RX 9070 XT,64,0,1,1
g4.q_proj    tp2,2816,2048,32,float16,1024,64x128,494.789,2,53,AMD Radeon RX 9070 XT,64,0,1,1
g4.q_proj    tp2,2816,2048,32,float16,1024,32x128,590.843,2,53,AMD Radeon RX 9070 XT,64,0,1,1
g4.q_proj    tp2,2816,2048,32,float16,1024,80x128,697.537,2,53,AMD Radeon RX 9070 XT,64,0,1,1
g4.q_proj    tp2,2816,2048,32,float16,1024,256x192,936.167,2,53,AMD Radeon RX 9070 XT,64,0,1,1
g4.q_proj    tp2,2816,2048,32,float16,1024,16x64,1308.493,2,53,AMD Radeon RX 9070 XT,64,0,1,1
g4.q_proj    tp2,2816,2048,32,float16,1024,16x128,1697.404,2,53,AMD Radeon RX 9070 XT,64,0,1,1
g4.q_proj    tp2,2816,2048,32,float16,2048,256x128,335.513,2,53,AMD Radeon RX 9070 XT,64,0,1,1
g4.q_proj    tp2,2816,2048,32,float16,2048,512x128,336.293,2,53,AMD Radeon RX 9070 XT,64,0,1,1
g4.q_proj    tp2,2816,2048,32,float16,2048,128x128x2,372.052,2,53,AMD Radeon RX 9070 XT,64,0,1,1
g4.q_proj    tp2,2816,2048,32,float16,2048,192x128x2,386.379,2,53,AMD Radeon RX 9070 XT,64,0,1,1
g4.q_proj    tp2,2816,2048,32,float16,2048,128x128,392.267,2,53,AMD Radeon RX 9070 XT,64,0,1,1
g4.q_proj    tp2,2816,2048,32,float16,2048,256x64,414.649,2,53,AMD Radeon RX 9070 XT,64,0,1,1
g4.q_proj    tp2,2816,2048,32,float16,2048,384x128,417.439,2,53,AMD Radeon RX 9070 XT,64,0,1,1
g4.q_proj    tp2,2816,2048,32,float16,2048,128x64,423.037,2,53,AMD Radeon RX 9070 XT,64,0,1,1
g4.q_proj    tp2,2816,2048,32,float16,2048,256x128x2,424.646,2,53,AMD Radeon RX 9070 XT,64,0,1,1
g4.q_proj    tp2,2816,2048,32,float16,2048,128x128x4,430.686,2,53,AMD Radeon RX 9070 XT,64,0,1,1
g4.q_proj    tp2,2816,2048,32,float16,2048,96x128x2,447.353,2,53,AMD Radeon RX 9070 XT,64,0,1,1
g4.q_proj    tp2,2816,2048,32,float16,2048,64x128x4,461.356,2,53,AMD Radeon RX 9070 XT,64,0,1,1
g4.q_proj    tp2,2816,2048,32,float16,2048,64x128x2,465.369,2,53,AMD Radeon RX 9070 XT,64,0,1,1
g4.q_proj    tp2,2816,2048,32,float16,2048,128x64x2,465.639,2,53,AMD Radeon RX 9070 XT,64,0,1,1
g4.q_proj    tp2,2816,2048,32,float16,2048,512x64,505.647,2,53,AMD Radeon RX 9070 XT,64,0,1,1
g4.q_proj    tp2,2816,2048,32,float16,2048,192x128,507.565,2,53,AMD Radeon RX 9070 XT,64,0,1,1
g4.q_proj    tp2,2816,2048,32,float16,2048,64x64,516.934,2,53,AMD Radeon RX 9070 XT,64,0,1,1
g4.q_proj    tp2,2816,2048,32,float16,2048,64x64x2,527.524,2,53,AMD Radeon RX 9070 XT,64,0,1,1
g4.q_proj    tp2,2816,2048,32,float16,2048,112x128,534.281,2,53,AMD Radeon RX 9070 XT,64,0,1,1
g4.q_proj    tp2,2816,2048,32,float16,2048,256x32,534.377,2,53,AMD Radeon RX 9070 XT,64,0,1,1
g4.q_proj    tp2,2816,2048,32,float16,2048,96x128,544.292,2,53,AMD Radeon RX 9070 XT,64,0,1,1
g4.q_proj    tp2,2816,2048,32,float16,2048,128x32,565.838,2,53,AMD Radeon RX 9070 XT,64,0,1,1
g4.q_proj    tp2,2816,2048,32,float16,2048,64x32,612.114,2,53,AMD Radeon RX 9070 XT,64,0,1,1
g4.q_proj    tp2,2816,2048,32,float16,2048,32x128x4,638.749,2,53,AMD Radeon RX 9070 XT,64,0,1,1
g4.q_proj    tp2,2816,2048,32,float16,2048,32x64x4,642.917,2,53,AMD Radeon RX 9070 XT,64,0,1,1
g4.q_proj    tp2,2816,2048,32,float16,2048,32x64x2,703.587,2,53,AMD Radeon RX 9070 XT,64,0,1,1
g4.q_proj    tp2,2816,2048,32,float16,2048,32x64,737.651,2,53,AMD Radeon RX 9070 XT,64,0,1,1
g4.q_proj    tp2,2816,2048,32,float16,2048,256x256,749.498,2,53,AMD Radeon RX 9070 XT,64,0,1,1
g4.q_proj    tp2,2816,2048,32,float16,2048,32x32,788.296,2,53,AMD Radeon RX 9070 XT,64,0,1,1
g4.q_proj    tp2,2816,2048,32,float16,2048,128x256,817.068,2,53,AMD Radeon RX 9070 XT,64,0,1,1
g4.q_proj    tp2,2816,2048,32,float16,2048,64x128,1097.103,2,53,AMD Radeon RX 9070 XT,64,0,1,1
g4.q_proj    tp2,2816,2048,32,float16,2048,80x128,1130.838,2,53,AMD Radeon RX 9070 XT,64,0,1,1
g4.q_proj    tp2,2816,2048,32,float16,2048,32x128,1471.497,2,53,AMD Radeon RX 9070 XT,64,0,1,1
g4.q_proj    tp2,2816,2048,32,float16,2048,256x192,1723.292,2,53,AMD Radeon RX 9070 XT,64,0,1,1
g4.q_proj    tp2,2816,2048,32,float16,2048,16x64,2108.240,2,53,AMD Radeon RX 9070 XT,64,0,1,1
g4.q_proj    tp2,2816,2048,32,float16,2048,16x128,3100.861,2,53,AMD Radeon RX 9070 XT,64,0,1,1
g4.o_proj    tp2,2048,2816,32,float16,1,32x64x4,47.087,7,53,AMD Radeon RX 9070 XT,64,0,1,1
g4.o_proj    tp2,2048,2816,32,float16,1,64x128x4,53.585,6,53,AMD Radeon RX 9070 XT,64,0,1,1
g4.o_proj    tp2,2048,2816,32,float16,1,64x64x2,53.610,6,53,AMD Radeon RX 9070 XT,64,0,1,1
g4.o_proj    tp2,2048,2816,32,float16,1,64x32,55.834,6,53,AMD Radeon RX 9070 XT,64,0,1,1
g4.o_proj    tp2,2048,2816,32,float16,1,128x32,58.758,6,53,AMD Radeon RX 9070 XT,64,0,1,1
g4.o_proj    tp2,2048,2816,32,float16,1,128x64x2,58.767,6,53,AMD Radeon RX 9070 XT,64,0,1,1
g4.o_proj    tp2,2048,2816,32,float16,1,128x128x4,60.897,6,53,AMD Radeon RX 9070 XT,64,0,1,1
g4.o_proj    tp2,2048,2816,32,float16,1,128x64,61.033,6,53,AMD Radeon RX 9070 XT,64,0,1,1
g4.o_proj    tp2,2048,2816,32,float16,1,128x128x2,61.470,6,53,AMD Radeon RX 9070 XT,64,0,1,1
g4.o_proj    tp2,2048,2816,32,float16,1,192x128x2,66.326,5,53,AMD Radeon RX 9070 XT,64,0,1,1
g4.o_proj    tp2,2048,2816,32,float16,1,32x128x4,67.282,5,53,AMD Radeon RX 9070 XT,64,0,1,1
g4.o_proj    tp2,2048,2816,32,float16,1,32x64x2,70.938,5,53,AMD Radeon RX 9070 XT,64,0,1,1
g4.o_proj    tp2,2048,2816,32,float16,1,256x128x2,71.194,5,53,AMD Radeon RX 9070 XT,64,0,1,1
g4.o_proj    tp2,2048,2816,32,float16,1,64x128x2,73.255,5,53,AMD Radeon RX 9070 XT,64,0,1,1
g4.o_proj    tp2,2048,2816,32,float16,1,64x64,73.859,5,53,AMD Radeon RX 9070 XT,64,0,1,1
g4.o_proj    tp2,2048,2816,32,float16,1,32x32,74.017,5,53,AMD Radeon RX 9070 XT,64,0,1,1
g4.o_proj    tp2,2048,2816,32,float16,1,256x128,74.050,5,53,AMD Radeon RX 9070 XT,64,0,1,1
g4.o_proj    tp2,2048,2816,32,float16,1,96x128x2,79.408,4,53,AMD Radeon RX 9070 XT,64,0,1,1
g4.o_proj    tp2,2048,2816,32,float16,1,256x64,83.471,4,53,AMD Radeon RX 9070 XT,64,0,1,1
g4.o_proj    tp2,2048,2816,32,float16,1,128x128,83.612,4,53,AMD Radeon RX 9070 XT,64,0,1,1
g4.o_proj    tp2,2048,2816,32,float16,1,384x128,84.655,4,53,AMD Radeon RX 9070 XT,64,0,1,1
g4.o_proj    tp2,2048,2816,32,float16,1,192x128,91.182,4,53,AMD Radeon RX 9070 XT,64,0,1,1
g4.o_proj    tp2,2048,2816,32,float16,1,256x32,93.060,3,53,AMD Radeon RX 9070 XT,64,0,1,1
g4.o_proj    tp2,2048,2816,32,float16,1,512x128,94.131,3,53,AMD Radeon RX 9070 XT,64,0,1,1
g4.o_proj    tp2,2048,2816,32,float16,1,96x128,99.394,3,53,AMD Radeon RX 9070 XT,64,0,1,1
g4.o_proj    tp2,2048,2816,32,float16,1,112x128,100.110,3,53,AMD Radeon RX 9070 XT,64,0,1,1
g4.o_proj    tp2,2048,2816,32,float16,1,32x64,105.463,3,53,AMD Radeon RX 9070 XT,64,0,1,1
g4.o_proj    tp2,2048,2816,32,float16,1,64x128,107.127,3,53,AMD Radeon RX 9070 XT,64,0,1,1
g4.o_proj    tp2,2048,2816,32,float16,1,80x128,206.698,2,53,AMD Radeon RX 9070 XT,64,0,1,1
g4.o_proj    tp2,2048,2816,32,float16,1,256x192,207.816,2,53,AMD Radeon RX 9070 XT,64,0,1,1
g4.o_proj    tp2,2048,2816,32,float16,1,512x64,235.281,2,53,AMD Radeon RX 9070 XT,64,0,1,1
g4.o_proj    tp2,2048,2816,32,float16,1,16x64,325.497,2,53,AMD Radeon RX 9070 XT,64,0,1,1
g4.o_proj    tp2,2048,2816,32,float16,1,128x256,346.403,2,53,AMD Radeon RX 9070 XT,64,0,1,1
g4.o_proj    tp2,2048,2816,32,float16,1,32x128,348.580,2,53,AMD Radeon RX 9070 XT,64,0,1,1
g4.o_proj    tp2,2048,2816,32,float16,1,256x256,352.884,2,53,AMD Radeon RX 9070 XT,64,0,1,1
g4.o_proj    tp2,2048,2816,32,float16,1,16x128,511.572,2,53,AMD Radeon RX 9070 XT,64,0,1,1
