shape,IN,OUT,M,roc_us,old_us,new_us,old_dispatch,new_dispatch,maxabsdiff
mlp.gate_up,2816,2112,64,27.2275,27.2449,25.2087,rd bm64/bn64,rd bm64/bn32,0.000e+00
mlp.gate_up,2816,2112,128,46.0529,33.2067,33.5278,rd bm64/bn64,rd bm128/bn32,0.000e+00
mlp.gate_up,2816,2112,192,48.4621,46.2833,46.2040,pipe bm64/bn64/mi1/pbk64,pipe bm64/bn64/mi1/pbk64,0.000e+00
mlp.gate_up,2816,2112,256,49.6611,49.4307,50.1542,pipe bm128/bn64/mi1/pbk64,pipe bm128/bn64/mi1/pbk64,0.000e+00
mlp.gate_up,2816,2112,512,75.0053,75.1815,75.1747,pipe bm256/bn64/mi2/pbk64,pipe bm256/bn64/mi2/pbk64,0.000e+00
mlp.down,1056,2816,64,14.5491,17.5844,16.0297,rd bm64/bn64,rd bm64/bn32,0.000e+00
mlp.down,1056,2816,128,16.2527,19.7650,18.1441,rd bm64/bn64,rd bm128/bn32,0.000e+00
mlp.down,1056,2816,192,20.0105,24.2597,24.2870,pipe bm64/bn64/mi1/pbk64,pipe bm64/bn64/mi1/pbk64,0.000e+00
mlp.down,1056,2816,256,22.4596,25.9481,26.0318,pipe bm128/bn64/mi1/pbk64,pipe bm128/bn64/mi1/pbk64,0.000e+00
mlp.down,1056,2816,512,40.7235,37.7934,38.0200,pipe bm256/bn64/mi2/pbk64,pipe bm256/bn64/mi2/pbk64,0.000e+00
router,2816,128,64,15.0819,21.3190,10.2587,rd bm64/bn64,rd_sk bm64/bn32/grid,1.907e-06
router,2816,128,128,15.7275,21.2890,10.4969,rd bm64/bn64,rd_sk bm128/bn32/grid,1.907e-06
router,2816,128,192,14.9709,21.3782,11.0187,rd bm64/bn64,rd_sk bm96/bn32/grid,1.953e-03
router,2816,128,256,14.4446,21.2701,11.2410,rd bm64/bn64,rd_sk bm128/bn32/grid,3.906e-03
router,2816,128,512,15.3409,21.3320,19.4777,rd bm64/bn64,rd_sk bm128/bn32/slice,3.906e-03
lm_head,2816,131072,64,1192.1414,1145.9936,1146.7301,pipe bm64/bn64/mi1/pbk64,pipe bm64/bn128/mi1/pbk64,0.000e+00
lm_head,2816,131072,128,1307.9389,2294.9531,1242.8276,pipe bm64/bn64/mi1/pbk64,pipe bm128/bn128/mi1/pbk64,0.000e+00
lm_head,2816,131072,192,1520.8243,1823.0256,1807.7867,pipe bm256/bn64/mi2/pbk64,pipe bm256/bn128/mi2/pbk64,0.000e+00
lm_head,2816,131072,256,1555.6416,1732.3961,1740.0481,pipe bm256/bn64/mi2/pbk64,pipe bm256/bn128/mi2/pbk64,0.000e+00
lm_head,2816,131072,512,2881.3829,3434.8003,3417.2619,pipe bm256/bn64/mi2/pbk64,pipe bm256/bn128/mi2/pbk64,0.000e+00
qkv_proj,2816,4096,64,43.3495,41.5650,41.3613,rd bm64/bn64,rd bm64/bn64,0.000e+00
qkv_proj,2816,4096,128,44.0394,50.6453,49.5660,rd bm64/bn64,rd bm128/bn64,0.000e+00
qkv_proj,2816,4096,192,53.2622,64.8158,64.8153,pipe bm64/bn64/mi1/pbk64,pipe bm64/bn64/mi1/pbk64,0.000e+00
qkv_proj,2816,4096,256,57.2802,71.5223,71.5000,pipe bm128/bn64/mi1/pbk64,pipe bm128/bn64/mi1/pbk64,0.000e+00
qkv_proj,2816,4096,512,118.6229,124.0451,127.2118,pipe bm256/bn64/mi2/pbk64,pipe bm256/bn64/mi2/pbk64,0.000e+00
o_proj,2048,2816,64,27.7297,28.3152,27.3734,rd bm64/bn64,rd bm64/bn32,0.000e+00
o_proj,2048,2816,128,29.8603,49.5719,33.8581,rd bm64/bn64,rd bm128/bn64,0.000e+00
o_proj,2048,2816,192,36.1486,54.6495,54.8122,pipe bm64/bn64/mi1/pbk64,pipe bm64/bn64/mi1/pbk64,0.000e+00
o_proj,2048,2816,256,44.5788,54.3158,54.4878,pipe bm128/bn64/mi1/pbk64,pipe bm128/bn64/mi1/pbk64,0.000e+00
o_proj,2048,2816,512,63.0693,72.3287,72.2268,pipe bm256/bn64/mi2/pbk64,pipe bm256/bn64/mi2/pbk64,0.000e+00
