name,E,top_k,hidden,inter,g,M,cand,us,reps,R,dev,cu,card,exclusive
q35.moe    tp2,256,8,2048,768,128,1,16x16,87.049,20,2,AMD Radeon RX 9070 XT,64,0,1,1
q35.moe    tp2,256,8,2048,768,128,1,16x32,77.126,20,2,AMD Radeon RX 9070 XT,64,0,1,1
q35.moe    tp2,256,8,2048,768,128,1,16x64,72.320,20,2,AMD Radeon RX 9070 XT,64,0,1,1
q35.moe    tp2,256,8,2048,768,128,1,16x96,86.932,20,2,AMD Radeon RX 9070 XT,64,0,1,1
q35.moe    tp2,256,8,2048,768,128,1,16x128,75.415,20,2,AMD Radeon RX 9070 XT,64,0,1,1
q35.moe    tp2,256,8,2048,768,128,1,16x192,85.355,20,2,AMD Radeon RX 9070 XT,64,0,1,1
q35.moe    tp2,256,8,2048,768,128,1,16x256,87.046,20,2,AMD Radeon RX 9070 XT,64,0,1,1
q35.moe    tp2,256,8,2048,768,128,1,32x16,103.131,20,2,AMD Radeon RX 9070 XT,64,0,1,1
q35.moe    tp2,256,8,2048,768,128,1,32x32,90.139,20,2,AMD Radeon RX 9070 XT,64,0,1,1
q35.moe    tp2,256,8,2048,768,128,1,32x64,86.024,20,2,AMD Radeon RX 9070 XT,64,0,1,1
q35.moe    tp2,256,8,2048,768,128,1,32x96,91.933,20,2,AMD Radeon RX 9070 XT,64,0,1,1
q35.moe    tp2,256,8,2048,768,128,1,32x128,87.353,20,2,AMD Radeon RX 9070 XT,64,0,1,1
q35.moe    tp2,256,8,2048,768,128,1,32x192,89.044,20,2,AMD Radeon RX 9070 XT,64,0,1,1
q35.moe    tp2,256,8,2048,768,128,1,32x256,90.329,20,2,AMD Radeon RX 9070 XT,64,0,1,1
q35.moe    tp2,256,8,2048,768,128,1,64x16,161.531,20,2,AMD Radeon RX 9070 XT,64,0,1,1
q35.moe    tp2,256,8,2048,768,128,1,64x32,142.516,20,2,AMD Radeon RX 9070 XT,64,0,1,1
q35.moe    tp2,256,8,2048,768,128,1,64x64,135.914,20,2,AMD Radeon RX 9070 XT,64,0,1,1
q35.moe    tp2,256,8,2048,768,128,1,64x96,139.762,20,2,AMD Radeon RX 9070 XT,64,0,1,1
q35.moe    tp2,256,8,2048,768,128,1,64x128,138.143,20,2,AMD Radeon RX 9070 XT,64,0,1,1
q35.moe    tp2,256,8,2048,768,128,1,64x192,142.916,20,2,AMD Radeon RX 9070 XT,64,0,1,1
q35.moe    tp2,256,8,2048,768,128,1,64x256,148.304,20,2,AMD Radeon RX 9070 XT,64,0,1,1
q35.moe    tp2,256,8,2048,768,128,1,128x16,202.735,20,2,AMD Radeon RX 9070 XT,64,0,1,1
q35.moe    tp2,256,8,2048,768,128,1,128x32,177.182,20,2,AMD Radeon RX 9070 XT,64,0,1,1
q35.moe    tp2,256,8,2048,768,128,1,128x64,167.042,20,2,AMD Radeon RX 9070 XT,64,0,1,1
q35.moe    tp2,256,8,2048,768,128,1,128x96,170.379,20,2,AMD Radeon RX 9070 XT,64,0,1,1
q35.moe    tp2,256,8,2048,768,128,1,128x128,177.457,20,2,AMD Radeon RX 9070 XT,64,0,1,1
q35.moe    tp2,256,8,2048,768,128,1,128x192,242.310,20,2,AMD Radeon RX 9070 XT,64,0,1,1
q35.moe    tp2,256,8,2048,768,128,1,128x256,269.563,20,2,AMD Radeon RX 9070 XT,64,0,1,1
q35.moe    tp2,256,8,2048,768,128,2,16x16,164.316,20,2,AMD Radeon RX 9070 XT,64,0,1,1
q35.moe    tp2,256,8,2048,768,128,2,16x32,166.414,20,2,AMD Radeon RX 9070 XT,64,0,1,1
q35.moe    tp2,256,8,2048,768,128,2,16x64,168.222,20,2,AMD Radeon RX 9070 XT,64,0,1,1
q35.moe    tp2,256,8,2048,768,128,2,16x96,208.164,20,2,AMD Radeon RX 9070 XT,64,0,1,1
q35.moe    tp2,256,8,2048,768,128,2,16x128,160.213,20,2,AMD Radeon RX 9070 XT,64,0,1,1
q35.moe    tp2,256,8,2048,768,128,2,16x192,158.931,20,2,AMD Radeon RX 9070 XT,64,0,1,1
q35.moe    tp2,256,8,2048,768,128,2,16x256,179.894,20,2,AMD Radeon RX 9070 XT,64,0,1,1
q35.moe    tp2,256,8,2048,768,128,2,32x16,143.949,20,2,AMD Radeon RX 9070 XT,64,0,1,1
q35.moe    tp2,256,8,2048,768,128,2,32x32,143.166,20,2,AMD Radeon RX 9070 XT,64,0,1,1
q35.moe    tp2,256,8,2048,768,128,2,32x64,145.594,20,2,AMD Radeon RX 9070 XT,64,0,1,1
q35.moe    tp2,256,8,2048,768,128,2,32x96,169.362,20,2,AMD Radeon RX 9070 XT,64,0,1,1
q35.moe    tp2,256,8,2048,768,128,2,32x128,142.366,20,2,AMD Radeon RX 9070 XT,64,0,1,1
q35.moe    tp2,256,8,2048,768,128,2,32x192,141.035,20,2,AMD Radeon RX 9070 XT,64,0,1,1
q35.moe    tp2,256,8,2048,768,128,2,32x256,150.127,20,2,AMD Radeon RX 9070 XT,64,0,1,1
q35.moe    tp2,256,8,2048,768,128,2,64x16,262.209,20,2,AMD Radeon RX 9070 XT,64,0,1,1
q35.moe    tp2,256,8,2048,768,128,2,64x32,261.601,20,2,AMD Radeon RX 9070 XT,64,0,1,1
q35.moe    tp2,256,8,2048,768,128,2,64x64,271.885,20,2,AMD Radeon RX 9070 XT,64,0,1,1
q35.moe    tp2,256,8,2048,768,128,2,64x96,270.772,20,2,AMD Radeon RX 9070 XT,64,0,1,1
q35.moe    tp2,256,8,2048,768,128,2,64x128,269.844,20,2,AMD Radeon RX 9070 XT,64,0,1,1
q35.moe    tp2,256,8,2048,768,128,2,64x192,272.896,20,2,AMD Radeon RX 9070 XT,64,0,1,1
q35.moe    tp2,256,8,2048,768,128,2,64x256,283.439,20,2,AMD Radeon RX 9070 XT,64,0,1,1
q35.moe    tp2,256,8,2048,768,128,2,128x16,236.156,20,2,AMD Radeon RX 9070 XT,64,0,1,1
q35.moe    tp2,256,8,2048,768,128,2,128x32,229.062,20,2,AMD Radeon RX 9070 XT,64,0,1,1
q35.moe    tp2,256,8,2048,768,128,2,128x64,241.780,20,2,AMD Radeon RX 9070 XT,64,0,1,1
q35.moe    tp2,256,8,2048,768,128,2,128x96,240.157,20,2,AMD Radeon RX 9070 XT,64,0,1,1
q35.moe    tp2,256,8,2048,768,128,2,128x128,256.489,20,2,AMD Radeon RX 9070 XT,64,0,1,1
q35.moe    tp2,256,8,2048,768,128,2,128x192,366.616,20,2,AMD Radeon RX 9070 XT,64,0,1,1
q35.moe    tp2,256,8,2048,768,128,2,128x256,461.876,17,2,AMD Radeon RX 9070 XT,64,0,1,1
q35.moe    tp2,256,8,2048,768,128,8,16x16,338.048,20,2,AMD Radeon RX 9070 XT,64,0,1,1
q35.moe    tp2,256,8,2048,768,128,8,16x32,336.520,20,2,AMD Radeon RX 9070 XT,64,0,1,1
q35.moe    tp2,256,8,2048,768,128,8,16x64,319.519,20,2,AMD Radeon RX 9070 XT,64,0,1,1
q35.moe    tp2,256,8,2048,768,128,8,16x96,320.437,20,2,AMD Radeon RX 9070 XT,64,0,1,1
q35.moe    tp2,256,8,2048,768,128,8,16x128,319.048,20,2,AMD Radeon RX 9070 XT,64,0,1,1
q35.moe    tp2,256,8,2048,768,128,8,16x192,317.341,20,2,AMD Radeon RX 9070 XT,64,0,1,1
q35.moe    tp2,256,8,2048,768,128,8,16x256,318.015,20,2,AMD Radeon RX 9070 XT,64,0,1,1
q35.moe    tp2,256,8,2048,768,128,8,32x16,329.254,20,2,AMD Radeon RX 9070 XT,64,0,1,1
q35.moe    tp2,256,8,2048,768,128,8,32x32,329.156,20,2,AMD Radeon RX 9070 XT,64,0,1,1
q35.moe    tp2,256,8,2048,768,128,8,32x64,327.852,20,2,AMD Radeon RX 9070 XT,64,0,1,1
q35.moe    tp2,256,8,2048,768,128,8,32x96,330.294,20,2,AMD Radeon RX 9070 XT,64,0,1,1
q35.moe    tp2,256,8,2048,768,128,8,32x128,327.209,20,2,AMD Radeon RX 9070 XT,64,0,1,1
q35.moe    tp2,256,8,2048,768,128,8,32x192,328.009,20,2,AMD Radeon RX 9070 XT,64,0,1,1
q35.moe    tp2,256,8,2048,768,128,8,32x256,327.935,20,2,AMD Radeon RX 9070 XT,64,0,1,1
q35.moe    tp2,256,8,2048,768,128,8,64x16,871.956,11,2,AMD Radeon RX 9070 XT,64,0,1,1
q35.moe    tp2,256,8,2048,768,128,8,64x32,872.038,11,2,AMD Radeon RX 9070 XT,64,0,1,1
q35.moe    tp2,256,8,2048,768,128,8,64x64,869.629,11,2,AMD Radeon RX 9070 XT,64,0,1,1
q35.moe    tp2,256,8,2048,768,128,8,64x96,873.098,11,2,AMD Radeon RX 9070 XT,64,0,1,1
q35.moe    tp2,256,8,2048,768,128,8,64x128,867.615,11,2,AMD Radeon RX 9070 XT,64,0,1,1
q35.moe    tp2,256,8,2048,768,128,8,64x192,871.733,11,2,AMD Radeon RX 9070 XT,64,0,1,1
q35.moe    tp2,256,8,2048,768,128,8,64x256,867.835,11,2,AMD Radeon RX 9070 XT,64,0,1,1
q35.moe    tp2,256,8,2048,768,128,8,128x16,906.379,10,2,AMD Radeon RX 9070 XT,64,0,1,1
q35.moe    tp2,256,8,2048,768,128,8,128x32,784.556,12,2,AMD Radeon RX 9070 XT,64,0,1,1
q35.moe    tp2,256,8,2048,768,128,8,128x64,791.608,12,2,AMD Radeon RX 9070 XT,64,0,1,1
q35.moe    tp2,256,8,2048,768,128,8,128x96,792.808,12,2,AMD Radeon RX 9070 XT,64,0,1,1
q35.moe    tp2,256,8,2048,768,128,8,128x128,798.917,12,2,AMD Radeon RX 9070 XT,64,0,1,1
q35.moe    tp2,256,8,2048,768,128,8,128x192,807.113,12,2,AMD Radeon RX 9070 XT,64,0,1,1
q35.moe    tp2,256,8,2048,768,128,8,128x256,806.855,12,2,AMD Radeon RX 9070 XT,64,0,1,1
q35.moe    tp2,256,8,2048,768,128,32,16x16,1024.551,9,2,AMD Radeon RX 9070 XT,64,0,1,1
q35.moe    tp2,256,8,2048,768,128,32,16x32,995.866,9,2,AMD Radeon RX 9070 XT,64,0,1,1
q35.moe    tp2,256,8,2048,768,128,32,16x64,996.409,10,2,AMD Radeon RX 9070 XT,64,0,1,1
q35.moe    tp2,256,8,2048,768,128,32,16x96,1006.645,10,2,AMD Radeon RX 9070 XT,64,0,1,1
q35.moe    tp2,256,8,2048,768,128,32,16x128,1019.404,9,2,AMD Radeon RX 9070 XT,64,0,1,1
q35.moe    tp2,256,8,2048,768,128,32,16x192,1019.290,9,2,AMD Radeon RX 9070 XT,64,0,1,1
q35.moe    tp2,256,8,2048,768,128,32,16x256,1018.430,9,2,AMD Radeon RX 9070 XT,64,0,1,1
q35.moe    tp2,256,8,2048,768,128,32,32x16,1289.396,7,2,AMD Radeon RX 9070 XT,64,0,1,1
q35.moe    tp2,256,8,2048,768,128,32,32x32,1285.173,7,2,AMD Radeon RX 9070 XT,64,0,1,1
q35.moe    tp2,256,8,2048,768,128,32,32x64,1283.993,7,2,AMD Radeon RX 9070 XT,64,0,1,1
q35.moe    tp2,256,8,2048,768,128,32,32x96,1286.836,7,2,AMD Radeon RX 9070 XT,64,0,1,1
q35.moe    tp2,256,8,2048,768,128,32,32x128,1287.630,7,2,AMD Radeon RX 9070 XT,64,0,1,1
q35.moe    tp2,256,8,2048,768,128,32,32x192,1286.916,7,2,AMD Radeon RX 9070 XT,64,0,1,1
q35.moe    tp2,256,8,2048,768,128,32,32x256,1288.422,7,2,AMD Radeon RX 9070 XT,64,0,1,1
q35.moe    tp2,256,8,2048,768,128,32,64x16,2349.329,4,2,AMD Radeon RX 9070 XT,64,0,1,1
q35.moe    tp2,256,8,2048,768,128,32,64x32,2343.274,4,2,AMD Radeon RX 9070 XT,64,0,1,1
q35.moe    tp2,256,8,2048,768,128,32,64x64,2325.029,4,2,AMD Radeon RX 9070 XT,64,0,1,1
q35.moe    tp2,256,8,2048,768,128,32,64x96,2333.704,4,2,AMD Radeon RX 9070 XT,64,0,1,1
q35.moe    tp2,256,8,2048,768,128,32,64x128,2346.984,4,2,AMD Radeon RX 9070 XT,64,0,1,1
q35.moe    tp2,256,8,2048,768,128,32,64x192,2336.709,4,2,AMD Radeon RX 9070 XT,64,0,1,1
q35.moe    tp2,256,8,2048,768,128,32,64x256,2335.994,4,2,AMD Radeon RX 9070 XT,64,0,1,1
q35.moe    tp2,256,8,2048,768,128,32,128x16,2255.743,4,2,AMD Radeon RX 9070 XT,64,0,1,1
q35.moe    tp2,256,8,2048,768,128,32,128x32,2359.159,4,2,AMD Radeon RX 9070 XT,64,0,1,1
q35.moe    tp2,256,8,2048,768,128,32,128x64,2371.104,4,2,AMD Radeon RX 9070 XT,64,0,1,1
q35.moe    tp2,256,8,2048,768,128,32,128x96,2366.445,4,2,AMD Radeon RX 9070 XT,64,0,1,1
q35.moe    tp2,256,8,2048,768,128,32,128x128,2368.135,4,2,AMD Radeon RX 9070 XT,64,0,1,1
q35.moe    tp2,256,8,2048,768,128,32,128x192,2367.650,4,2,AMD Radeon RX 9070 XT,64,0,1,1
q35.moe    tp2,256,8,2048,768,128,32,128x256,2365.824,4,2,AMD Radeon RX 9070 XT,64,0,1,1
q35.moe    tp2,256,8,2048,768,128,64,16x16,4940.992,2,2,AMD Radeon RX 9070 XT,64,0,1,1
q35.moe    tp2,256,8,2048,768,128,64,16x32,6810.900,2,2,AMD Radeon RX 9070 XT,64,0,1,1
q35.moe    tp2,256,8,2048,768,128,64,16x64,6360.592,2,2,AMD Radeon RX 9070 XT,64,0,1,1
q35.moe    tp2,256,8,2048,768,128,64,16x96,4559.246,2,2,AMD Radeon RX 9070 XT,64,0,1,1
q35.moe    tp2,256,8,2048,768,128,64,16x128,7176.425,2,2,AMD Radeon RX 9070 XT,64,0,1,1
q35.moe    tp2,256,8,2048,768,128,64,16x192,3547.752,2,2,AMD Radeon RX 9070 XT,64,0,1,1
q35.moe    tp2,256,8,2048,768,128,64,32x16,3734.535,2,2,AMD Radeon RX 9070 XT,64,0,1,1
q35.moe    tp2,256,8,2048,768,128,64,32x32,4440.295,2,2,AMD Radeon RX 9070 XT,64,0,1,1
q35.moe    tp2,256,8,2048,768,128,64,32x64,3642.816,2,2,AMD Radeon RX 9070 XT,64,0,1,1
q35.moe    tp2,256,8,2048,768,128,64,32x96,3008.684,3,2,AMD Radeon RX 9070 XT,64,0,1,1
q35.moe    tp2,256,8,2048,768,128,64,32x128,4792.705,2,2,AMD Radeon RX 9070 XT,64,0,1,1
q35.moe    tp2,256,8,2048,768,128,64,32x192,2183.165,4,2,AMD Radeon RX 9070 XT,64,0,1,1
q35.moe    tp2,256,8,2048,768,128,64,64x16,3166.106,2,2,AMD Radeon RX 9070 XT,64,0,1,1
q35.moe    tp2,256,8,2048,768,128,64,64x32,3216.657,2,2,AMD Radeon RX 9070 XT,64,0,1,1
q35.moe    tp2,256,8,2048,768,128,64,64x64,3360.899,2,2,AMD Radeon RX 9070 XT,64,0,1,1
q35.moe    tp2,256,8,2048,768,128,64,64x96,3306.968,2,2,AMD Radeon RX 9070 XT,64,0,1,1
q35.moe    tp2,256,8,2048,768,128,64,64x128,3356.282,3,2,AMD Radeon RX 9070 XT,64,0,1,1
q35.moe    tp2,256,8,2048,768,128,64,64x192,3283.955,3,2,AMD Radeon RX 9070 XT,64,0,1,1
q35.moe    tp2,256,8,2048,768,128,64,64x256,3399.279,2,2,AMD Radeon RX 9070 XT,64,0,1,1
q35.moe    tp2,256,8,2048,768,128,64,128x16,3205.880,3,2,AMD Radeon RX 9070 XT,64,0,1,1
q35.moe    tp2,256,8,2048,768,128,64,128x32,3216.360,3,2,AMD Radeon RX 9070 XT,64,0,1,1
q35.moe    tp2,256,8,2048,768,128,64,128x64,3214.727,3,2,AMD Radeon RX 9070 XT,64,0,1,1
q35.moe    tp2,256,8,2048,768,128,64,128x96,3216.287,3,2,AMD Radeon RX 9070 XT,64,0,1,1
q35.moe    tp2,256,8,2048,768,128,64,128x128,3218.053,3,2,AMD Radeon RX 9070 XT,64,0,1,1
q35.moe    tp2,256,8,2048,768,128,64,128x192,3219.353,3,2,AMD Radeon RX 9070 XT,64,0,1,1
q35.moe    tp2,256,8,2048,768,128,64,128x256,3212.940,3,2,AMD Radeon RX 9070 XT,64,0,1,1
q35.moe    tp2,256,8,2048,768,128,256,16x16,6177.770,2,2,AMD Radeon RX 9070 XT,64,0,1,1
q35.moe    tp2,256,8,2048,768,128,256,16x32,8151.189,2,2,AMD Radeon RX 9070 XT,64,0,1,1
q35.moe    tp2,256,8,2048,768,128,256,16x64,6903.691,2,2,AMD Radeon RX 9070 XT,64,0,1,1
q35.moe    tp2,256,8,2048,768,128,256,16x96,5272.927,2,2,AMD Radeon RX 9070 XT,64,0,1,1
q35.moe    tp2,256,8,2048,768,128,256,16x128,8734.417,2,2,AMD Radeon RX 9070 XT,64,0,1,1
q35.moe    tp2,256,8,2048,768,128,256,16x192,5154.675,2,2,AMD Radeon RX 9070 XT,64,0,1,1
q35.moe    tp2,256,8,2048,768,128,256,32x16,4369.934,2,2,AMD Radeon RX 9070 XT,64,0,1,1
q35.moe    tp2,256,8,2048,768,128,256,32x32,5185.836,2,2,AMD Radeon RX 9070 XT,64,0,1,1
q35.moe    tp2,256,8,2048,768,128,256,32x64,4259.666,2,2,AMD Radeon RX 9070 XT,64,0,1,1
q35.moe    tp2,256,8,2048,768,128,256,32x96,3392.090,2,2,AMD Radeon RX 9070 XT,64,0,1,1
q35.moe    tp2,256,8,2048,768,128,256,32x128,5564.541,2,2,AMD Radeon RX 9070 XT,64,0,1,1
q35.moe    tp2,256,8,2048,768,128,256,32x192,2574.368,4,2,AMD Radeon RX 9070 XT,64,0,1,1
q35.moe    tp2,256,8,2048,768,128,256,64x16,3716.454,2,2,AMD Radeon RX 9070 XT,64,0,1,1
q35.moe    tp2,256,8,2048,768,128,256,64x32,3630.183,2,2,AMD Radeon RX 9070 XT,64,0,1,1
q35.moe    tp2,256,8,2048,768,128,256,64x64,3931.837,2,2,AMD Radeon RX 9070 XT,64,0,1,1
q35.moe    tp2,256,8,2048,768,128,256,64x96,3698.014,2,2,AMD Radeon RX 9070 XT,64,0,1,1
q35.moe    tp2,256,8,2048,768,128,256,64x128,3677.613,2,2,AMD Radeon RX 9070 XT,64,0,1,1
q35.moe    tp2,256,8,2048,768,128,256,64x192,3740.175,2,2,AMD Radeon RX 9070 XT,64,0,1,1
q35.moe    tp2,256,8,2048,768,128,256,64x256,4150.920,2,2,AMD Radeon RX 9070 XT,64,0,1,1
q35.moe    tp2,256,8,2048,768,128,256,128x16,3685.454,2,2,AMD Radeon RX 9070 XT,64,0,1,1
q35.moe    tp2,256,8,2048,768,128,256,128x32,3690.324,2,2,AMD Radeon RX 9070 XT,64,0,1,1
q35.moe    tp2,256,8,2048,768,128,256,128x64,3432.750,2,2,AMD Radeon RX 9070 XT,64,0,1,1
q35.moe    tp2,256,8,2048,768,128,256,128x96,3688.744,2,2,AMD Radeon RX 9070 XT,64,0,1,1
q35.moe    tp2,256,8,2048,768,128,256,128x128,3683.834,2,2,AMD Radeon RX 9070 XT,64,0,1,1
q35.moe    tp2,256,8,2048,768,128,256,128x192,3688.054,2,2,AMD Radeon RX 9070 XT,64,0,1,1
q35.moe    tp2,256,8,2048,768,128,256,128x256,3685.374,2,2,AMD Radeon RX 9070 XT,64,0,1,1
q35.moe    tp2,256,8,2048,768,128,1024,16x16,13688.560,2,2,AMD Radeon RX 9070 XT,64,0,1,1
q35.moe    tp2,256,8,2048,768,128,1024,16x32,18070.423,2,2,AMD Radeon RX 9070 XT,64,0,1,1
q35.moe    tp2,256,8,2048,768,128,1024,16x64,14769.406,2,2,AMD Radeon RX 9070 XT,64,0,1,1
q35.moe    tp2,256,8,2048,768,128,1024,16x96,10972.380,2,2,AMD Radeon RX 9070 XT,64,0,1,1
q35.moe    tp2,256,8,2048,768,128,1024,16x128,16959.297,2,2,AMD Radeon RX 9070 XT,64,0,1,1
q35.moe    tp2,256,8,2048,768,128,1024,16x192,8744.188,2,2,AMD Radeon RX 9070 XT,64,0,1,1
q35.moe    tp2,256,8,2048,768,128,1024,32x16,6458.865,2,2,AMD Radeon RX 9070 XT,64,0,1,1
q35.moe    tp2,256,8,2048,768,128,1024,32x32,7532.080,2,2,AMD Radeon RX 9070 XT,64,0,1,1
q35.moe    tp2,256,8,2048,768,128,1024,32x64,6243.451,2,2,AMD Radeon RX 9070 XT,64,0,1,1
q35.moe    tp2,256,8,2048,768,128,1024,32x96,4711.409,2,2,AMD Radeon RX 9070 XT,64,0,1,1
q35.moe    tp2,256,8,2048,768,128,1024,32x128,7615.281,2,2,AMD Radeon RX 9070 XT,64,0,1,1
q35.moe    tp2,256,8,2048,768,128,1024,32x192,3544.981,2,2,AMD Radeon RX 9070 XT,64,0,1,1
q35.moe    tp2,256,8,2048,768,128,1024,64x16,3610.733,2,2,AMD Radeon RX 9070 XT,64,0,1,1
q35.moe    tp2,256,8,2048,768,128,1024,64x32,3755.395,2,2,AMD Radeon RX 9070 XT,64,0,1,1
q35.moe    tp2,256,8,2048,768,128,1024,64x64,4326.393,2,2,AMD Radeon RX 9070 XT,64,0,1,1
q35.moe    tp2,256,8,2048,768,128,1024,64x96,3691.154,2,2,AMD Radeon RX 9070 XT,64,0,1,1
q35.moe    tp2,256,8,2048,768,128,1024,64x128,3728.364,2,2,AMD Radeon RX 9070 XT,64,0,1,1
q35.moe    tp2,256,8,2048,768,128,1024,64x192,3724.334,2,2,AMD Radeon RX 9070 XT,64,0,1,1
q35.moe    tp2,256,8,2048,768,128,1024,64x256,4220.702,2,2,AMD Radeon RX 9070 XT,64,0,1,1
q35.moe    tp2,256,8,2048,768,128,1024,128x16,3972.268,2,2,AMD Radeon RX 9070 XT,64,0,1,1
q35.moe    tp2,256,8,2048,768,128,1024,128x32,3971.628,2,2,AMD Radeon RX 9070 XT,64,0,1,1
q35.moe    tp2,256,8,2048,768,128,1024,128x64,3969.288,2,2,AMD Radeon RX 9070 XT,64,0,1,1
q35.moe    tp2,256,8,2048,768,128,1024,128x96,3952.748,2,2,AMD Radeon RX 9070 XT,64,0,1,1
q35.moe    tp2,256,8,2048,768,128,1024,128x128,3886.537,2,2,AMD Radeon RX 9070 XT,64,0,1,1
q35.moe    tp2,256,8,2048,768,128,1024,128x192,3947.558,2,2,AMD Radeon RX 9070 XT,64,0,1,1
q35.moe    tp2,256,8,2048,768,128,1024,128x256,3961.698,2,2,AMD Radeon RX 9070 XT,64,0,1,1
q35.moe    tp1,256,8,2048,1536,128,1,16x16,151.471,20,2,AMD Radeon RX 9070 XT,64,0,1,1
q35.moe    tp1,256,8,2048,1536,128,1,16x32,128.891,20,2,AMD Radeon RX 9070 XT,64,0,1,1
q35.moe    tp1,256,8,2048,1536,128,1,16x64,120.278,20,2,AMD Radeon RX 9070 XT,64,0,1,1
q35.moe    tp1,256,8,2048,1536,128,1,16x96,145.286,20,2,AMD Radeon RX 9070 XT,64,0,1,1
q35.moe    tp1,256,8,2048,1536,128,1,16x128,128.649,20,2,AMD Radeon RX 9070 XT,64,0,1,1
q35.moe    tp1,256,8,2048,1536,128,1,16x192,142.747,20,2,AMD Radeon RX 9070 XT,64,0,1,1
q35.moe    tp1,256,8,2048,1536,128,1,16x256,154.739,20,2,AMD Radeon RX 9070 XT,64,0,1,1
q35.moe    tp1,256,8,2048,1536,128,1,32x16,169.123,20,2,AMD Radeon RX 9070 XT,64,0,1,1
q35.moe    tp1,256,8,2048,1536,128,1,32x32,141.631,20,2,AMD Radeon RX 9070 XT,64,0,1,1
q35.moe    tp1,256,8,2048,1536,128,1,32x64,136.529,20,2,AMD Radeon RX 9070 XT,64,0,1,1
q35.moe    tp1,256,8,2048,1536,128,1,32x96,146.910,20,2,AMD Radeon RX 9070 XT,64,0,1,1
q35.moe    tp1,256,8,2048,1536,128,1,32x128,138.947,20,2,AMD Radeon RX 9070 XT,64,0,1,1
q35.moe    tp1,256,8,2048,1536,128,1,32x192,139.765,20,2,AMD Radeon RX 9070 XT,64,0,1,1
q35.moe    tp1,256,8,2048,1536,128,1,32x256,148.382,20,2,AMD Radeon RX 9070 XT,64,0,1,1
q35.moe    tp1,256,8,2048,1536,128,1,64x16,380.061,20,2,AMD Radeon RX 9070 XT,64,0,1,1
q35.moe    tp1,256,8,2048,1536,128,1,64x32,315.142,20,2,AMD Radeon RX 9070 XT,64,0,1,1
q35.moe    tp1,256,8,2048,1536,128,1,64x64,301.106,20,2,AMD Radeon RX 9070 XT,64,0,1,1
q35.moe    tp1,256,8,2048,1536,128,1,64x96,303.955,20,2,AMD Radeon RX 9070 XT,64,0,1,1
q35.moe    tp1,256,8,2048,1536,128,1,64x128,304.463,20,2,AMD Radeon RX 9070 XT,64,0,1,1
q35.moe    tp1,256,8,2048,1536,128,1,64x192,311.805,20,2,AMD Radeon RX 9070 XT,64,0,1,1
q35.moe    tp1,256,8,2048,1536,128,1,64x256,324.630,20,2,AMD Radeon RX 9070 XT,64,0,1,1
q35.moe    tp1,256,8,2048,1536,128,1,128x16,330.127,20,2,AMD Radeon RX 9070 XT,64,0,1,1
q35.moe    tp1,256,8,2048,1536,128,1,128x32,283.797,20,2,AMD Radeon RX 9070 XT,64,0,1,1
q35.moe    tp1,256,8,2048,1536,128,1,128x64,265.039,20,2,AMD Radeon RX 9070 XT,64,0,1,1
q35.moe    tp1,256,8,2048,1536,128,1,128x96,270.244,20,2,AMD Radeon RX 9070 XT,64,0,1,1
q35.moe    tp1,256,8,2048,1536,128,1,128x128,287.131,20,2,AMD Radeon RX 9070 XT,64,0,1,1
q35.moe    tp1,256,8,2048,1536,128,1,128x192,415.404,20,2,AMD Radeon RX 9070 XT,64,0,1,1
q35.moe    tp1,256,8,2048,1536,128,1,128x256,493.664,19,2,AMD Radeon RX 9070 XT,64,0,1,1
q35.moe    tp1,256,8,2048,1536,128,2,16x16,268.302,20,2,AMD Radeon RX 9070 XT,64,0,1,1
q35.moe    tp1,256,8,2048,1536,128,2,16x32,267.764,20,2,AMD Radeon RX 9070 XT,64,0,1,1
q35.moe    tp1,256,8,2048,1536,128,2,16x64,286.852,20,2,AMD Radeon RX 9070 XT,64,0,1,1
q35.moe    tp1,256,8,2048,1536,128,2,16x96,378.578,20,2,AMD Radeon RX 9070 XT,64,0,1,1
q35.moe    tp1,256,8,2048,1536,128,2,16x128,270.712,20,2,AMD Radeon RX 9070 XT,64,0,1,1
q35.moe    tp1,256,8,2048,1536,128,2,16x192,273.809,20,2,AMD Radeon RX 9070 XT,64,0,1,1
q35.moe    tp1,256,8,2048,1536,128,2,16x256,311.829,20,2,AMD Radeon RX 9070 XT,64,0,1,1
q35.moe    tp1,256,8,2048,1536,128,2,32x16,236.122,20,2,AMD Radeon RX 9070 XT,64,0,1,1
q35.moe    tp1,256,8,2048,1536,128,2,32x32,235.201,20,2,AMD Radeon RX 9070 XT,64,0,1,1
q35.moe    tp1,256,8,2048,1536,128,2,32x64,242.888,20,2,AMD Radeon RX 9070 XT,64,0,1,1
q35.moe    tp1,256,8,2048,1536,128,2,32x96,289.592,20,2,AMD Radeon RX 9070 XT,64,0,1,1
q35.moe    tp1,256,8,2048,1536,128,2,32x128,234.095,20,2,AMD Radeon RX 9070 XT,64,0,1,1
q35.moe    tp1,256,8,2048,1536,128,2,32x192,239.151,20,2,AMD Radeon RX 9070 XT,64,0,1,1
q35.moe    tp1,256,8,2048,1536,128,2,32x256,256.725,20,2,AMD Radeon RX 9070 XT,64,0,1,1
q35.moe    tp1,256,8,2048,1536,128,2,64x16,566.354,17,2,AMD Radeon RX 9070 XT,64,0,1,1
q35.moe    tp1,256,8,2048,1536,128,2,64x32,568.033,17,2,AMD Radeon RX 9070 XT,64,0,1,1
q35.moe    tp1,256,8,2048,1536,128,2,64x64,585.940,17,2,AMD Radeon RX 9070 XT,64,0,1,1
q35.moe    tp1,256,8,2048,1536,128,2,64x96,586.316,17,2,AMD Radeon RX 9070 XT,64,0,1,1
q35.moe    tp1,256,8,2048,1536,128,2,64x128,582.902,16,2,AMD Radeon RX 9070 XT,64,0,1,1
q35.moe    tp1,256,8,2048,1536,128,2,64x192,592.831,16,2,AMD Radeon RX 9070 XT,64,0,1,1
q35.moe    tp1,256,8,2048,1536,128,2,64x256,616.344,15,2,AMD Radeon RX 9070 XT,64,0,1,1
q35.moe    tp1,256,8,2048,1536,128,2,128x16,404.654,20,2,AMD Radeon RX 9070 XT,64,0,1,1
q35.moe    tp1,256,8,2048,1536,128,2,128x32,400.766,20,2,AMD Radeon RX 9070 XT,64,0,1,1
q35.moe    tp1,256,8,2048,1536,128,2,128x64,416.739,20,2,AMD Radeon RX 9070 XT,64,0,1,1
q35.moe    tp1,256,8,2048,1536,128,2,128x96,420.370,20,2,AMD Radeon RX 9070 XT,64,0,1,1
q35.moe    tp1,256,8,2048,1536,128,2,128x128,449.178,20,2,AMD Radeon RX 9070 XT,64,0,1,1
q35.moe    tp1,256,8,2048,1536,128,2,128x192,672.226,14,2,AMD Radeon RX 9070 XT,64,0,1,1
q35.moe    tp1,256,8,2048,1536,128,2,128x256,887.515,11,2,AMD Radeon RX 9070 XT,64,0,1,1
q35.moe    tp1,256,8,2048,1536,128,8,16x16,594.883,15,2,AMD Radeon RX 9070 XT,64,0,1,1
q35.moe    tp1,256,8,2048,1536,128,8,16x32,597.689,16,2,AMD Radeon RX 9070 XT,64,0,1,1
q35.moe    tp1,256,8,2048,1536,128,8,16x64,578.106,16,2,AMD Radeon RX 9070 XT,64,0,1,1
q35.moe    tp1,256,8,2048,1536,128,8,16x96,558.159,17,2,AMD Radeon RX 9070 XT,64,0,1,1
q35.moe    tp1,256,8,2048,1536,128,8,16x128,563.151,16,2,AMD Radeon RX 9070 XT,64,0,1,1
q35.moe    tp1,256,8,2048,1536,128,8,16x192,566.031,17,2,AMD Radeon RX 9070 XT,64,0,1,1
q35.moe    tp1,256,8,2048,1536,128,8,16x256,569.244,17,2,AMD Radeon RX 9070 XT,64,0,1,1
q35.moe    tp1,256,8,2048,1536,128,8,32x16,596.541,16,2,AMD Radeon RX 9070 XT,64,0,1,1
q35.moe    tp1,256,8,2048,1536,128,8,32x32,596.762,16,2,AMD Radeon RX 9070 XT,64,0,1,1
q35.moe    tp1,256,8,2048,1536,128,8,32x64,597.854,16,2,AMD Radeon RX 9070 XT,64,0,1,1
q35.moe    tp1,256,8,2048,1536,128,8,32x96,598.175,16,2,AMD Radeon RX 9070 XT,64,0,1,1
q35.moe    tp1,256,8,2048,1536,128,8,32x128,597.101,16,2,AMD Radeon RX 9070 XT,64,0,1,1
q35.moe    tp1,256,8,2048,1536,128,8,32x192,598.625,15,2,AMD Radeon RX 9070 XT,64,0,1,1
q35.moe    tp1,256,8,2048,1536,128,8,32x256,597.621,16,2,AMD Radeon RX 9070 XT,64,0,1,1
q35.moe    tp1,256,8,2048,1536,128,8,64x16,1608.408,5,2,AMD Radeon RX 9070 XT,64,0,1,1
q35.moe    tp1,256,8,2048,1536,128,8,64x32,1673.521,5,2,AMD Radeon RX 9070 XT,64,0,1,1
q35.moe    tp1,256,8,2048,1536,128,8,64x64,1709.821,5,2,AMD Radeon RX 9070 XT,64,0,1,1
q35.moe    tp1,256,8,2048,1536,128,8,64x96,1659.498,6,2,AMD Radeon RX 9070 XT,64,0,1,1
q35.moe    tp1,256,8,2048,1536,128,8,64x128,1678.133,5,2,AMD Radeon RX 9070 XT,64,0,1,1
q35.moe    tp1,256,8,2048,1536,128,8,64x192,1694.609,5,2,AMD Radeon RX 9070 XT,64,0,1,1
q35.moe    tp1,256,8,2048,1536,128,8,64x256,1682.661,5,2,AMD Radeon RX 9070 XT,64,0,1,1
q35.moe    tp1,256,8,2048,1536,128,8,128x16,1377.792,7,2,AMD Radeon RX 9070 XT,64,0,1,1
q35.moe    tp1,256,8,2048,1536,128,8,128x32,1395.109,7,2,AMD Radeon RX 9070 XT,64,0,1,1
q35.moe    tp1,256,8,2048,1536,128,8,128x64,1401.072,7,2,AMD Radeon RX 9070 XT,64,0,1,1
q35.moe    tp1,256,8,2048,1536,128,8,128x96,1406.915,7,2,AMD Radeon RX 9070 XT,64,0,1,1
q35.moe    tp1,256,8,2048,1536,128,8,128x128,1405.589,7,2,AMD Radeon RX 9070 XT,64,0,1,1
q35.moe    tp1,256,8,2048,1536,128,8,128x192,1405.298,7,2,AMD Radeon RX 9070 XT,64,0,1,1
q35.moe    tp1,256,8,2048,1536,128,8,128x256,1407.169,7,2,AMD Radeon RX 9070 XT,64,0,1,1
q35.moe    tp1,256,8,2048,1536,128,32,16x16,2080.901,4,2,AMD Radeon RX 9070 XT,64,0,1,1
q35.moe    tp1,256,8,2048,1536,128,32,16x32,2023.545,4,2,AMD Radeon RX 9070 XT,64,0,1,1
q35.moe    tp1,256,8,2048,1536,128,32,16x64,2157.271,4,2,AMD Radeon RX 9070 XT,64,0,1,1
q35.moe    tp1,256,8,2048,1536,128,32,16x96,2133.912,4,2,AMD Radeon RX 9070 XT,64,0,1,1
q35.moe    tp1,256,8,2048,1536,128,32,16x128,2184.757,4,2,AMD Radeon RX 9070 XT,64,0,1,1
q35.moe    tp1,256,8,2048,1536,128,32,16x192,2206.147,4,2,AMD Radeon RX 9070 XT,64,0,1,1
q35.moe    tp1,256,8,2048,1536,128,32,16x256,2185.072,4,2,AMD Radeon RX 9070 XT,64,0,1,1
q35.moe    tp1,256,8,2048,1536,128,32,32x16,2721.327,3,2,AMD Radeon RX 9070 XT,64,0,1,1
q35.moe    tp1,256,8,2048,1536,128,32,32x32,2723.407,3,2,AMD Radeon RX 9070 XT,64,0,1,1
q35.moe    tp1,256,8,2048,1536,128,32,32x64,2761.067,3,2,AMD Radeon RX 9070 XT,64,0,1,1
q35.moe    tp1,256,8,2048,1536,128,32,32x96,2726.207,3,2,AMD Radeon RX 9070 XT,64,0,1,1
q35.moe    tp1,256,8,2048,1536,128,32,32x128,2720.755,3,2,AMD Radeon RX 9070 XT,64,0,1,1
q35.moe    tp1,256,8,2048,1536,128,32,32x192,2724.674,3,2,AMD Radeon RX 9070 XT,64,0,1,1
q35.moe    tp1,256,8,2048,1536,128,32,32x256,2659.206,3,2,AMD Radeon RX 9070 XT,64,0,1,1
q35.moe    tp1,256,8,2048,1536,128,32,64x16,4114.231,2,2,AMD Radeon RX 9070 XT,64,0,1,1
q35.moe    tp1,256,8,2048,1536,128,32,64x32,4181.561,2,2,AMD Radeon RX 9070 XT,64,0,1,1
q35.moe    tp1,256,8,2048,1536,128,32,64x64,4182.621,2,2,AMD Radeon RX 9070 XT,64,0,1,1
q35.moe    tp1,256,8,2048,1536,128,32,64x96,4184.832,2,2,AMD Radeon RX 9070 XT,64,0,1,1
q35.moe    tp1,256,8,2048,1536,128,32,64x128,4186.942,2,2,AMD Radeon RX 9070 XT,64,0,1,1
q35.moe    tp1,256,8,2048,1536,128,32,64x192,4202.242,2,2,AMD Radeon RX 9070 XT,64,0,1,1
q35.moe    tp1,256,8,2048,1536,128,32,64x256,4257.744,2,2,AMD Radeon RX 9070 XT,64,0,1,1
q35.moe    tp1,256,8,2048,1536,128,32,128x16,4508.576,2,2,AMD Radeon RX 9070 XT,64,0,1,1
q35.moe    tp1,256,8,2048,1536,128,32,128x32,4507.326,2,2,AMD Radeon RX 9070 XT,64,0,1,1
q35.moe    tp1,256,8,2048,1536,128,32,128x64,4518.507,2,2,AMD Radeon RX 9070 XT,64,0,1,1
q35.moe    tp1,256,8,2048,1536,128,32,128x96,4518.647,2,2,AMD Radeon RX 9070 XT,64,0,1,1
q35.moe    tp1,256,8,2048,1536,128,32,128x128,4529.687,2,2,AMD Radeon RX 9070 XT,64,0,1,1
q35.moe    tp1,256,8,2048,1536,128,32,128x192,4519.816,2,2,AMD Radeon RX 9070 XT,64,0,1,1
q35.moe    tp1,256,8,2048,1536,128,32,128x256,4507.707,2,2,AMD Radeon RX 9070 XT,64,0,1,1
q35.moe    tp1,256,8,2048,1536,128,64,16x16,9864.856,2,2,AMD Radeon RX 9070 XT,64,0,1,1
q35.moe    tp1,256,8,2048,1536,128,64,16x32,13382.618,2,2,AMD Radeon RX 9070 XT,64,0,1,1
q35.moe    tp1,256,8,2048,1536,128,64,16x64,11487.130,2,2,AMD Radeon RX 9070 XT,64,0,1,1
q35.moe    tp1,256,8,2048,1536,128,64,16x96,8118.860,2,2,AMD Radeon RX 9070 XT,64,0,1,1
q35.moe    tp1,256,8,2048,1536,128,64,16x128,13809.064,2,2,AMD Radeon RX 9070 XT,64,0,1,1
q35.moe    tp1,256,8,2048,1536,128,64,16x192,6837.461,2,2,AMD Radeon RX 9070 XT,64,0,1,1
q35.moe    tp1,256,8,2048,1536,128,64,32x16,7197.816,2,2,AMD Radeon RX 9070 XT,64,0,1,1
q35.moe    tp1,256,8,2048,1536,128,64,32x32,8520.946,2,2,AMD Radeon RX 9070 XT,64,0,1,1
q35.moe    tp1,256,8,2048,1536,128,64,32x64,6978.933,2,2,AMD Radeon RX 9070 XT,64,0,1,1
q35.moe    tp1,256,8,2048,1536,128,64,32x96,5262.928,2,2,AMD Radeon RX 9070 XT,64,0,1,1
q35.moe    tp1,256,8,2048,1536,128,64,32x128,9073.645,2,2,AMD Radeon RX 9070 XT,64,0,1,1
q35.moe    tp1,256,8,2048,1536,128,64,32x192,3942.358,2,2,AMD Radeon RX 9070 XT,64,0,1,1
q35.moe    tp1,256,8,2048,1536,128,64,64x16,6206.212,2,2,AMD Radeon RX 9070 XT,64,0,1,1
q35.moe    tp1,256,8,2048,1536,128,64,64x32,6128.671,2,2,AMD Radeon RX 9070 XT,64,0,1,1
q35.moe    tp1,256,8,2048,1536,128,64,64x64,6562.168,2,2,AMD Radeon RX 9070 XT,64,0,1,1
q35.moe    tp1,256,8,2048,1536,128,64,64x96,6088.300,2,2,AMD Radeon RX 9070 XT,64,0,1,1
q35.moe    tp1,256,8,2048,1536,128,64,64x128,6247.713,2,2,AMD Radeon RX 9070 XT,64,0,1,1
q35.moe    tp1,256,8,2048,1536,128,64,64x192,5873.637,2,2,AMD Radeon RX 9070 XT,64,0,1,1
q35.moe    tp1,256,8,2048,1536,128,64,64x256,6672.259,2,2,AMD Radeon RX 9070 XT,64,0,1,1
q35.moe    tp1,256,8,2048,1536,128,64,128x16,5595.073,2,2,AMD Radeon RX 9070 XT,64,0,1,1
q35.moe    tp1,256,8,2048,1536,128,64,128x32,5585.873,2,2,AMD Radeon RX 9070 XT,64,0,1,1
q35.moe    tp1,256,8,2048,1536,128,64,128x64,5579.023,2,2,AMD Radeon RX 9070 XT,64,0,1,1
q35.moe    tp1,256,8,2048,1536,128,64,128x96,5579.673,2,2,AMD Radeon RX 9070 XT,64,0,1,1
q35.moe    tp1,256,8,2048,1536,128,64,128x128,5579.603,2,2,AMD Radeon RX 9070 XT,64,0,1,1
q35.moe    tp1,256,8,2048,1536,128,64,128x192,5575.623,2,2,AMD Radeon RX 9070 XT,64,0,1,1
q35.moe    tp1,256,8,2048,1536,128,64,128x256,5574.533,2,2,AMD Radeon RX 9070 XT,64,0,1,1
q35.moe    tp1,256,8,2048,1536,128,256,16x16,11289.668,2,2,AMD Radeon RX 9070 XT,64,0,1,1
q35.moe    tp1,256,8,2048,1536,128,256,16x32,15389.029,2,2,AMD Radeon RX 9070 XT,64,0,1,1
q35.moe    tp1,256,8,2048,1536,128,256,16x64,12693.589,2,2,AMD Radeon RX 9070 XT,64,0,1,1
q35.moe    tp1,256,8,2048,1536,128,256,16x96,9354.640,2,2,AMD Radeon RX 9070 XT,64,0,1,1
q35.moe    tp1,256,8,2048,1536,128,256,16x128,15981.208,2,2,AMD Radeon RX 9070 XT,64,0,1,1
q35.moe    tp1,256,8,2048,1536,128,256,16x192,9337.239,2,2,AMD Radeon RX 9070 XT,64,0,1,1
q35.moe    tp1,256,8,2048,1536,128,256,32x16,8374.025,2,2,AMD Radeon RX 9070 XT,64,0,1,1
q35.moe    tp1,256,8,2048,1536,128,256,32x32,9959.628,2,2,AMD Radeon RX 9070 XT,64,0,1,1
q35.moe    tp1,256,8,2048,1536,128,256,32x64,8128.242,2,2,AMD Radeon RX 9070 XT,64,0,1,1
q35.moe    tp1,256,8,2048,1536,128,256,32x96,6049.410,2,2,AMD Radeon RX 9070 XT,64,0,1,1
q35.moe    tp1,256,8,2048,1536,128,256,32x128,10634.719,2,2,AMD Radeon RX 9070 XT,64,0,1,1
q35.moe    tp1,256,8,2048,1536,128,256,32x192,4788.541,2,2,AMD Radeon RX 9070 XT,64,0,1,1
q35.moe    tp1,256,8,2048,1536,128,256,64x16,6969.484,2,2,AMD Radeon RX 9070 XT,64,0,1,1
q35.moe    tp1,256,8,2048,1536,128,256,64x32,6864.793,2,2,AMD Radeon RX 9070 XT,64,0,1,1
q35.moe    tp1,256,8,2048,1536,128,256,64x64,7419.861,2,2,AMD Radeon RX 9070 XT,64,0,1,1
q35.moe    tp1,256,8,2048,1536,128,256,64x96,7252.278,2,2,AMD Radeon RX 9070 XT,64,0,1,1
q35.moe    tp1,256,8,2048,1536,128,256,64x128,7035.106,2,2,AMD Radeon RX 9070 XT,64,0,1,1
q35.moe    tp1,256,8,2048,1536,128,256,64x192,7150.467,2,2,AMD Radeon RX 9070 XT,64,0,1,1
q35.moe    tp1,256,8,2048,1536,128,256,64x256,7573.833,2,2,AMD Radeon RX 9070 XT,64,0,1,1
q35.moe    tp1,256,8,2048,1536,128,256,128x16,6437.387,2,2,AMD Radeon RX 9070 XT,64,0,1,1
q35.moe    tp1,256,8,2048,1536,128,256,128x32,6406.387,2,2,AMD Radeon RX 9070 XT,64,0,1,1
q35.moe    tp1,256,8,2048,1536,128,256,128x64,6402.146,2,2,AMD Radeon RX 9070 XT,64,0,1,1
q35.moe    tp1,256,8,2048,1536,128,256,128x96,6405.496,2,2,AMD Radeon RX 9070 XT,64,0,1,1
q35.moe    tp1,256,8,2048,1536,128,256,128x128,6406.106,2,2,AMD Radeon RX 9070 XT,64,0,1,1
q35.moe    tp1,256,8,2048,1536,128,256,128x192,6411.336,2,2,AMD Radeon RX 9070 XT,64,0,1,1
q35.moe    tp1,256,8,2048,1536,128,256,128x256,6411.116,2,2,AMD Radeon RX 9070 XT,64,0,1,1
q35.moe    tp1,256,8,2048,1536,128,1024,16x16,26277.107,2,2,AMD Radeon RX 9070 XT,64,0,1,1
q35.moe    tp1,256,8,2048,1536,128,1024,16x32,34893.063,2,2,AMD Radeon RX 9070 XT,64,0,1,1
q35.moe    tp1,256,8,2048,1536,128,1024,16x64,27990.223,2,2,AMD Radeon RX 9070 XT,64,0,1,1
q35.moe    tp1,256,8,2048,1536,128,1024,16x96,20537.443,2,2,AMD Radeon RX 9070 XT,64,0,1,1
q35.moe    tp1,256,8,2048,1536,128,1024,16x128,32694.065,2,2,AMD Radeon RX 9070 XT,64,0,1,1
q35.moe    tp1,256,8,2048,1536,128,1024,16x192,16394.518,2,2,AMD Radeon RX 9070 XT,64,0,1,1
q35.moe    tp1,256,8,2048,1536,128,1024,32x16,12111.003,2,2,AMD Radeon RX 9070 XT,64,0,1,1
q35.moe    tp1,256,8,2048,1536,128,1024,32x32,14212.265,2,2,AMD Radeon RX 9070 XT,64,0,1,1
q35.moe    tp1,256,8,2048,1536,128,1024,32x64,11469.633,2,2,AMD Radeon RX 9070 XT,64,0,1,1
q35.moe    tp1,256,8,2048,1536,128,1024,32x96,8438.928,2,2,AMD Radeon RX 9070 XT,64,0,1,1
q35.moe    tp1,256,8,2048,1536,128,1024,32x128,14318.876,2,2,AMD Radeon RX 9070 XT,64,0,1,1
q35.moe    tp1,256,8,2048,1536,128,1024,32x192,6746.902,2,2,AMD Radeon RX 9070 XT,64,0,1,1
q35.moe    tp1,256,8,2048,1536,128,1024,64x16,6484.608,2,2,AMD Radeon RX 9070 XT,64,0,1,1
q35.moe    tp1,256,8,2048,1536,128,1024,64x32,6073.402,2,2,AMD Radeon RX 9070 XT,64,0,1,1
q35.moe    tp1,256,8,2048,1536,128,1024,64x64,6465.328,2,2,AMD Radeon RX 9070 XT,64,0,1,1
q35.moe    tp1,256,8,2048,1536,128,1024,64x96,6282.175,2,2,AMD Radeon RX 9070 XT,64,0,1,1
q35.moe    tp1,256,8,2048,1536,128,1024,64x128,6160.753,2,2,AMD Radeon RX 9070 XT,64,0,1,1
q35.moe    tp1,256,8,2048,1536,128,1024,64x192,6204.165,2,2,AMD Radeon RX 9070 XT,64,0,1,1
q35.moe    tp1,256,8,2048,1536,128,1024,64x256,6677.141,2,2,AMD Radeon RX 9070 XT,64,0,1,1
q35.moe    tp1,256,8,2048,1536,128,1024,128x16,6916.484,2,2,AMD Radeon RX 9070 XT,64,0,1,1
q35.moe    tp1,256,8,2048,1536,128,1024,128x32,6869.784,2,2,AMD Radeon RX 9070 XT,64,0,1,1
q35.moe    tp1,256,8,2048,1536,128,1024,128x64,6901.874,2,2,AMD Radeon RX 9070 XT,64,0,1,1
q35.moe    tp1,256,8,2048,1536,128,1024,128x96,6770.913,2,2,AMD Radeon RX 9070 XT,64,0,1,1
q35.moe    tp1,256,8,2048,1536,128,1024,128x128,6901.275,2,2,AMD Radeon RX 9070 XT,64,0,1,1
q35.moe    tp1,256,8,2048,1536,128,1024,128x192,6918.645,2,2,AMD Radeon RX 9070 XT,64,0,1,1
q35.moe    tp1,256,8,2048,1536,128,1024,128x256,6912.535,2,2,AMD Radeon RX 9070 XT,64,0,1,1
glm.moe    tp2,128,8,2048,768,128,1,16x16,84.152,20,2,AMD Radeon RX 9070 XT,64,0,1,1
glm.moe    tp2,128,8,2048,768,128,1,16x32,75.126,20,2,AMD Radeon RX 9070 XT,64,0,1,1
glm.moe    tp2,128,8,2048,768,128,1,16x64,70.554,20,2,AMD Radeon RX 9070 XT,64,0,1,1
glm.moe    tp2,128,8,2048,768,128,1,16x96,84.958,20,2,AMD Radeon RX 9070 XT,64,0,1,1
glm.moe    tp2,128,8,2048,768,128,1,16x128,73.154,20,2,AMD Radeon RX 9070 XT,64,0,1,1
glm.moe    tp2,128,8,2048,768,128,1,16x192,82.956,20,2,AMD Radeon RX 9070 XT,64,0,1,1
glm.moe    tp2,128,8,2048,768,128,1,16x256,84.714,20,2,AMD Radeon RX 9070 XT,64,0,1,1
glm.moe    tp2,128,8,2048,768,128,1,32x16,99.974,20,2,AMD Radeon RX 9070 XT,64,0,1,1
glm.moe    tp2,128,8,2048,768,128,1,32x32,87.635,20,2,AMD Radeon RX 9070 XT,64,0,1,1
glm.moe    tp2,128,8,2048,768,128,1,32x64,83.219,20,2,AMD Radeon RX 9070 XT,64,0,1,1
glm.moe    tp2,128,8,2048,768,128,1,32x96,90.296,20,2,AMD Radeon RX 9070 XT,64,0,1,1
glm.moe    tp2,128,8,2048,768,128,1,32x128,86.017,20,2,AMD Radeon RX 9070 XT,64,0,1,1
glm.moe    tp2,128,8,2048,768,128,1,32x192,86.028,20,2,AMD Radeon RX 9070 XT,64,0,1,1
glm.moe    tp2,128,8,2048,768,128,1,32x256,87.435,20,2,AMD Radeon RX 9070 XT,64,0,1,1
glm.moe    tp2,128,8,2048,768,128,1,64x16,157.219,20,2,AMD Radeon RX 9070 XT,64,0,1,1
glm.moe    tp2,128,8,2048,768,128,1,64x32,138.915,20,2,AMD Radeon RX 9070 XT,64,0,1,1
glm.moe    tp2,128,8,2048,768,128,1,64x64,132.196,20,2,AMD Radeon RX 9070 XT,64,0,1,1
glm.moe    tp2,128,8,2048,768,128,1,64x96,133.082,20,2,AMD Radeon RX 9070 XT,64,0,1,1
glm.moe    tp2,128,8,2048,768,128,1,64x128,133.892,20,2,AMD Radeon RX 9070 XT,64,0,1,1
glm.moe    tp2,128,8,2048,768,128,1,64x192,138.368,20,2,AMD Radeon RX 9070 XT,64,0,1,1
glm.moe    tp2,128,8,2048,768,128,1,64x256,144.090,20,2,AMD Radeon RX 9070 XT,64,0,1,1
glm.moe    tp2,128,8,2048,768,128,1,128x16,197.915,20,2,AMD Radeon RX 9070 XT,64,0,1,1
glm.moe    tp2,128,8,2048,768,128,1,128x32,172.839,20,2,AMD Radeon RX 9070 XT,64,0,1,1
glm.moe    tp2,128,8,2048,768,128,1,128x64,163.314,20,2,AMD Radeon RX 9070 XT,64,0,1,1
glm.moe    tp2,128,8,2048,768,128,1,128x96,167.373,20,2,AMD Radeon RX 9070 XT,64,0,1,1
glm.moe    tp2,128,8,2048,768,128,1,128x128,173.738,20,2,AMD Radeon RX 9070 XT,64,0,1,1
glm.moe    tp2,128,8,2048,768,128,1,128x192,238.737,20,2,AMD Radeon RX 9070 XT,64,0,1,1
glm.moe    tp2,128,8,2048,768,128,1,128x256,263.894,20,2,AMD Radeon RX 9070 XT,64,0,1,1
glm.moe    tp2,128,8,2048,768,128,2,16x16,167.250,20,2,AMD Radeon RX 9070 XT,64,0,1,1
glm.moe    tp2,128,8,2048,768,128,2,16x32,166.355,20,2,AMD Radeon RX 9070 XT,64,0,1,1
glm.moe    tp2,128,8,2048,768,128,2,16x64,166.226,20,2,AMD Radeon RX 9070 XT,64,0,1,1
glm.moe    tp2,128,8,2048,768,128,2,16x96,210.228,20,2,AMD Radeon RX 9070 XT,64,0,1,1
glm.moe    tp2,128,8,2048,768,128,2,16x128,159.182,20,2,AMD Radeon RX 9070 XT,64,0,1,1
glm.moe    tp2,128,8,2048,768,128,2,16x192,159.163,20,2,AMD Radeon RX 9070 XT,64,0,1,1
glm.moe    tp2,128,8,2048,768,128,2,16x256,179.582,20,2,AMD Radeon RX 9070 XT,64,0,1,1
glm.moe    tp2,128,8,2048,768,128,2,32x16,143.019,20,2,AMD Radeon RX 9070 XT,64,0,1,1
glm.moe    tp2,128,8,2048,768,128,2,32x32,144.299,20,2,AMD Radeon RX 9070 XT,64,0,1,1
glm.moe    tp2,128,8,2048,768,128,2,32x64,148.386,20,2,AMD Radeon RX 9070 XT,64,0,1,1
glm.moe    tp2,128,8,2048,768,128,2,32x96,169.551,20,2,AMD Radeon RX 9070 XT,64,0,1,1
glm.moe    tp2,128,8,2048,768,128,2,32x128,142.157,20,2,AMD Radeon RX 9070 XT,64,0,1,1
glm.moe    tp2,128,8,2048,768,128,2,32x192,141.041,20,2,AMD Radeon RX 9070 XT,64,0,1,1
glm.moe    tp2,128,8,2048,768,128,2,32x256,149.053,20,2,AMD Radeon RX 9070 XT,64,0,1,1
glm.moe    tp2,128,8,2048,768,128,2,64x16,292.115,20,2,AMD Radeon RX 9070 XT,64,0,1,1
glm.moe    tp2,128,8,2048,768,128,2,64x32,292.281,20,2,AMD Radeon RX 9070 XT,64,0,1,1
glm.moe    tp2,128,8,2048,768,128,2,64x64,306.572,20,2,AMD Radeon RX 9070 XT,64,0,1,1
glm.moe    tp2,128,8,2048,768,128,2,64x96,301.707,20,2,AMD Radeon RX 9070 XT,64,0,1,1
glm.moe    tp2,128,8,2048,768,128,2,64x128,299.834,20,2,AMD Radeon RX 9070 XT,64,0,1,1
glm.moe    tp2,128,8,2048,768,128,2,64x192,305.777,20,2,AMD Radeon RX 9070 XT,64,0,1,1
glm.moe    tp2,128,8,2048,768,128,2,64x256,312.471,20,2,AMD Radeon RX 9070 XT,64,0,1,1
glm.moe    tp2,128,8,2048,768,128,2,128x16,240.373,20,2,AMD Radeon RX 9070 XT,64,0,1,1
glm.moe    tp2,128,8,2048,768,128,2,128x32,228.514,20,2,AMD Radeon RX 9070 XT,64,0,1,1
glm.moe    tp2,128,8,2048,768,128,2,128x64,241.270,20,2,AMD Radeon RX 9070 XT,64,0,1,1
glm.moe    tp2,128,8,2048,768,128,2,128x96,234.931,20,2,AMD Radeon RX 9070 XT,64,0,1,1
glm.moe    tp2,128,8,2048,768,128,2,128x128,253.665,20,2,AMD Radeon RX 9070 XT,64,0,1,1
glm.moe    tp2,128,8,2048,768,128,2,128x192,366.177,20,2,AMD Radeon RX 9070 XT,64,0,1,1
glm.moe    tp2,128,8,2048,768,128,2,128x256,461.142,20,2,AMD Radeon RX 9070 XT,64,0,1,1
glm.moe    tp2,128,8,2048,768,128,8,16x16,320.276,20,2,AMD Radeon RX 9070 XT,64,0,1,1
glm.moe    tp2,128,8,2048,768,128,8,16x32,305.870,20,2,AMD Radeon RX 9070 XT,64,0,1,1
glm.moe    tp2,128,8,2048,768,128,8,16x64,305.134,20,2,AMD Radeon RX 9070 XT,64,0,1,1
glm.moe    tp2,128,8,2048,768,128,8,16x96,305.114,20,2,AMD Radeon RX 9070 XT,64,0,1,1
glm.moe    tp2,128,8,2048,768,128,8,16x128,304.936,20,2,AMD Radeon RX 9070 XT,64,0,1,1
glm.moe    tp2,128,8,2048,768,128,8,16x192,304.953,20,2,AMD Radeon RX 9070 XT,64,0,1,1
glm.moe    tp2,128,8,2048,768,128,8,16x256,305.357,20,2,AMD Radeon RX 9070 XT,64,0,1,1
glm.moe    tp2,128,8,2048,768,128,8,32x16,314.740,20,2,AMD Radeon RX 9070 XT,64,0,1,1
glm.moe    tp2,128,8,2048,768,128,8,32x32,315.041,20,2,AMD Radeon RX 9070 XT,64,0,1,1
glm.moe    tp2,128,8,2048,768,128,8,32x64,317.440,20,2,AMD Radeon RX 9070 XT,64,0,1,1
glm.moe    tp2,128,8,2048,768,128,8,32x96,318.389,20,2,AMD Radeon RX 9070 XT,64,0,1,1
glm.moe    tp2,128,8,2048,768,128,8,32x128,318.787,20,2,AMD Radeon RX 9070 XT,64,0,1,1
glm.moe    tp2,128,8,2048,768,128,8,32x192,319.150,20,2,AMD Radeon RX 9070 XT,64,0,1,1
glm.moe    tp2,128,8,2048,768,128,8,32x256,318.588,20,2,AMD Radeon RX 9070 XT,64,0,1,1
glm.moe    tp2,128,8,2048,768,128,8,64x16,843.506,11,2,AMD Radeon RX 9070 XT,64,0,1,1
glm.moe    tp2,128,8,2048,768,128,8,64x32,840.298,11,2,AMD Radeon RX 9070 XT,64,0,1,1
glm.moe    tp2,128,8,2048,768,128,8,64x64,846.655,11,2,AMD Radeon RX 9070 XT,64,0,1,1
glm.moe    tp2,128,8,2048,768,128,8,64x96,848.133,11,2,AMD Radeon RX 9070 XT,64,0,1,1
glm.moe    tp2,128,8,2048,768,128,8,64x128,839.345,11,2,AMD Radeon RX 9070 XT,64,0,1,1
glm.moe    tp2,128,8,2048,768,128,8,64x192,839.775,11,2,AMD Radeon RX 9070 XT,64,0,1,1
glm.moe    tp2,128,8,2048,768,128,8,64x256,839.144,11,2,AMD Radeon RX 9070 XT,64,0,1,1
glm.moe    tp2,128,8,2048,768,128,8,128x16,715.823,13,2,AMD Radeon RX 9070 XT,64,0,1,1
glm.moe    tp2,128,8,2048,768,128,8,128x32,718.480,13,2,AMD Radeon RX 9070 XT,64,0,1,1
glm.moe    tp2,128,8,2048,768,128,8,128x64,725.240,13,2,AMD Radeon RX 9070 XT,64,0,1,1
glm.moe    tp2,128,8,2048,768,128,8,128x96,730.886,13,2,AMD Radeon RX 9070 XT,64,0,1,1
glm.moe    tp2,128,8,2048,768,128,8,128x128,733.902,13,2,AMD Radeon RX 9070 XT,64,0,1,1
glm.moe    tp2,128,8,2048,768,128,8,128x192,735.457,13,2,AMD Radeon RX 9070 XT,64,0,1,1
glm.moe    tp2,128,8,2048,768,128,8,128x256,732.545,13,2,AMD Radeon RX 9070 XT,64,0,1,1
glm.moe    tp2,128,8,2048,768,128,32,16x16,854.275,10,2,AMD Radeon RX 9070 XT,64,0,1,1
glm.moe    tp2,128,8,2048,768,128,32,16x32,853.113,11,2,AMD Radeon RX 9070 XT,64,0,1,1
glm.moe    tp2,128,8,2048,768,128,32,16x64,855.182,11,2,AMD Radeon RX 9070 XT,64,0,1,1
glm.moe    tp2,128,8,2048,768,128,32,16x96,868.988,11,2,AMD Radeon RX 9070 XT,64,0,1,1
glm.moe    tp2,128,8,2048,768,128,32,16x128,868.342,11,2,AMD Radeon RX 9070 XT,64,0,1,1
glm.moe    tp2,128,8,2048,768,128,32,16x192,870.428,11,2,AMD Radeon RX 9070 XT,64,0,1,1
glm.moe    tp2,128,8,2048,768,128,32,16x256,869.428,11,2,AMD Radeon RX 9070 XT,64,0,1,1
glm.moe    tp2,128,8,2048,768,128,32,32x16,1076.059,9,2,AMD Radeon RX 9070 XT,64,0,1,1
glm.moe    tp2,128,8,2048,768,128,32,32x32,1075.639,9,2,AMD Radeon RX 9070 XT,64,0,1,1
glm.moe    tp2,128,8,2048,768,128,32,32x64,1077.876,9,2,AMD Radeon RX 9070 XT,64,0,1,1
glm.moe    tp2,128,8,2048,768,128,32,32x96,1076.512,9,2,AMD Radeon RX 9070 XT,64,0,1,1
glm.moe    tp2,128,8,2048,768,128,32,32x128,1076.327,9,2,AMD Radeon RX 9070 XT,64,0,1,1
glm.moe    tp2,128,8,2048,768,128,32,32x192,1079.161,9,2,AMD Radeon RX 9070 XT,64,0,1,1
glm.moe    tp2,128,8,2048,768,128,32,32x256,1074.110,9,2,AMD Radeon RX 9070 XT,64,0,1,1
glm.moe    tp2,128,8,2048,768,128,32,64x16,1838.768,5,2,AMD Radeon RX 9070 XT,64,0,1,1
glm.moe    tp2,128,8,2048,768,128,32,64x32,1837.252,5,2,AMD Radeon RX 9070 XT,64,0,1,1
glm.moe    tp2,128,8,2048,768,128,32,64x64,1834.392,5,2,AMD Radeon RX 9070 XT,64,0,1,1
glm.moe    tp2,128,8,2048,768,128,32,64x96,1841.580,5,2,AMD Radeon RX 9070 XT,64,0,1,1
glm.moe    tp2,128,8,2048,768,128,32,64x128,1800.359,5,2,AMD Radeon RX 9070 XT,64,0,1,1
glm.moe    tp2,128,8,2048,768,128,32,64x192,1843.480,5,2,AMD Radeon RX 9070 XT,64,0,1,1
glm.moe    tp2,128,8,2048,768,128,32,64x256,1834.256,5,2,AMD Radeon RX 9070 XT,64,0,1,1
glm.moe    tp2,128,8,2048,768,128,32,128x16,1424.730,7,2,AMD Radeon RX 9070 XT,64,0,1,1
glm.moe    tp2,128,8,2048,768,128,32,128x32,1446.736,7,2,AMD Radeon RX 9070 XT,64,0,1,1
glm.moe    tp2,128,8,2048,768,128,32,128x64,1457.809,6,2,AMD Radeon RX 9070 XT,64,0,1,1
glm.moe    tp2,128,8,2048,768,128,32,128x96,1461.016,6,2,AMD Radeon RX 9070 XT,64,0,1,1
glm.moe    tp2,128,8,2048,768,128,32,128x128,1464.852,6,2,AMD Radeon RX 9070 XT,64,0,1,1
glm.moe    tp2,128,8,2048,768,128,32,128x192,1459.726,6,2,AMD Radeon RX 9070 XT,64,0,1,1
glm.moe    tp2,128,8,2048,768,128,32,128x256,1460.929,6,2,AMD Radeon RX 9070 XT,64,0,1,1
glm.moe    tp2,128,8,2048,768,128,64,16x16,3084.907,3,2,AMD Radeon RX 9070 XT,64,0,1,1
glm.moe    tp2,128,8,2048,768,128,64,16x32,4129.963,2,2,AMD Radeon RX 9070 XT,64,0,1,1
glm.moe    tp2,128,8,2048,768,128,64,16x64,3708.366,2,2,AMD Radeon RX 9070 XT,64,0,1,1
glm.moe    tp2,128,8,2048,768,128,64,16x96,2694.328,3,2,AMD Radeon RX 9070 XT,64,0,1,1
glm.moe    tp2,128,8,2048,768,128,64,16x128,4322.176,2,2,AMD Radeon RX 9070 XT,64,0,1,1
glm.moe    tp2,128,8,2048,768,128,64,16x192,2380.331,4,2,AMD Radeon RX 9070 XT,64,0,1,1
glm.moe    tp2,128,8,2048,768,128,64,32x16,2362.021,4,2,AMD Radeon RX 9070 XT,64,0,1,1
glm.moe    tp2,128,8,2048,768,128,64,32x32,2746.955,3,2,AMD Radeon RX 9070 XT,64,0,1,1
glm.moe    tp2,128,8,2048,768,128,64,32x64,2296.275,4,2,AMD Radeon RX 9070 XT,64,0,1,1
glm.moe    tp2,128,8,2048,768,128,64,32x96,1580.337,6,2,AMD Radeon RX 9070 XT,64,0,1,1
glm.moe    tp2,128,8,2048,768,128,64,32x128,2963.659,3,2,AMD Radeon RX 9070 XT,64,0,1,1
glm.moe    tp2,128,8,2048,768,128,64,32x192,1195.638,8,2,AMD Radeon RX 9070 XT,64,0,1,1
glm.moe    tp2,128,8,2048,768,128,64,64x16,2139.097,4,2,AMD Radeon RX 9070 XT,64,0,1,1
glm.moe    tp2,128,8,2048,768,128,64,64x32,2163.363,4,2,AMD Radeon RX 9070 XT,64,0,1,1
glm.moe    tp2,128,8,2048,768,128,64,64x64,2262.355,4,2,AMD Radeon RX 9070 XT,64,0,1,1
glm.moe    tp2,128,8,2048,768,128,64,64x96,2182.778,4,2,AMD Radeon RX 9070 XT,64,0,1,1
glm.moe    tp2,128,8,2048,768,128,64,64x128,2200.304,4,2,AMD Radeon RX 9070 XT,64,0,1,1
glm.moe    tp2,128,8,2048,768,128,64,64x192,2165.293,4,2,AMD Radeon RX 9070 XT,64,0,1,1
glm.moe    tp2,128,8,2048,768,128,64,64x256,2338.305,4,2,AMD Radeon RX 9070 XT,64,0,1,1
glm.moe    tp2,128,8,2048,768,128,64,128x16,1625.515,6,2,AMD Radeon RX 9070 XT,64,0,1,1
glm.moe    tp2,128,8,2048,768,128,64,128x32,1636.748,6,2,AMD Radeon RX 9070 XT,64,0,1,1
glm.moe    tp2,128,8,2048,768,128,64,128x64,1647.252,6,2,AMD Radeon RX 9070 XT,64,0,1,1
glm.moe    tp2,128,8,2048,768,128,64,128x96,1652.833,5,2,AMD Radeon RX 9070 XT,64,0,1,1
glm.moe    tp2,128,8,2048,768,128,64,128x128,1659.897,5,2,AMD Radeon RX 9070 XT,64,0,1,1
glm.moe    tp2,128,8,2048,768,128,64,128x192,1657.585,5,2,AMD Radeon RX 9070 XT,64,0,1,1
glm.moe    tp2,128,8,2048,768,128,64,128x256,1650.538,6,2,AMD Radeon RX 9070 XT,64,0,1,1
glm.moe    tp2,128,8,2048,768,128,256,16x16,4300.416,2,2,AMD Radeon RX 9070 XT,64,0,1,1
glm.moe    tp2,128,8,2048,768,128,256,16x32,5672.876,2,2,AMD Radeon RX 9070 XT,64,0,1,1
glm.moe    tp2,128,8,2048,768,128,256,16x64,4687.332,2,2,AMD Radeon RX 9070 XT,64,0,1,1
glm.moe    tp2,128,8,2048,768,128,256,16x96,3839.859,2,2,AMD Radeon RX 9070 XT,64,0,1,1
glm.moe    tp2,128,8,2048,768,128,256,16x128,5823.189,2,2,AMD Radeon RX 9070 XT,64,0,1,1
glm.moe    tp2,128,8,2048,768,128,256,16x192,3048.627,3,2,AMD Radeon RX 9070 XT,64,0,1,1
glm.moe    tp2,128,8,2048,768,128,256,32x16,2444.464,3,2,AMD Radeon RX 9070 XT,64,0,1,1
glm.moe    tp2,128,8,2048,768,128,256,32x32,2866.550,3,2,AMD Radeon RX 9070 XT,64,0,1,1
glm.moe    tp2,128,8,2048,768,128,256,32x64,2413.487,4,2,AMD Radeon RX 9070 XT,64,0,1,1
glm.moe    tp2,128,8,2048,768,128,256,32x96,1667.665,5,2,AMD Radeon RX 9070 XT,64,0,1,1
glm.moe    tp2,128,8,2048,768,128,256,32x128,3069.300,3,2,AMD Radeon RX 9070 XT,64,0,1,1
glm.moe    tp2,128,8,2048,768,128,256,32x192,1286.197,7,2,AMD Radeon RX 9070 XT,64,0,1,1
glm.moe    tp2,128,8,2048,768,128,256,64x16,2248.815,4,2,AMD Radeon RX 9070 XT,64,0,1,1
glm.moe    tp2,128,8,2048,768,128,256,64x32,2236.474,4,2,AMD Radeon RX 9070 XT,64,0,1,1
glm.moe    tp2,128,8,2048,768,128,256,64x64,2259.284,4,2,AMD Radeon RX 9070 XT,64,0,1,1
glm.moe    tp2,128,8,2048,768,128,256,64x96,2283.140,4,2,AMD Radeon RX 9070 XT,64,0,1,1
glm.moe    tp2,128,8,2048,768,128,256,64x128,2272.449,4,2,AMD Radeon RX 9070 XT,64,0,1,1
glm.moe    tp2,128,8,2048,768,128,256,64x192,2252.904,4,2,AMD Radeon RX 9070 XT,64,0,1,1
glm.moe    tp2,128,8,2048,768,128,256,64x256,2410.247,4,2,AMD Radeon RX 9070 XT,64,0,1,1
glm.moe    tp2,128,8,2048,768,128,256,128x16,1734.726,5,2,AMD Radeon RX 9070 XT,64,0,1,1
glm.moe    tp2,128,8,2048,768,128,256,128x32,1745.535,5,2,AMD Radeon RX 9070 XT,64,0,1,1
glm.moe    tp2,128,8,2048,768,128,256,128x64,1750.451,5,2,AMD Radeon RX 9070 XT,64,0,1,1
glm.moe    tp2,128,8,2048,768,128,256,128x96,1753.795,5,2,AMD Radeon RX 9070 XT,64,0,1,1
glm.moe    tp2,128,8,2048,768,128,256,128x128,1754.507,5,2,AMD Radeon RX 9070 XT,64,0,1,1
glm.moe    tp2,128,8,2048,768,128,256,128x192,1751.031,5,2,AMD Radeon RX 9070 XT,64,0,1,1
glm.moe    tp2,128,8,2048,768,128,256,128x256,1754.859,5,2,AMD Radeon RX 9070 XT,64,0,1,1
glm.moe    tp2,128,8,2048,768,128,1024,16x16,12569.772,2,2,AMD Radeon RX 9070 XT,64,0,1,1
glm.moe    tp2,128,8,2048,768,128,1024,16x32,16488.031,2,2,AMD Radeon RX 9070 XT,64,0,1,1
glm.moe    tp2,128,8,2048,768,128,1024,16x64,13462.126,2,2,AMD Radeon RX 9070 XT,64,0,1,1
glm.moe    tp2,128,8,2048,768,128,1024,16x96,9980.262,2,2,AMD Radeon RX 9070 XT,64,0,1,1
glm.moe    tp2,128,8,2048,768,128,1024,16x128,16067.295,2,2,AMD Radeon RX 9070 XT,64,0,1,1
glm.moe    tp2,128,8,2048,768,128,1024,16x192,7950.582,2,2,AMD Radeon RX 9070 XT,64,0,1,1
glm.moe    tp2,128,8,2048,768,128,1024,32x16,5389.883,2,2,AMD Radeon RX 9070 XT,64,0,1,1
glm.moe    tp2,128,8,2048,768,128,1024,32x32,6256.465,2,2,AMD Radeon RX 9070 XT,64,0,1,1
glm.moe    tp2,128,8,2048,768,128,1024,32x64,5305.471,2,2,AMD Radeon RX 9070 XT,64,0,1,1
glm.moe    tp2,128,8,2048,768,128,1024,32x96,4063.552,2,2,AMD Radeon RX 9070 XT,64,0,1,1
glm.moe    tp2,128,8,2048,768,128,1024,32x128,6161.795,2,2,AMD Radeon RX 9070 XT,64,0,1,1
glm.moe    tp2,128,8,2048,768,128,1024,32x192,3099.214,3,2,AMD Radeon RX 9070 XT,64,0,1,1
glm.moe    tp2,128,8,2048,768,128,1024,64x16,2310.205,4,2,AMD Radeon RX 9070 XT,64,0,1,1
glm.moe    tp2,128,8,2048,768,128,1024,64x32,2292.075,4,2,AMD Radeon RX 9070 XT,64,0,1,1
glm.moe    tp2,128,8,2048,768,128,1024,64x64,2423.062,4,2,AMD Radeon RX 9070 XT,64,0,1,1
glm.moe    tp2,128,8,2048,768,128,1024,64x96,2312.941,4,2,AMD Radeon RX 9070 XT,64,0,1,1
glm.moe    tp2,128,8,2048,768,128,1024,64x128,2303.940,4,2,AMD Radeon RX 9070 XT,64,0,1,1
glm.moe    tp2,128,8,2048,768,128,1024,64x192,2287.565,4,2,AMD Radeon RX 9070 XT,64,0,1,1
glm.moe    tp2,128,8,2048,768,128,1024,64x256,2472.948,4,2,AMD Radeon RX 9070 XT,64,0,1,1
glm.moe    tp2,128,8,2048,768,128,1024,128x16,2136.373,4,2,AMD Radeon RX 9070 XT,64,0,1,1
glm.moe    tp2,128,8,2048,768,128,1024,128x32,2134.333,4,2,AMD Radeon RX 9070 XT,64,0,1,1
glm.moe    tp2,128,8,2048,768,128,1024,128x64,2207.549,4,2,AMD Radeon RX 9070 XT,64,0,1,1
glm.moe    tp2,128,8,2048,768,128,1024,128x96,2136.553,4,2,AMD Radeon RX 9070 XT,64,0,1,1
glm.moe    tp2,128,8,2048,768,128,1024,128x128,2170.903,4,2,AMD Radeon RX 9070 XT,64,0,1,1
glm.moe    tp2,128,8,2048,768,128,1024,128x192,2210.724,4,2,AMD Radeon RX 9070 XT,64,0,1,1
glm.moe    tp2,128,8,2048,768,128,1024,128x256,2097.477,4,2,AMD Radeon RX 9070 XT,64,0,1,1
g32.moe    tp2,128,4,2048,1024,32,1,16x16,66.380,20,2,AMD Radeon RX 9070 XT,64,0,1,1
g32.moe    tp2,128,4,2048,1024,32,1,16x32,63.379,20,2,AMD Radeon RX 9070 XT,64,0,1,1
g32.moe    tp2,128,4,2048,1024,32,1,16x64,61.478,20,2,AMD Radeon RX 9070 XT,64,0,1,1
g32.moe    tp2,128,4,2048,1024,32,1,16x96,66.152,20,2,AMD Radeon RX 9070 XT,64,0,1,1
g32.moe    tp2,128,4,2048,1024,32,1,16x128,61.752,20,2,AMD Radeon RX 9070 XT,64,0,1,1
g32.moe    tp2,128,4,2048,1024,32,1,16x192,63.668,20,2,AMD Radeon RX 9070 XT,64,0,1,1
g32.moe    tp2,128,4,2048,1024,32,1,16x256,89.910,20,2,AMD Radeon RX 9070 XT,64,0,1,1
g32.moe    tp2,128,4,2048,1024,32,1,32x16,76.648,20,2,AMD Radeon RX 9070 XT,64,0,1,1
g32.moe    tp2,128,4,2048,1024,32,1,32x32,70.599,20,2,AMD Radeon RX 9070 XT,64,0,1,1
g32.moe    tp2,128,4,2048,1024,32,1,32x64,69.654,20,2,AMD Radeon RX 9070 XT,64,0,1,1
g32.moe    tp2,128,4,2048,1024,32,1,32x96,66.039,20,2,AMD Radeon RX 9070 XT,64,0,1,1
g32.moe    tp2,128,4,2048,1024,32,1,32x128,64.104,20,2,AMD Radeon RX 9070 XT,64,0,1,1
g32.moe    tp2,128,4,2048,1024,32,1,32x192,65.444,20,2,AMD Radeon RX 9070 XT,64,0,1,1
g32.moe    tp2,128,4,2048,1024,32,1,32x256,65.626,20,2,AMD Radeon RX 9070 XT,64,0,1,1
g32.moe    tp2,128,4,2048,1024,32,1,64x16,160.068,20,2,AMD Radeon RX 9070 XT,64,0,1,1
g32.moe    tp2,128,4,2048,1024,32,1,64x32,146.249,20,2,AMD Radeon RX 9070 XT,64,0,1,1
g32.moe    tp2,128,4,2048,1024,32,1,64x64,132.745,20,2,AMD Radeon RX 9070 XT,64,0,1,1
g32.moe    tp2,128,4,2048,1024,32,1,64x96,132.126,20,2,AMD Radeon RX 9070 XT,64,0,1,1
g32.moe    tp2,128,4,2048,1024,32,1,64x128,129.513,20,2,AMD Radeon RX 9070 XT,64,0,1,1
g32.moe    tp2,128,4,2048,1024,32,1,64x192,147.320,20,2,AMD Radeon RX 9070 XT,64,0,1,1
g32.moe    tp2,128,4,2048,1024,32,1,64x256,153.083,20,2,AMD Radeon RX 9070 XT,64,0,1,1
g32.moe    tp2,128,4,2048,1024,32,1,128x16,201.875,20,2,AMD Radeon RX 9070 XT,64,0,1,1
g32.moe    tp2,128,4,2048,1024,32,1,128x32,161.070,20,2,AMD Radeon RX 9070 XT,64,0,1,1
g32.moe    tp2,128,4,2048,1024,32,1,128x64,148.396,20,2,AMD Radeon RX 9070 XT,64,0,1,1
g32.moe    tp2,128,4,2048,1024,32,1,128x96,154.779,20,2,AMD Radeon RX 9070 XT,64,0,1,1
g32.moe    tp2,128,4,2048,1024,32,1,128x128,187.758,20,2,AMD Radeon RX 9070 XT,64,0,1,1
g32.moe    tp2,128,4,2048,1024,32,1,128x192,224.225,20,2,AMD Radeon RX 9070 XT,64,0,1,1
g32.moe    tp2,128,4,2048,1024,32,1,128x256,213.165,20,2,AMD Radeon RX 9070 XT,64,0,1,1
g32.moe    tp2,128,4,2048,1024,32,2,16x16,104.644,20,2,AMD Radeon RX 9070 XT,64,0,1,1
g32.moe    tp2,128,4,2048,1024,32,2,16x32,101.168,20,2,AMD Radeon RX 9070 XT,64,0,1,1
g32.moe    tp2,128,4,2048,1024,32,2,16x64,101.543,20,2,AMD Radeon RX 9070 XT,64,0,1,1
g32.moe    tp2,128,4,2048,1024,32,2,16x96,117.689,20,2,AMD Radeon RX 9070 XT,64,0,1,1
g32.moe    tp2,128,4,2048,1024,32,2,16x128,100.215,20,2,AMD Radeon RX 9070 XT,64,0,1,1
g32.moe    tp2,128,4,2048,1024,32,2,16x192,113.312,20,2,AMD Radeon RX 9070 XT,64,0,1,1
g32.moe    tp2,128,4,2048,1024,32,2,16x256,125.563,20,2,AMD Radeon RX 9070 XT,64,0,1,1
g32.moe    tp2,128,4,2048,1024,32,2,32x16,107.462,20,2,AMD Radeon RX 9070 XT,64,0,1,1
g32.moe    tp2,128,4,2048,1024,32,2,32x32,106.891,20,2,AMD Radeon RX 9070 XT,64,0,1,1
g32.moe    tp2,128,4,2048,1024,32,2,32x64,105.938,20,2,AMD Radeon RX 9070 XT,64,0,1,1
g32.moe    tp2,128,4,2048,1024,32,2,32x96,116.394,20,2,AMD Radeon RX 9070 XT,64,0,1,1
g32.moe    tp2,128,4,2048,1024,32,2,32x128,106.089,20,2,AMD Radeon RX 9070 XT,64,0,1,1
g32.moe    tp2,128,4,2048,1024,32,2,32x192,112.937,20,2,AMD Radeon RX 9070 XT,64,0,1,1
g32.moe    tp2,128,4,2048,1024,32,2,32x256,116.770,20,2,AMD Radeon RX 9070 XT,64,0,1,1
g32.moe    tp2,128,4,2048,1024,32,2,64x16,216.671,20,2,AMD Radeon RX 9070 XT,64,0,1,1
g32.moe    tp2,128,4,2048,1024,32,2,64x32,202.907,20,2,AMD Radeon RX 9070 XT,64,0,1,1
g32.moe    tp2,128,4,2048,1024,32,2,64x64,195.158,20,2,AMD Radeon RX 9070 XT,64,0,1,1
g32.moe    tp2,128,4,2048,1024,32,2,64x96,208.253,20,2,AMD Radeon RX 9070 XT,64,0,1,1
g32.moe    tp2,128,4,2048,1024,32,2,64x128,206.495,20,2,AMD Radeon RX 9070 XT,64,0,1,1
g32.moe    tp2,128,4,2048,1024,32,2,64x192,218.799,20,2,AMD Radeon RX 9070 XT,64,0,1,1
g32.moe    tp2,128,4,2048,1024,32,2,64x256,225.947,20,2,AMD Radeon RX 9070 XT,64,0,1,1
g32.moe    tp2,128,4,2048,1024,32,2,128x16,276.216,20,2,AMD Radeon RX 9070 XT,64,0,1,1
g32.moe    tp2,128,4,2048,1024,32,2,128x32,240.202,20,2,AMD Radeon RX 9070 XT,64,0,1,1
g32.moe    tp2,128,4,2048,1024,32,2,128x64,237.665,20,2,AMD Radeon RX 9070 XT,64,0,1,1
g32.moe    tp2,128,4,2048,1024,32,2,128x96,252.565,20,2,AMD Radeon RX 9070 XT,64,0,1,1
g32.moe    tp2,128,4,2048,1024,32,2,128x128,240.732,20,2,AMD Radeon RX 9070 XT,64,0,1,1
g32.moe    tp2,128,4,2048,1024,32,2,128x192,299.467,20,2,AMD Radeon RX 9070 XT,64,0,1,1
g32.moe    tp2,128,4,2048,1024,32,2,128x256,365.186,20,2,AMD Radeon RX 9070 XT,64,0,1,1
g32.moe    tp2,128,4,2048,1024,32,8,16x16,233.044,20,2,AMD Radeon RX 9070 XT,64,0,1,1
g32.moe    tp2,128,4,2048,1024,32,8,16x32,230.515,20,2,AMD Radeon RX 9070 XT,64,0,1,1
g32.moe    tp2,128,4,2048,1024,32,8,16x64,219.650,20,2,AMD Radeon RX 9070 XT,64,0,1,1
g32.moe    tp2,128,4,2048,1024,32,8,16x96,218.733,20,2,AMD Radeon RX 9070 XT,64,0,1,1
g32.moe    tp2,128,4,2048,1024,32,8,16x128,218.953,20,2,AMD Radeon RX 9070 XT,64,0,1,1
g32.moe    tp2,128,4,2048,1024,32,8,16x192,219.014,20,2,AMD Radeon RX 9070 XT,64,0,1,1
g32.moe    tp2,128,4,2048,1024,32,8,16x256,219.149,20,2,AMD Radeon RX 9070 XT,64,0,1,1
g32.moe    tp2,128,4,2048,1024,32,8,32x16,231.681,20,2,AMD Radeon RX 9070 XT,64,0,1,1
g32.moe    tp2,128,4,2048,1024,32,8,32x32,231.424,20,2,AMD Radeon RX 9070 XT,64,0,1,1
g32.moe    tp2,128,4,2048,1024,32,8,32x64,231.688,20,2,AMD Radeon RX 9070 XT,64,0,1,1
g32.moe    tp2,128,4,2048,1024,32,8,32x96,231.441,20,2,AMD Radeon RX 9070 XT,64,0,1,1
g32.moe    tp2,128,4,2048,1024,32,8,32x128,231.282,20,2,AMD Radeon RX 9070 XT,64,0,1,1
g32.moe    tp2,128,4,2048,1024,32,8,32x192,232.460,20,2,AMD Radeon RX 9070 XT,64,0,1,1
g32.moe    tp2,128,4,2048,1024,32,8,32x256,231.190,20,2,AMD Radeon RX 9070 XT,64,0,1,1
g32.moe    tp2,128,4,2048,1024,32,8,64x16,695.886,14,2,AMD Radeon RX 9070 XT,64,0,1,1
g32.moe    tp2,128,4,2048,1024,32,8,64x32,693.539,14,2,AMD Radeon RX 9070 XT,64,0,1,1
g32.moe    tp2,128,4,2048,1024,32,8,64x64,693.612,14,2,AMD Radeon RX 9070 XT,64,0,1,1
g32.moe    tp2,128,4,2048,1024,32,8,64x96,697.301,14,2,AMD Radeon RX 9070 XT,64,0,1,1
g32.moe    tp2,128,4,2048,1024,32,8,64x128,696.635,13,2,AMD Radeon RX 9070 XT,64,0,1,1
g32.moe    tp2,128,4,2048,1024,32,8,64x192,691.512,13,2,AMD Radeon RX 9070 XT,64,0,1,1
g32.moe    tp2,128,4,2048,1024,32,8,64x256,695.498,13,2,AMD Radeon RX 9070 XT,64,0,1,1
g32.moe    tp2,128,4,2048,1024,32,8,128x16,629.743,15,2,AMD Radeon RX 9070 XT,64,0,1,1
g32.moe    tp2,128,4,2048,1024,32,8,128x32,633.052,15,2,AMD Radeon RX 9070 XT,64,0,1,1
g32.moe    tp2,128,4,2048,1024,32,8,128x64,637.888,15,2,AMD Radeon RX 9070 XT,64,0,1,1
g32.moe    tp2,128,4,2048,1024,32,8,128x96,641.880,14,2,AMD Radeon RX 9070 XT,64,0,1,1
g32.moe    tp2,128,4,2048,1024,32,8,128x128,643.893,14,2,AMD Radeon RX 9070 XT,64,0,1,1
g32.moe    tp2,128,4,2048,1024,32,8,128x192,647.918,15,2,AMD Radeon RX 9070 XT,64,0,1,1
g32.moe    tp2,128,4,2048,1024,32,8,128x256,644.043,14,2,AMD Radeon RX 9070 XT,64,0,1,1
g32.moe    tp2,128,4,2048,1024,32,32,16x16,670.353,14,2,AMD Radeon RX 9070 XT,64,0,1,1
g32.moe    tp2,128,4,2048,1024,32,32,16x32,643.707,15,2,AMD Radeon RX 9070 XT,64,0,1,1
g32.moe    tp2,128,4,2048,1024,32,32,16x64,648.197,15,2,AMD Radeon RX 9070 XT,64,0,1,1
g32.moe    tp2,128,4,2048,1024,32,32,16x96,654.690,15,2,AMD Radeon RX 9070 XT,64,0,1,1
g32.moe    tp2,128,4,2048,1024,32,32,16x128,660.457,14,2,AMD Radeon RX 9070 XT,64,0,1,1
g32.moe    tp2,128,4,2048,1024,32,32,16x192,661.505,14,2,AMD Radeon RX 9070 XT,64,0,1,1
g32.moe    tp2,128,4,2048,1024,32,32,16x256,663.940,14,2,AMD Radeon RX 9070 XT,64,0,1,1
g32.moe    tp2,128,4,2048,1024,32,32,32x16,855.093,11,2,AMD Radeon RX 9070 XT,64,0,1,1
g32.moe    tp2,128,4,2048,1024,32,32,32x32,852.909,11,2,AMD Radeon RX 9070 XT,64,0,1,1
g32.moe    tp2,128,4,2048,1024,32,32,32x64,853.315,11,2,AMD Radeon RX 9070 XT,64,0,1,1
g32.moe    tp2,128,4,2048,1024,32,32,32x96,853.246,11,2,AMD Radeon RX 9070 XT,64,0,1,1
g32.moe    tp2,128,4,2048,1024,32,32,32x128,853.208,11,2,AMD Radeon RX 9070 XT,64,0,1,1
g32.moe    tp2,128,4,2048,1024,32,32,32x192,856.953,11,2,AMD Radeon RX 9070 XT,64,0,1,1
g32.moe    tp2,128,4,2048,1024,32,32,32x256,855.124,11,2,AMD Radeon RX 9070 XT,64,0,1,1
g32.moe    tp2,128,4,2048,1024,32,32,64x16,2028.361,4,2,AMD Radeon RX 9070 XT,64,0,1,1
g32.moe    tp2,128,4,2048,1024,32,32,64x32,2061.272,4,2,AMD Radeon RX 9070 XT,64,0,1,1
g32.moe    tp2,128,4,2048,1024,32,32,64x64,2059.957,4,2,AMD Radeon RX 9070 XT,64,0,1,1
g32.moe    tp2,128,4,2048,1024,32,32,64x96,2063.757,4,2,AMD Radeon RX 9070 XT,64,0,1,1
g32.moe    tp2,128,4,2048,1024,32,32,64x128,2059.757,4,2,AMD Radeon RX 9070 XT,64,0,1,1
g32.moe    tp2,128,4,2048,1024,32,32,64x192,2049.622,4,2,AMD Radeon RX 9070 XT,64,0,1,1
g32.moe    tp2,128,4,2048,1024,32,32,64x256,2063.022,4,2,AMD Radeon RX 9070 XT,64,0,1,1
g32.moe    tp2,128,4,2048,1024,32,32,128x16,1713.033,6,2,AMD Radeon RX 9070 XT,64,0,1,1
g32.moe    tp2,128,4,2048,1024,32,32,128x32,1731.927,5,2,AMD Radeon RX 9070 XT,64,0,1,1
g32.moe    tp2,128,4,2048,1024,32,32,128x64,1741.311,5,2,AMD Radeon RX 9070 XT,64,0,1,1
g32.moe    tp2,128,4,2048,1024,32,32,128x96,1744.295,5,2,AMD Radeon RX 9070 XT,64,0,1,1
g32.moe    tp2,128,4,2048,1024,32,32,128x128,1730.511,5,2,AMD Radeon RX 9070 XT,64,0,1,1
g32.moe    tp2,128,4,2048,1024,32,32,128x192,1743.055,5,2,AMD Radeon RX 9070 XT,64,0,1,1
g32.moe    tp2,128,4,2048,1024,32,32,128x256,1738.643,5,2,AMD Radeon RX 9070 XT,64,0,1,1
g32.moe    tp2,128,4,2048,1024,32,64,16x16,3894.320,2,2,AMD Radeon RX 9070 XT,64,0,1,1
g32.moe    tp2,128,4,2048,1024,32,64,16x32,3310.161,2,2,AMD Radeon RX 9070 XT,64,0,1,1
g32.moe    tp2,128,4,2048,1024,32,64,16x64,3179.109,3,2,AMD Radeon RX 9070 XT,64,0,1,1
g32.moe    tp2,128,4,2048,1024,32,64,16x96,2873.497,3,2,AMD Radeon RX 9070 XT,64,0,1,1
g32.moe    tp2,128,4,2048,1024,32,64,16x128,6172.595,2,2,AMD Radeon RX 9070 XT,64,0,1,1
g32.moe    tp2,128,4,2048,1024,32,64,16x192,2200.354,4,2,AMD Radeon RX 9070 XT,64,0,1,1
g32.moe    tp2,128,4,2048,1024,32,64,16x256,1821.532,5,2,AMD Radeon RX 9070 XT,64,0,1,1
g32.moe    tp2,128,4,2048,1024,32,64,32x16,2559.986,3,2,AMD Radeon RX 9070 XT,64,0,1,1
g32.moe    tp2,128,4,2048,1024,32,64,32x32,3162.362,3,2,AMD Radeon RX 9070 XT,64,0,1,1
g32.moe    tp2,128,4,2048,1024,32,64,32x64,2725.389,3,2,AMD Radeon RX 9070 XT,64,0,1,1
g32.moe    tp2,128,4,2048,1024,32,64,32x96,2178.324,4,2,AMD Radeon RX 9070 XT,64,0,1,1
g32.moe    tp2,128,4,2048,1024,32,64,32x128,4947.716,2,2,AMD Radeon RX 9070 XT,64,0,1,1
g32.moe    tp2,128,4,2048,1024,32,64,32x192,1486.313,6,2,AMD Radeon RX 9070 XT,64,0,1,1
g32.moe    tp2,128,4,2048,1024,32,64,32x256,1364.678,7,2,AMD Radeon RX 9070 XT,64,0,1,1
g32.moe    tp2,128,4,2048,1024,32,64,64x16,3339.092,2,2,AMD Radeon RX 9070 XT,64,0,1,1
g32.moe    tp2,128,4,2048,1024,32,64,64x32,3175.196,3,2,AMD Radeon RX 9070 XT,64,0,1,1
g32.moe    tp2,128,4,2048,1024,32,64,64x64,3006.900,3,2,AMD Radeon RX 9070 XT,64,0,1,1
g32.moe    tp2,128,4,2048,1024,32,64,64x96,2931.845,3,2,AMD Radeon RX 9070 XT,64,0,1,1
g32.moe    tp2,128,4,2048,1024,32,64,64x128,3001.146,3,2,AMD Radeon RX 9070 XT,64,0,1,1
g32.moe    tp2,128,4,2048,1024,32,64,64x192,3086.834,3,2,AMD Radeon RX 9070 XT,64,0,1,1
g32.moe    tp2,128,4,2048,1024,32,64,64x256,3226.297,3,2,AMD Radeon RX 9070 XT,64,0,1,1
g32.moe    tp2,128,4,2048,1024,32,64,128x16,2471.663,4,2,AMD Radeon RX 9070 XT,64,0,1,1
g32.moe    tp2,128,4,2048,1024,32,64,128x32,2468.932,3,2,AMD Radeon RX 9070 XT,64,0,1,1
g32.moe    tp2,128,4,2048,1024,32,64,128x64,2461.571,3,2,AMD Radeon RX 9070 XT,64,0,1,1
g32.moe    tp2,128,4,2048,1024,32,64,128x96,2468.168,4,2,AMD Radeon RX 9070 XT,64,0,1,1
g32.moe    tp2,128,4,2048,1024,32,64,128x128,2460.332,3,2,AMD Radeon RX 9070 XT,64,0,1,1
g32.moe    tp2,128,4,2048,1024,32,64,128x192,2462.598,3,2,AMD Radeon RX 9070 XT,64,0,1,1
g32.moe    tp2,128,4,2048,1024,32,64,128x256,2455.671,3,2,AMD Radeon RX 9070 XT,64,0,1,1
g32.moe    tp2,128,4,2048,1024,32,256,16x16,4277.676,2,2,AMD Radeon RX 9070 XT,64,0,1,1
g32.moe    tp2,128,4,2048,1024,32,256,16x32,3567.785,2,2,AMD Radeon RX 9070 XT,64,0,1,1
g32.moe    tp2,128,4,2048,1024,32,256,16x64,3352.402,2,2,AMD Radeon RX 9070 XT,64,0,1,1
g32.moe    tp2,128,4,2048,1024,32,256,16x96,3247.240,2,2,AMD Radeon RX 9070 XT,64,0,1,1
g32.moe    tp2,128,4,2048,1024,32,256,16x128,6939.017,2,2,AMD Radeon RX 9070 XT,64,0,1,1
g32.moe    tp2,128,4,2048,1024,32,256,16x192,2480.458,3,2,AMD Radeon RX 9070 XT,64,0,1,1
g32.moe    tp2,128,4,2048,1024,32,256,16x256,2356.211,4,2,AMD Radeon RX 9070 XT,64,0,1,1
g32.moe    tp2,128,4,2048,1024,32,256,32x16,2914.152,3,2,AMD Radeon RX 9070 XT,64,0,1,1
g32.moe    tp2,128,4,2048,1024,32,256,32x32,3475.303,2,2,AMD Radeon RX 9070 XT,64,0,1,1
g32.moe    tp2,128,4,2048,1024,32,256,32x64,2957.079,3,2,AMD Radeon RX 9070 XT,64,0,1,1
g32.moe    tp2,128,4,2048,1024,32,256,32x96,2473.025,3,2,AMD Radeon RX 9070 XT,64,0,1,1
g32.moe    tp2,128,4,2048,1024,32,256,32x128,5583.316,2,2,AMD Radeon RX 9070 XT,64,0,1,1
g32.moe    tp2,128,4,2048,1024,32,256,32x192,1696.786,5,2,AMD Radeon RX 9070 XT,64,0,1,1
g32.moe    tp2,128,4,2048,1024,32,256,32x256,1581.471,6,2,AMD Radeon RX 9070 XT,64,0,1,1
g32.moe    tp2,128,4,2048,1024,32,256,64x16,3873.199,2,2,AMD Radeon RX 9070 XT,64,0,1,1
g32.moe    tp2,128,4,2048,1024,32,256,64x32,3508.774,2,2,AMD Radeon RX 9070 XT,64,0,1,1
g32.moe    tp2,128,4,2048,1024,32,256,64x64,3323.581,2,2,AMD Radeon RX 9070 XT,64,0,1,1
g32.moe    tp2,128,4,2048,1024,32,256,64x96,3276.057,3,2,AMD Radeon RX 9070 XT,64,0,1,1
g32.moe    tp2,128,4,2048,1024,32,256,64x128,3246.820,2,2,AMD Radeon RX 9070 XT,64,0,1,1
g32.moe    tp2,128,4,2048,1024,32,256,64x192,3332.941,2,2,AMD Radeon RX 9070 XT,64,0,1,1
g32.moe    tp2,128,4,2048,1024,32,256,64x256,3493.644,2,2,AMD Radeon RX 9070 XT,64,0,1,1
g32.moe    tp2,128,4,2048,1024,32,256,128x16,2769.450,3,2,AMD Radeon RX 9070 XT,64,0,1,1
g32.moe    tp2,128,4,2048,1024,32,256,128x32,2782.016,3,2,AMD Radeon RX 9070 XT,64,0,1,1
g32.moe    tp2,128,4,2048,1024,32,256,128x64,2762.769,3,2,AMD Radeon RX 9070 XT,64,0,1,1
g32.moe    tp2,128,4,2048,1024,32,256,128x96,2772.669,3,2,AMD Radeon RX 9070 XT,64,0,1,1
g32.moe    tp2,128,4,2048,1024,32,256,128x128,2770.529,3,2,AMD Radeon RX 9070 XT,64,0,1,1
g32.moe    tp2,128,4,2048,1024,32,256,128x192,2799.270,3,2,AMD Radeon RX 9070 XT,64,0,1,1
g32.moe    tp2,128,4,2048,1024,32,256,128x256,2738.789,3,2,AMD Radeon RX 9070 XT,64,0,1,1
g32.moe    tp2,128,4,2048,1024,32,1024,16x16,5367.283,2,2,AMD Radeon RX 9070 XT,64,0,1,1
g32.moe    tp2,128,4,2048,1024,32,1024,16x32,5399.454,2,2,AMD Radeon RX 9070 XT,64,0,1,1
g32.moe    tp2,128,4,2048,1024,32,1024,16x64,6725.614,2,2,AMD Radeon RX 9070 XT,64,0,1,1
g32.moe    tp2,128,4,2048,1024,32,1024,16x96,7379.534,2,2,AMD Radeon RX 9070 XT,64,0,1,1
g32.moe    tp2,128,4,2048,1024,32,1024,16x128,14941.911,2,2,AMD Radeon RX 9070 XT,64,0,1,1
g32.moe    tp2,128,4,2048,1024,32,1024,16x192,5331.593,2,2,AMD Radeon RX 9070 XT,64,0,1,1
g32.moe    tp2,128,4,2048,1024,32,1024,16x256,5347.043,2,2,AMD Radeon RX 9070 XT,64,0,1,1
g32.moe    tp2,128,4,2048,1024,32,1024,32x16,4000.122,2,2,AMD Radeon RX 9070 XT,64,0,1,1
g32.moe    tp2,128,4,2048,1024,32,1024,32x32,3292.961,2,2,AMD Radeon RX 9070 XT,64,0,1,1
g32.moe    tp2,128,4,2048,1024,32,1024,32x64,3579.185,2,2,AMD Radeon RX 9070 XT,64,0,1,1
g32.moe    tp2,128,4,2048,1024,32,1024,32x96,3364.482,2,2,AMD Radeon RX 9070 XT,64,0,1,1
g32.moe    tp2,128,4,2048,1024,32,1024,32x128,7477.166,2,2,AMD Radeon RX 9070 XT,64,0,1,1
g32.moe    tp2,128,4,2048,1024,32,1024,32x192,2507.559,3,2,AMD Radeon RX 9070 XT,64,0,1,1
g32.moe    tp2,128,4,2048,1024,32,1024,32x256,2432.703,4,2,AMD Radeon RX 9070 XT,64,0,1,1
g32.moe    tp2,128,4,2048,1024,32,1024,64x16,4199.405,2,2,AMD Radeon RX 9070 XT,64,0,1,1
g32.moe    tp2,128,4,2048,1024,32,1024,64x32,3758.308,2,2,AMD Radeon RX 9070 XT,64,0,1,1
g32.moe    tp2,128,4,2048,1024,32,1024,64x64,3508.614,2,2,AMD Radeon RX 9070 XT,64,0,1,1
g32.moe    tp2,128,4,2048,1024,32,1024,64x96,3523.834,2,2,AMD Radeon RX 9070 XT,64,0,1,1
g32.moe    tp2,128,4,2048,1024,32,1024,64x128,3535.175,2,2,AMD Radeon RX 9070 XT,64,0,1,1
g32.moe    tp2,128,4,2048,1024,32,1024,64x192,3569.205,2,2,AMD Radeon RX 9070 XT,64,0,1,1
g32.moe    tp2,128,4,2048,1024,32,1024,64x256,3743.708,2,2,AMD Radeon RX 9070 XT,64,0,1,1
g32.moe    tp2,128,4,2048,1024,32,1024,128x16,2938.685,3,2,AMD Radeon RX 9070 XT,64,0,1,1
g32.moe    tp2,128,4,2048,1024,32,1024,128x32,2969.519,3,2,AMD Radeon RX 9070 XT,64,0,1,1
g32.moe    tp2,128,4,2048,1024,32,1024,128x64,2956.606,3,2,AMD Radeon RX 9070 XT,64,0,1,1
g32.moe    tp2,128,4,2048,1024,32,1024,128x96,2972.286,3,2,AMD Radeon RX 9070 XT,64,0,1,1
g32.moe    tp2,128,4,2048,1024,32,1024,128x128,2956.406,3,2,AMD Radeon RX 9070 XT,64,0,1,1
g32.moe    tp2,128,4,2048,1024,32,1024,128x192,2971.899,3,2,AMD Radeon RX 9070 XT,64,0,1,1
g32.moe    tp2,128,4,2048,1024,32,1024,128x256,2967.186,3,2,AMD Radeon RX 9070 XT,64,0,1,1
narrowN    tp2,64,4,1024,512,128,1,16x16,38.635,20,5,AMD Radeon RX 9070 XT,64,0,1,1
narrowN    tp2,64,4,1024,512,128,1,16x32,37.683,20,5,AMD Radeon RX 9070 XT,64,0,1,1
narrowN    tp2,64,4,1024,512,128,1,16x64,37.165,20,5,AMD Radeon RX 9070 XT,64,0,1,1
narrowN    tp2,64,4,1024,512,128,1,16x96,41.270,20,5,AMD Radeon RX 9070 XT,64,0,1,1
narrowN    tp2,64,4,1024,512,128,1,16x128,39.363,20,5,AMD Radeon RX 9070 XT,64,0,1,1
narrowN    tp2,64,4,1024,512,128,1,16x192,40.988,20,5,AMD Radeon RX 9070 XT,64,0,1,1
narrowN    tp2,64,4,1024,512,128,1,16x256,42.900,20,5,AMD Radeon RX 9070 XT,64,0,1,1
narrowN    tp2,64,4,1024,512,128,1,32x16,39.691,20,5,AMD Radeon RX 9070 XT,64,0,1,1
narrowN    tp2,64,4,1024,512,128,1,32x32,37.770,20,5,AMD Radeon RX 9070 XT,64,0,1,1
narrowN    tp2,64,4,1024,512,128,1,32x64,41.542,20,5,AMD Radeon RX 9070 XT,64,0,1,1
narrowN    tp2,64,4,1024,512,128,1,32x96,39.497,20,5,AMD Radeon RX 9070 XT,64,0,1,1
narrowN    tp2,64,4,1024,512,128,1,32x128,37.998,20,5,AMD Radeon RX 9070 XT,64,0,1,1
narrowN    tp2,64,4,1024,512,128,1,32x192,38.999,20,5,AMD Radeon RX 9070 XT,64,0,1,1
narrowN    tp2,64,4,1024,512,128,1,32x256,40.409,20,5,AMD Radeon RX 9070 XT,64,0,1,1
narrowN    tp2,64,4,1024,512,128,1,64x16,73.283,20,5,AMD Radeon RX 9070 XT,64,0,1,1
narrowN    tp2,64,4,1024,512,128,1,64x32,77.707,20,5,AMD Radeon RX 9070 XT,64,0,1,1
narrowN    tp2,64,4,1024,512,128,1,64x64,70.760,20,5,AMD Radeon RX 9070 XT,64,0,1,1
narrowN    tp2,64,4,1024,512,128,1,64x96,72.746,20,5,AMD Radeon RX 9070 XT,64,0,1,1
narrowN    tp2,64,4,1024,512,128,1,64x128,71.888,20,5,AMD Radeon RX 9070 XT,64,0,1,1
narrowN    tp2,64,4,1024,512,128,1,64x192,73.415,20,5,AMD Radeon RX 9070 XT,64,0,1,1
narrowN    tp2,64,4,1024,512,128,1,64x256,74.776,20,5,AMD Radeon RX 9070 XT,64,0,1,1
narrowN    tp2,64,4,1024,512,128,1,128x16,78.836,20,5,AMD Radeon RX 9070 XT,64,0,1,1
narrowN    tp2,64,4,1024,512,128,1,128x32,73.158,20,5,AMD Radeon RX 9070 XT,64,0,1,1
narrowN    tp2,64,4,1024,512,128,1,128x64,70.016,20,5,AMD Radeon RX 9070 XT,64,0,1,1
narrowN    tp2,64,4,1024,512,128,1,128x96,71.704,20,5,AMD Radeon RX 9070 XT,64,0,1,1
narrowN    tp2,64,4,1024,512,128,1,128x128,72.190,20,5,AMD Radeon RX 9070 XT,64,0,1,1
narrowN    tp2,64,4,1024,512,128,1,128x192,92.022,20,5,AMD Radeon RX 9070 XT,64,0,1,1
narrowN    tp2,64,4,1024,512,128,1,128x256,87.939,20,5,AMD Radeon RX 9070 XT,64,0,1,1
narrowN    tp2,64,4,1024,512,128,2,16x16,51.084,20,5,AMD Radeon RX 9070 XT,64,0,1,1
narrowN    tp2,64,4,1024,512,128,2,16x32,50.488,20,5,AMD Radeon RX 9070 XT,64,0,1,1
narrowN    tp2,64,4,1024,512,128,2,16x64,51.177,20,5,AMD Radeon RX 9070 XT,64,0,1,1
narrowN    tp2,64,4,1024,512,128,2,16x96,55.202,20,5,AMD Radeon RX 9070 XT,64,0,1,1
narrowN    tp2,64,4,1024,512,128,2,16x128,48.991,20,5,AMD Radeon RX 9070 XT,64,0,1,1
narrowN    tp2,64,4,1024,512,128,2,16x192,55.734,20,5,AMD Radeon RX 9070 XT,64,0,1,1
narrowN    tp2,64,4,1024,512,128,2,16x256,60.945,14,5,AMD Radeon RX 9070 XT,64,0,1,1
narrowN    tp2,64,4,1024,512,128,2,32x16,57.885,20,5,AMD Radeon RX 9070 XT,64,0,1,1
narrowN    tp2,64,4,1024,512,128,2,32x32,57.887,20,5,AMD Radeon RX 9070 XT,64,0,1,1
narrowN    tp2,64,4,1024,512,128,2,32x64,58.557,20,5,AMD Radeon RX 9070 XT,64,0,1,1
narrowN    tp2,64,4,1024,512,128,2,32x96,59.405,20,5,AMD Radeon RX 9070 XT,64,0,1,1
narrowN    tp2,64,4,1024,512,128,2,32x128,56.151,20,5,AMD Radeon RX 9070 XT,64,0,1,1
narrowN    tp2,64,4,1024,512,128,2,32x192,60.967,20,5,AMD Radeon RX 9070 XT,64,0,1,1
narrowN    tp2,64,4,1024,512,128,2,32x256,63.439,20,5,AMD Radeon RX 9070 XT,64,0,1,1
narrowN    tp2,64,4,1024,512,128,2,64x16,78.892,20,5,AMD Radeon RX 9070 XT,64,0,1,1
narrowN    tp2,64,4,1024,512,128,2,64x32,78.422,20,5,AMD Radeon RX 9070 XT,64,0,1,1
narrowN    tp2,64,4,1024,512,128,2,64x64,80.490,20,5,AMD Radeon RX 9070 XT,64,0,1,1
narrowN    tp2,64,4,1024,512,128,2,64x96,78.256,20,5,AMD Radeon RX 9070 XT,64,0,1,1
narrowN    tp2,64,4,1024,512,128,2,64x128,78.859,20,5,AMD Radeon RX 9070 XT,64,0,1,1
narrowN    tp2,64,4,1024,512,128,2,64x192,84.448,20,5,AMD Radeon RX 9070 XT,64,0,1,1
narrowN    tp2,64,4,1024,512,128,2,64x256,86.960,20,5,AMD Radeon RX 9070 XT,64,0,1,1
narrowN    tp2,64,4,1024,512,128,2,128x16,89.490,20,5,AMD Radeon RX 9070 XT,64,0,1,1
narrowN    tp2,64,4,1024,512,128,2,128x32,80.168,20,5,AMD Radeon RX 9070 XT,64,0,1,1
narrowN    tp2,64,4,1024,512,128,2,128x64,82.572,20,5,AMD Radeon RX 9070 XT,64,0,1,1
narrowN    tp2,64,4,1024,512,128,2,128x96,81.038,20,5,AMD Radeon RX 9070 XT,64,0,1,1
narrowN    tp2,64,4,1024,512,128,2,128x128,81.841,20,5,AMD Radeon RX 9070 XT,64,0,1,1
narrowN    tp2,64,4,1024,512,128,2,128x192,108.824,20,5,AMD Radeon RX 9070 XT,64,0,1,1
narrowN    tp2,64,4,1024,512,128,2,128x256,142.530,20,5,AMD Radeon RX 9070 XT,64,0,1,1
narrowN    tp2,64,4,1024,512,128,8,16x16,101.523,20,5,AMD Radeon RX 9070 XT,64,0,1,1
narrowN    tp2,64,4,1024,512,128,8,16x32,101.897,20,5,AMD Radeon RX 9070 XT,64,0,1,1
narrowN    tp2,64,4,1024,512,128,8,16x64,101.552,20,5,AMD Radeon RX 9070 XT,64,0,1,1
narrowN    tp2,64,4,1024,512,128,8,16x96,101.687,20,5,AMD Radeon RX 9070 XT,64,0,1,1
narrowN    tp2,64,4,1024,512,128,8,16x128,101.629,20,5,AMD Radeon RX 9070 XT,64,0,1,1
narrowN    tp2,64,4,1024,512,128,8,16x192,101.555,20,5,AMD Radeon RX 9070 XT,64,0,1,1
narrowN    tp2,64,4,1024,512,128,8,16x256,101.145,20,5,AMD Radeon RX 9070 XT,64,0,1,1
narrowN    tp2,64,4,1024,512,128,8,32x16,105.324,20,5,AMD Radeon RX 9070 XT,64,0,1,1
narrowN    tp2,64,4,1024,512,128,8,32x32,105.149,20,5,AMD Radeon RX 9070 XT,64,0,1,1
narrowN    tp2,64,4,1024,512,128,8,32x64,105.530,20,5,AMD Radeon RX 9070 XT,64,0,1,1
narrowN    tp2,64,4,1024,512,128,8,32x96,104.821,20,5,AMD Radeon RX 9070 XT,64,0,1,1
narrowN    tp2,64,4,1024,512,128,8,32x128,104.985,20,5,AMD Radeon RX 9070 XT,64,0,1,1
narrowN    tp2,64,4,1024,512,128,8,32x192,105.250,20,5,AMD Radeon RX 9070 XT,64,0,1,1
narrowN    tp2,64,4,1024,512,128,8,32x256,105.272,20,5,AMD Radeon RX 9070 XT,64,0,1,1
narrowN    tp2,64,4,1024,512,128,8,64x16,147.551,20,5,AMD Radeon RX 9070 XT,64,0,1,1
narrowN    tp2,64,4,1024,512,128,8,64x32,147.322,20,5,AMD Radeon RX 9070 XT,64,0,1,1
narrowN    tp2,64,4,1024,512,128,8,64x64,147.577,20,5,AMD Radeon RX 9070 XT,64,0,1,1
narrowN    tp2,64,4,1024,512,128,8,64x96,147.160,20,5,AMD Radeon RX 9070 XT,64,0,1,1
narrowN    tp2,64,4,1024,512,128,8,64x128,148.513,20,5,AMD Radeon RX 9070 XT,64,0,1,1
narrowN    tp2,64,4,1024,512,128,8,64x192,147.925,20,5,AMD Radeon RX 9070 XT,64,0,1,1
narrowN    tp2,64,4,1024,512,128,8,64x256,147.022,20,5,AMD Radeon RX 9070 XT,64,0,1,1
narrowN    tp2,64,4,1024,512,128,8,128x16,186.722,20,5,AMD Radeon RX 9070 XT,64,0,1,1
narrowN    tp2,64,4,1024,512,128,8,128x32,186.754,19,5,AMD Radeon RX 9070 XT,64,0,1,1
narrowN    tp2,64,4,1024,512,128,8,128x64,186.794,19,5,AMD Radeon RX 9070 XT,64,0,1,1
narrowN    tp2,64,4,1024,512,128,8,128x96,187.117,19,5,AMD Radeon RX 9070 XT,64,0,1,1
narrowN    tp2,64,4,1024,512,128,8,128x128,186.278,19,5,AMD Radeon RX 9070 XT,64,0,1,1
narrowN    tp2,64,4,1024,512,128,8,128x192,186.185,20,5,AMD Radeon RX 9070 XT,64,0,1,1
narrowN    tp2,64,4,1024,512,128,8,128x256,186.602,19,5,AMD Radeon RX 9070 XT,64,0,1,1
narrowN    tp2,64,4,1024,512,128,32,16x16,208.174,17,5,AMD Radeon RX 9070 XT,64,0,1,1
narrowN    tp2,64,4,1024,512,128,32,16x32,208.303,18,5,AMD Radeon RX 9070 XT,64,0,1,1
narrowN    tp2,64,4,1024,512,128,32,16x64,209.546,18,5,AMD Radeon RX 9070 XT,64,0,1,1
narrowN    tp2,64,4,1024,512,128,32,16x96,210.771,18,5,AMD Radeon RX 9070 XT,64,0,1,1
narrowN    tp2,64,4,1024,512,128,32,16x128,212.038,18,5,AMD Radeon RX 9070 XT,64,0,1,1
narrowN    tp2,64,4,1024,512,128,32,16x192,213.038,18,5,AMD Radeon RX 9070 XT,64,0,1,1
narrowN    tp2,64,4,1024,512,128,32,16x256,213.290,18,5,AMD Radeon RX 9070 XT,64,0,1,1
narrowN    tp2,64,4,1024,512,128,32,32x16,241.575,16,5,AMD Radeon RX 9070 XT,64,0,1,1
narrowN    tp2,64,4,1024,512,128,32,32x32,242.088,16,5,AMD Radeon RX 9070 XT,64,0,1,1
narrowN    tp2,64,4,1024,512,128,32,32x64,242.263,16,5,AMD Radeon RX 9070 XT,64,0,1,1
narrowN    tp2,64,4,1024,512,128,32,32x96,242.064,16,5,AMD Radeon RX 9070 XT,64,0,1,1
narrowN    tp2,64,4,1024,512,128,32,32x128,241.562,15,5,AMD Radeon RX 9070 XT,64,0,1,1
narrowN    tp2,64,4,1024,512,128,32,32x192,242.074,16,5,AMD Radeon RX 9070 XT,64,0,1,1
narrowN    tp2,64,4,1024,512,128,32,32x256,243.227,16,5,AMD Radeon RX 9070 XT,64,0,1,1
narrowN    tp2,64,4,1024,512,128,32,64x16,244.110,15,5,AMD Radeon RX 9070 XT,64,0,1,1
narrowN    tp2,64,4,1024,512,128,32,64x32,243.745,15,5,AMD Radeon RX 9070 XT,64,0,1,1
narrowN    tp2,64,4,1024,512,128,32,64x64,243.796,15,5,AMD Radeon RX 9070 XT,64,0,1,1
narrowN    tp2,64,4,1024,512,128,32,64x96,243.697,15,5,AMD Radeon RX 9070 XT,64,0,1,1
narrowN    tp2,64,4,1024,512,128,32,64x128,243.916,15,5,AMD Radeon RX 9070 XT,64,0,1,1
narrowN    tp2,64,4,1024,512,128,32,64x192,243.348,15,5,AMD Radeon RX 9070 XT,64,0,1,1
narrowN    tp2,64,4,1024,512,128,32,64x256,243.905,15,5,AMD Radeon RX 9070 XT,64,0,1,1
narrowN    tp2,64,4,1024,512,128,32,128x16,338.280,10,5,AMD Radeon RX 9070 XT,64,0,1,1
narrowN    tp2,64,4,1024,512,128,32,128x32,338.071,11,5,AMD Radeon RX 9070 XT,64,0,1,1
narrowN    tp2,64,4,1024,512,128,32,128x64,335.581,11,5,AMD Radeon RX 9070 XT,64,0,1,1
narrowN    tp2,64,4,1024,512,128,32,128x96,340.241,11,5,AMD Radeon RX 9070 XT,64,0,1,1
narrowN    tp2,64,4,1024,512,128,32,128x128,338.088,11,5,AMD Radeon RX 9070 XT,64,0,1,1
narrowN    tp2,64,4,1024,512,128,32,128x192,337.915,11,5,AMD Radeon RX 9070 XT,64,0,1,1
narrowN    tp2,64,4,1024,512,128,32,128x256,339.361,11,5,AMD Radeon RX 9070 XT,64,0,1,1
narrowN    tp2,64,4,1024,512,128,64,16x16,602.996,6,5,AMD Radeon RX 9070 XT,64,0,1,1
narrowN    tp2,64,4,1024,512,128,64,16x32,777.159,5,5,AMD Radeon RX 9070 XT,64,0,1,1
narrowN    tp2,64,4,1024,512,128,64,16x64,653.785,5,5,AMD Radeon RX 9070 XT,64,0,1,1
narrowN    tp2,64,4,1024,512,128,64,16x96,585.981,6,5,AMD Radeon RX 9070 XT,64,0,1,1
narrowN    tp2,64,4,1024,512,128,64,16x128,751.805,5,5,AMD Radeon RX 9070 XT,64,0,1,1
narrowN    tp2,64,4,1024,512,128,64,16x192,435.722,8,5,AMD Radeon RX 9070 XT,64,0,1,1
narrowN    tp2,64,4,1024,512,128,64,32x16,459.960,8,5,AMD Radeon RX 9070 XT,64,0,1,1
narrowN    tp2,64,4,1024,512,128,64,32x32,530.214,7,5,AMD Radeon RX 9070 XT,64,0,1,1
narrowN    tp2,64,4,1024,512,128,64,32x64,443.639,8,5,AMD Radeon RX 9070 XT,64,0,1,1
narrowN    tp2,64,4,1024,512,128,64,32x96,364.584,9,5,AMD Radeon RX 9070 XT,64,0,1,1
narrowN    tp2,64,4,1024,512,128,64,32x128,524.185,7,5,AMD Radeon RX 9070 XT,64,0,1,1
narrowN    tp2,64,4,1024,512,128,64,32x192,276.919,13,5,AMD Radeon RX 9070 XT,64,0,1,1
narrowN    tp2,64,4,1024,512,128,64,64x16,273.109,14,5,AMD Radeon RX 9070 XT,64,0,1,1
narrowN    tp2,64,4,1024,512,128,64,64x32,275.695,13,5,AMD Radeon RX 9070 XT,64,0,1,1
narrowN    tp2,64,4,1024,512,128,64,64x64,287.476,13,5,AMD Radeon RX 9070 XT,64,0,1,1
narrowN    tp2,64,4,1024,512,128,64,64x96,280.209,13,5,AMD Radeon RX 9070 XT,64,0,1,1
narrowN    tp2,64,4,1024,512,128,64,64x128,279.457,13,5,AMD Radeon RX 9070 XT,64,0,1,1
narrowN    tp2,64,4,1024,512,128,64,64x192,275.193,13,5,AMD Radeon RX 9070 XT,64,0,1,1
narrowN    tp2,64,4,1024,512,128,64,64x256,289.174,13,5,AMD Radeon RX 9070 XT,64,0,1,1
narrowN    tp2,64,4,1024,512,128,64,128x16,370.156,10,5,AMD Radeon RX 9070 XT,64,0,1,1
narrowN    tp2,64,4,1024,512,128,64,128x32,373.583,10,5,AMD Radeon RX 9070 XT,64,0,1,1
narrowN    tp2,64,4,1024,512,128,64,128x64,371.952,10,5,AMD Radeon RX 9070 XT,64,0,1,1
narrowN    tp2,64,4,1024,512,128,64,128x96,373.095,10,5,AMD Radeon RX 9070 XT,64,0,1,1
narrowN    tp2,64,4,1024,512,128,64,128x128,373.311,10,5,AMD Radeon RX 9070 XT,64,0,1,1
narrowN    tp2,64,4,1024,512,128,64,128x192,373.264,10,5,AMD Radeon RX 9070 XT,64,0,1,1
narrowN    tp2,64,4,1024,512,128,64,128x256,372.318,10,5,AMD Radeon RX 9070 XT,64,0,1,1
narrowN    tp2,64,4,1024,512,128,256,16x16,832.679,4,5,AMD Radeon RX 9070 XT,64,0,1,1
narrowN    tp2,64,4,1024,512,128,256,16x32,1066.497,3,5,AMD Radeon RX 9070 XT,64,0,1,1
narrowN    tp2,64,4,1024,512,128,256,16x64,942.475,4,5,AMD Radeon RX 9070 XT,64,0,1,1
narrowN    tp2,64,4,1024,512,128,256,16x96,809.831,4,5,AMD Radeon RX 9070 XT,64,0,1,1
narrowN    tp2,64,4,1024,512,128,256,16x128,1037.973,3,5,AMD Radeon RX 9070 XT,64,0,1,1
narrowN    tp2,64,4,1024,512,128,256,16x192,696.030,5,5,AMD Radeon RX 9070 XT,64,0,1,1
narrowN    tp2,64,4,1024,512,128,256,32x16,490.099,7,5,AMD Radeon RX 9070 XT,64,0,1,1
narrowN    tp2,64,4,1024,512,128,256,32x32,578.053,6,5,AMD Radeon RX 9070 XT,64,0,1,1
narrowN    tp2,64,4,1024,512,128,256,32x64,503.294,7,5,AMD Radeon RX 9070 XT,64,0,1,1
narrowN    tp2,64,4,1024,512,128,256,32x96,410.929,9,5,AMD Radeon RX 9070 XT,64,0,1,1
narrowN    tp2,64,4,1024,512,128,256,32x128,579.173,6,5,AMD Radeon RX 9070 XT,64,0,1,1
narrowN    tp2,64,4,1024,512,128,256,32x192,326.551,11,5,AMD Radeon RX 9070 XT,64,0,1,1
narrowN    tp2,64,4,1024,512,128,256,64x16,321.391,11,5,AMD Radeon RX 9070 XT,64,0,1,1
narrowN    tp2,64,4,1024,512,128,256,64x32,324.230,11,5,AMD Radeon RX 9070 XT,64,0,1,1
narrowN    tp2,64,4,1024,512,128,256,64x64,334.868,11,5,AMD Radeon RX 9070 XT,64,0,1,1
narrowN    tp2,64,4,1024,512,128,256,64x96,326.989,11,5,AMD Radeon RX 9070 XT,64,0,1,1
narrowN    tp2,64,4,1024,512,128,256,64x128,326.771,11,5,AMD Radeon RX 9070 XT,64,0,1,1
narrowN    tp2,64,4,1024,512,128,256,64x192,322.440,12,5,AMD Radeon RX 9070 XT,64,0,1,1
narrowN    tp2,64,4,1024,512,128,256,64x256,338.423,11,5,AMD Radeon RX 9070 XT,64,0,1,1
narrowN    tp2,64,4,1024,512,128,256,128x16,414.498,9,5,AMD Radeon RX 9070 XT,64,0,1,1
narrowN    tp2,64,4,1024,512,128,256,128x32,418.336,9,5,AMD Radeon RX 9070 XT,64,0,1,1
narrowN    tp2,64,4,1024,512,128,256,128x64,417.878,9,5,AMD Radeon RX 9070 XT,64,0,1,1
narrowN    tp2,64,4,1024,512,128,256,128x96,420.478,9,5,AMD Radeon RX 9070 XT,64,0,1,1
narrowN    tp2,64,4,1024,512,128,256,128x128,419.526,9,5,AMD Radeon RX 9070 XT,64,0,1,1
narrowN    tp2,64,4,1024,512,128,256,128x192,418.856,9,5,AMD Radeon RX 9070 XT,64,0,1,1
narrowN    tp2,64,4,1024,512,128,256,128x256,417.865,9,5,AMD Radeon RX 9070 XT,64,0,1,1
narrowN    tp2,64,4,1024,512,128,1024,16x16,2463.174,2,5,AMD Radeon RX 9070 XT,64,0,1,1
narrowN    tp2,64,4,1024,512,128,1024,16x32,3172.161,2,5,AMD Radeon RX 9070 XT,64,0,1,1
narrowN    tp2,64,4,1024,512,128,1024,16x64,2681.134,2,5,AMD Radeon RX 9070 XT,64,0,1,1
narrowN    tp2,64,4,1024,512,128,1024,16x96,2230.627,2,5,AMD Radeon RX 9070 XT,64,0,1,1
narrowN    tp2,64,4,1024,512,128,1024,16x128,3232.174,2,5,AMD Radeon RX 9070 XT,64,0,1,1
narrowN    tp2,64,4,1024,512,128,1024,16x192,1838.629,2,5,AMD Radeon RX 9070 XT,64,0,1,1
narrowN    tp2,64,4,1024,512,128,1024,32x16,1030.861,3,5,AMD Radeon RX 9070 XT,64,0,1,1
narrowN    tp2,64,4,1024,512,128,1024,32x32,1199.224,3,5,AMD Radeon RX 9070 XT,64,0,1,1
narrowN    tp2,64,4,1024,512,128,1024,32x64,995.759,3,5,AMD Radeon RX 9070 XT,64,0,1,1
narrowN    tp2,64,4,1024,512,128,1024,32x96,783.731,5,5,AMD Radeon RX 9070 XT,64,0,1,1
narrowN    tp2,64,4,1024,512,128,1024,32x128,1175.605,3,5,AMD Radeon RX 9070 XT,64,0,1,1
narrowN    tp2,64,4,1024,512,128,1024,32x192,654.474,5,5,AMD Radeon RX 9070 XT,64,0,1,1
narrowN    tp2,64,4,1024,512,128,1024,64x16,460.655,8,5,AMD Radeon RX 9070 XT,64,0,1,1
narrowN    tp2,64,4,1024,512,128,1024,64x32,463.105,8,5,AMD Radeon RX 9070 XT,64,0,1,1
narrowN    tp2,64,4,1024,512,128,1024,64x64,473.294,8,5,AMD Radeon RX 9070 XT,64,0,1,1
narrowN    tp2,64,4,1024,512,128,1024,64x96,466.524,8,5,AMD Radeon RX 9070 XT,64,0,1,1
narrowN    tp2,64,4,1024,512,128,1024,64x128,457.786,8,5,AMD Radeon RX 9070 XT,64,0,1,1
narrowN    tp2,64,4,1024,512,128,1024,64x192,458.752,8,5,AMD Radeon RX 9070 XT,64,0,1,1
narrowN    tp2,64,4,1024,512,128,1024,64x256,487.883,8,5,AMD Radeon RX 9070 XT,64,0,1,1
narrowN    tp2,64,4,1024,512,128,1024,128x16,486.398,8,5,AMD Radeon RX 9070 XT,64,0,1,1
narrowN    tp2,64,4,1024,512,128,1024,128x32,490.155,8,5,AMD Radeon RX 9070 XT,64,0,1,1
narrowN    tp2,64,4,1024,512,128,1024,128x64,487.290,8,5,AMD Radeon RX 9070 XT,64,0,1,1
narrowN    tp2,64,4,1024,512,128,1024,128x96,491.097,8,5,AMD Radeon RX 9070 XT,64,0,1,1
narrowN    tp2,64,4,1024,512,128,1024,128x128,489.709,8,5,AMD Radeon RX 9070 XT,64,0,1,1
narrowN    tp2,64,4,1024,512,128,1024,128x192,496.052,8,5,AMD Radeon RX 9070 XT,64,0,1,1
narrowN    tp2,64,4,1024,512,128,1024,128x256,487.355,8,5,AMD Radeon RX 9070 XT,64,0,1,1
