name,E,top_k,hidden,inter,g,M,cand,us,reps,R
q35.moe    tp2,256,8,2048,768,128,1,16x16,86.716,20,2
q35.moe    tp2,256,8,2048,768,128,1,16x32,77.186,20,2
q35.moe    tp2,256,8,2048,768,128,1,16x64,72.137,20,2
q35.moe    tp2,256,8,2048,768,128,1,16x96,87.582,20,2
q35.moe    tp2,256,8,2048,768,128,1,16x128,76.269,20,2
q35.moe    tp2,256,8,2048,768,128,1,16x192,84.550,20,2
q35.moe    tp2,256,8,2048,768,128,1,16x256,86.753,20,2
q35.moe    tp2,256,8,2048,768,128,1,32x16,101.983,20,2
q35.moe    tp2,256,8,2048,768,128,1,32x32,88.688,20,2
q35.moe    tp2,256,8,2048,768,128,1,32x64,84.897,20,2
q35.moe    tp2,256,8,2048,768,128,1,32x96,91.321,20,2
q35.moe    tp2,256,8,2048,768,128,1,32x128,86.308,20,2
q35.moe    tp2,256,8,2048,768,128,1,32x192,88.201,20,2
q35.moe    tp2,256,8,2048,768,128,1,32x256,88.710,20,2
q35.moe    tp2,256,8,2048,768,128,1,64x16,159.814,20,2
q35.moe    tp2,256,8,2048,768,128,1,64x32,142.285,20,2
q35.moe    tp2,256,8,2048,768,128,1,64x64,135.771,20,2
q35.moe    tp2,256,8,2048,768,128,1,64x96,135.868,20,2
q35.moe    tp2,256,8,2048,768,128,1,64x128,136.762,20,2
q35.moe    tp2,256,8,2048,768,128,1,64x192,143.088,20,2
q35.moe    tp2,256,8,2048,768,128,1,64x256,147.026,20,2
q35.moe    tp2,256,8,2048,768,128,1,128x16,202.952,20,2
q35.moe    tp2,256,8,2048,768,128,1,128x32,177.938,20,2
q35.moe    tp2,256,8,2048,768,128,1,128x64,167.087,20,2
q35.moe    tp2,256,8,2048,768,128,1,128x96,169.868,20,2
q35.moe    tp2,256,8,2048,768,128,1,128x128,176.801,20,2
q35.moe    tp2,256,8,2048,768,128,1,128x192,243.209,20,2
q35.moe    tp2,256,8,2048,768,128,1,128x256,268.566,20,2
q35.moe    tp2,256,8,2048,768,128,2,16x16,164.765,20,2
q35.moe    tp2,256,8,2048,768,128,2,16x32,166.901,20,2
q35.moe    tp2,256,8,2048,768,128,2,16x64,168.909,20,2
q35.moe    tp2,256,8,2048,768,128,2,16x96,210.901,20,2
q35.moe    tp2,256,8,2048,768,128,2,16x128,159.430,20,2
q35.moe    tp2,256,8,2048,768,128,2,16x192,157.862,20,2
q35.moe    tp2,256,8,2048,768,128,2,16x256,179.109,20,2
q35.moe    tp2,256,8,2048,768,128,2,32x16,142.591,20,2
q35.moe    tp2,256,8,2048,768,128,2,32x32,143.526,20,2
q35.moe    tp2,256,8,2048,768,128,2,32x64,144.964,20,2
q35.moe    tp2,256,8,2048,768,128,2,32x96,168.444,20,2
q35.moe    tp2,256,8,2048,768,128,2,32x128,141.708,20,2
q35.moe    tp2,256,8,2048,768,128,2,32x192,140.383,20,2
q35.moe    tp2,256,8,2048,768,128,2,32x256,149.698,20,2
q35.moe    tp2,256,8,2048,768,128,2,64x16,267.840,20,2
q35.moe    tp2,256,8,2048,768,128,2,64x32,267.988,20,2
q35.moe    tp2,256,8,2048,768,128,2,64x64,277.346,20,2
q35.moe    tp2,256,8,2048,768,128,2,64x96,277.303,20,2
q35.moe    tp2,256,8,2048,768,128,2,64x128,277.399,20,2
q35.moe    tp2,256,8,2048,768,128,2,64x192,278.721,20,2
q35.moe    tp2,256,8,2048,768,128,2,64x256,290.332,20,2
q35.moe    tp2,256,8,2048,768,128,2,128x16,237.359,20,2
q35.moe    tp2,256,8,2048,768,128,2,128x32,228.696,20,2
q35.moe    tp2,256,8,2048,768,128,2,128x64,239.021,20,2
q35.moe    tp2,256,8,2048,768,128,2,128x96,239.466,20,2
q35.moe    tp2,256,8,2048,768,128,2,128x128,255.085,20,2
q35.moe    tp2,256,8,2048,768,128,2,128x192,364.773,20,2
q35.moe    tp2,256,8,2048,768,128,2,128x256,458.184,16,2
q35.moe    tp2,256,8,2048,768,128,8,16x16,338.909,20,2
q35.moe    tp2,256,8,2048,768,128,8,16x32,338.174,20,2
q35.moe    tp2,256,8,2048,768,128,8,16x64,317.844,20,2
q35.moe    tp2,256,8,2048,768,128,8,16x96,318.006,20,2
q35.moe    tp2,256,8,2048,768,128,8,16x128,317.141,20,2
q35.moe    tp2,256,8,2048,768,128,8,16x192,317.980,20,2
q35.moe    tp2,256,8,2048,768,128,8,16x256,317.494,20,2
q35.moe    tp2,256,8,2048,768,128,8,32x16,329.891,20,2
q35.moe    tp2,256,8,2048,768,128,8,32x32,331.167,20,2
q35.moe    tp2,256,8,2048,768,128,8,32x64,328.911,20,2
q35.moe    tp2,256,8,2048,768,128,8,32x96,328.338,20,2
q35.moe    tp2,256,8,2048,768,128,8,32x128,330.055,20,2
q35.moe    tp2,256,8,2048,768,128,8,32x192,328.341,20,2
q35.moe    tp2,256,8,2048,768,128,8,32x256,328.915,20,2
q35.moe    tp2,256,8,2048,768,128,8,64x16,865.554,11,2
q35.moe    tp2,256,8,2048,768,128,8,64x32,863.146,11,2
q35.moe    tp2,256,8,2048,768,128,8,64x64,870.086,11,2
q35.moe    tp2,256,8,2048,768,128,8,64x96,867.380,11,2
q35.moe    tp2,256,8,2048,768,128,8,64x128,864.607,11,2
q35.moe    tp2,256,8,2048,768,128,8,64x192,866.331,11,2
q35.moe    tp2,256,8,2048,768,128,8,64x256,871.005,11,2
q35.moe    tp2,256,8,2048,768,128,8,128x16,798.407,10,2
q35.moe    tp2,256,8,2048,768,128,8,128x32,783.248,12,2
q35.moe    tp2,256,8,2048,768,128,8,128x64,784.226,12,2
q35.moe    tp2,256,8,2048,768,128,8,128x96,784.270,12,2
q35.moe    tp2,256,8,2048,768,128,8,128x128,793.088,12,2
q35.moe    tp2,256,8,2048,768,128,8,128x192,797.606,12,2
q35.moe    tp2,256,8,2048,768,128,8,128x256,796.615,12,2
q35.moe    tp2,256,8,2048,768,128,32,16x16,1015.146,9,2
q35.moe    tp2,256,8,2048,768,128,32,16x32,985.444,9,2
q35.moe    tp2,256,8,2048,768,128,32,16x64,989.914,10,2
q35.moe    tp2,256,8,2048,768,128,32,16x96,992.812,10,2
q35.moe    tp2,256,8,2048,768,128,32,16x128,1003.310,9,2
q35.moe    tp2,256,8,2048,768,128,32,16x192,1009.422,9,2
q35.moe    tp2,256,8,2048,768,128,32,16x256,1010.764,9,2
q35.moe    tp2,256,8,2048,768,128,32,32x16,1273.699,7,2
q35.moe    tp2,256,8,2048,768,128,32,32x32,1268.399,7,2
q35.moe    tp2,256,8,2048,768,128,32,32x64,1271.396,7,2
q35.moe    tp2,256,8,2048,768,128,32,32x96,1273.042,7,2
q35.moe    tp2,256,8,2048,768,128,32,32x128,1271.045,7,2
q35.moe    tp2,256,8,2048,768,128,32,32x192,1269.013,7,2
q35.moe    tp2,256,8,2048,768,128,32,32x256,1273.013,7,2
q35.moe    tp2,256,8,2048,768,128,32,64x16,2334.494,4,2
q35.moe    tp2,256,8,2048,768,128,32,64x32,2335.109,4,2
q35.moe    tp2,256,8,2048,768,128,32,64x64,2335.884,4,2
q35.moe    tp2,256,8,2048,768,128,32,64x96,2331.374,4,2
q35.moe    tp2,256,8,2048,768,128,32,64x128,2342.765,4,2
q35.moe    tp2,256,8,2048,768,128,32,64x192,2328.739,4,2
q35.moe    tp2,256,8,2048,768,128,32,64x256,2323.439,4,2
q35.moe    tp2,256,8,2048,768,128,32,128x16,2324.314,4,2
q35.moe    tp2,256,8,2048,768,128,32,128x32,2337.254,4,2
q35.moe    tp2,256,8,2048,768,128,32,128x64,2343.849,4,2
q35.moe    tp2,256,8,2048,768,128,32,128x96,2352.854,4,2
q35.moe    tp2,256,8,2048,768,128,32,128x128,2347.800,4,2
q35.moe    tp2,256,8,2048,768,128,32,128x192,2354.004,4,2
q35.moe    tp2,256,8,2048,768,128,32,128x256,2341.074,4,2
q35.moe    tp2,256,8,2048,768,128,64,16x16,4973.251,2,2
q35.moe    tp2,256,8,2048,768,128,64,16x32,6765.656,2,2
q35.moe    tp2,256,8,2048,768,128,64,16x64,6303.072,2,2
q35.moe    tp2,256,8,2048,768,128,64,16x96,4527.717,2,2
q35.moe    tp2,256,8,2048,768,128,64,16x128,7120.749,2,2
q35.moe    tp2,256,8,2048,768,128,64,16x192,3419.389,2,2
q35.moe    tp2,256,8,2048,768,128,64,32x16,3705.741,2,2
q35.moe    tp2,256,8,2048,768,128,64,32x32,4389.246,2,2
q35.moe    tp2,256,8,2048,768,128,64,32x64,3604.140,2,2
q35.moe    tp2,256,8,2048,768,128,64,32x96,2998.805,3,2
q35.moe    tp2,256,8,2048,768,128,64,32x128,4746.140,2,2
q35.moe    tp2,256,8,2048,768,128,64,32x192,2160.703,4,2
q35.moe    tp2,256,8,2048,768,128,64,64x16,3233.060,3,2
q35.moe    tp2,256,8,2048,768,128,64,64x32,3243.260,3,2
q35.moe    tp2,256,8,2048,768,128,64,64x64,3404.309,2,2
q35.moe    tp2,256,8,2048,768,128,64,64x96,3263.727,2,2
q35.moe    tp2,256,8,2048,768,128,64,64x128,3315.101,3,2
q35.moe    tp2,256,8,2048,768,128,64,64x192,3245.297,2,2
q35.moe    tp2,256,8,2048,768,128,64,64x256,3451.709,2,2
q35.moe    tp2,256,8,2048,768,128,64,128x16,3084.446,3,2
q35.moe    tp2,256,8,2048,768,128,64,128x32,3147.466,3,2
q35.moe    tp2,256,8,2048,768,128,64,128x64,3148.206,3,2
q35.moe    tp2,256,8,2048,768,128,64,128x96,3191.653,3,2
q35.moe    tp2,256,8,2048,768,128,64,128x128,3144.073,3,2
q35.moe    tp2,256,8,2048,768,128,64,128x192,3162.140,3,2
q35.moe    tp2,256,8,2048,768,128,64,128x256,3196.307,3,2
q35.moe    tp2,256,8,2048,768,128,256,16x16,6040.931,2,2
q35.moe    tp2,256,8,2048,768,128,256,16x32,8048.198,2,2
q35.moe    tp2,256,8,2048,768,128,256,16x64,6881.907,2,2
q35.moe    tp2,256,8,2048,768,128,256,16x96,5250.324,2,2
q35.moe    tp2,256,8,2048,768,128,256,16x128,8814.614,2,2
q35.moe    tp2,256,8,2048,768,128,256,16x192,5159.523,2,2
q35.moe    tp2,256,8,2048,768,128,256,32x16,4360.167,2,2
q35.moe    tp2,256,8,2048,768,128,256,32x32,5188.134,2,2
q35.moe    tp2,256,8,2048,768,128,256,32x64,4184.715,2,2
q35.moe    tp2,256,8,2048,768,128,256,32x96,3495.250,2,2
q35.moe    tp2,256,8,2048,768,128,256,32x128,5573.967,2,2
q35.moe    tp2,256,8,2048,768,128,256,32x192,2566.202,3,2
q35.moe    tp2,256,8,2048,768,128,256,64x16,3599.410,2,2
q35.moe    tp2,256,8,2048,768,128,256,64x32,3615.350,2,2
q35.moe    tp2,256,8,2048,768,128,256,64x64,4066.264,2,2
q35.moe    tp2,256,8,2048,768,128,256,64x96,3702.801,2,2
q35.moe    tp2,256,8,2048,768,128,256,64x128,3558.690,2,2
q35.moe    tp2,256,8,2048,768,128,256,64x192,3686.081,2,2
q35.moe    tp2,256,8,2048,768,128,256,64x256,4191.435,2,2
q35.moe    tp2,256,8,2048,768,128,256,128x16,3621.031,2,2
q35.moe    tp2,256,8,2048,768,128,256,128x32,3654.691,2,2
q35.moe    tp2,256,8,2048,768,128,256,128x64,3657.151,2,2
q35.moe    tp2,256,8,2048,768,128,256,128x96,3654.511,2,2
q35.moe    tp2,256,8,2048,768,128,256,128x128,3665.161,2,2
q35.moe    tp2,256,8,2048,768,128,256,128x192,3660.254,2,2
q35.moe    tp2,256,8,2048,768,128,256,128x256,3659.791,2,2
q35.moe    tp2,256,8,2048,768,128,1024,16x16,13619.016,2,2
q35.moe    tp2,256,8,2048,768,128,1024,16x32,18009.794,2,2
q35.moe    tp2,256,8,2048,768,128,1024,16x64,14740.846,2,2
q35.moe    tp2,256,8,2048,768,128,1024,16x96,10984.214,2,2
q35.moe    tp2,256,8,2048,768,128,1024,16x128,17018.215,2,2
q35.moe    tp2,256,8,2048,768,128,1024,16x192,8766.316,2,2
q35.moe    tp2,256,8,2048,768,128,1024,32x16,6417.436,2,2
q35.moe    tp2,256,8,2048,768,128,1024,32x32,7566.205,2,2
q35.moe    tp2,256,8,2048,768,128,1024,32x64,6235.974,2,2
q35.moe    tp2,256,8,2048,768,128,1024,32x96,4730.351,2,2
q35.moe    tp2,256,8,2048,768,128,1024,32x128,7643.416,2,2
q35.moe    tp2,256,8,2048,768,128,1024,32x192,3541.610,2,2
q35.moe    tp2,256,8,2048,768,128,1024,64x16,3688.342,2,2
q35.moe    tp2,256,8,2048,768,128,1024,64x32,3461.730,2,2
q35.moe    tp2,256,8,2048,768,128,1024,64x64,3993.095,2,2
q35.moe    tp2,256,8,2048,768,128,1024,64x96,3717.012,2,2
q35.moe    tp2,256,8,2048,768,128,1024,64x128,3752.543,2,2
q35.moe    tp2,256,8,2048,768,128,1024,64x192,3847.533,2,2
q35.moe    tp2,256,8,2048,768,128,1024,64x256,4190.567,2,2
q35.moe    tp2,256,8,2048,768,128,1024,128x16,3933.704,2,2
q35.moe    tp2,256,8,2048,768,128,1024,128x32,3945.255,2,2
q35.moe    tp2,256,8,2048,768,128,1024,128x64,3931.424,2,2
q35.moe    tp2,256,8,2048,768,128,1024,128x96,3809.703,2,2
q35.moe    tp2,256,8,2048,768,128,1024,128x128,3935.934,2,2
q35.moe    tp2,256,8,2048,768,128,1024,128x192,3904.954,2,2
q35.moe    tp2,256,8,2048,768,128,1024,128x256,3935.854,2,2
q35.moe    tp1,256,8,2048,1536,128,1,16x16,141.095,20,2
q35.moe    tp1,256,8,2048,1536,128,1,16x32,119.689,20,2
q35.moe    tp1,256,8,2048,1536,128,1,16x64,111.442,20,2
q35.moe    tp1,256,8,2048,1536,128,1,16x96,136.486,20,2
q35.moe    tp1,256,8,2048,1536,128,1,16x128,118.635,20,2
q35.moe    tp1,256,8,2048,1536,128,1,16x192,132.702,20,2
q35.moe    tp1,256,8,2048,1536,128,1,16x256,145.232,20,2
q35.moe    tp1,256,8,2048,1536,128,1,32x16,159.094,20,2
q35.moe    tp1,256,8,2048,1536,128,1,32x32,133.503,20,2
q35.moe    tp1,256,8,2048,1536,128,1,32x64,128.029,20,2
q35.moe    tp1,256,8,2048,1536,128,1,32x96,136.904,20,2
q35.moe    tp1,256,8,2048,1536,128,1,32x128,129.512,20,2
q35.moe    tp1,256,8,2048,1536,128,1,32x192,131.031,20,2
q35.moe    tp1,256,8,2048,1536,128,1,32x256,136.569,20,2
q35.moe    tp1,256,8,2048,1536,128,1,64x16,347.296,20,2
q35.moe    tp1,256,8,2048,1536,128,1,64x32,316.575,20,2
q35.moe    tp1,256,8,2048,1536,128,1,64x64,301.388,20,2
q35.moe    tp1,256,8,2048,1536,128,1,64x96,303.353,20,2
q35.moe    tp1,256,8,2048,1536,128,1,64x128,304.355,20,2
q35.moe    tp1,256,8,2048,1536,128,1,64x192,311.609,20,2
q35.moe    tp1,256,8,2048,1536,128,1,64x256,323.090,20,2
q35.moe    tp1,256,8,2048,1536,128,1,128x16,328.334,20,2
q35.moe    tp1,256,8,2048,1536,128,1,128x32,281.712,20,2
q35.moe    tp1,256,8,2048,1536,128,1,128x64,263.811,20,2
q35.moe    tp1,256,8,2048,1536,128,1,128x96,269.314,20,2
q35.moe    tp1,256,8,2048,1536,128,1,128x128,285.993,20,2
q35.moe    tp1,256,8,2048,1536,128,1,128x192,414.136,20,2
q35.moe    tp1,256,8,2048,1536,128,1,128x256,491.099,19,2
q35.moe    tp1,256,8,2048,1536,128,2,16x16,268.017,20,2
q35.moe    tp1,256,8,2048,1536,128,2,16x32,267.979,20,2
q35.moe    tp1,256,8,2048,1536,128,2,16x64,287.375,20,2
q35.moe    tp1,256,8,2048,1536,128,2,16x96,380.010,20,2
q35.moe    tp1,256,8,2048,1536,128,2,16x128,270.589,20,2
q35.moe    tp1,256,8,2048,1536,128,2,16x192,272.318,20,2
q35.moe    tp1,256,8,2048,1536,128,2,16x256,311.218,20,2
q35.moe    tp1,256,8,2048,1536,128,2,32x16,236.135,20,2
q35.moe    tp1,256,8,2048,1536,128,2,32x32,235.502,20,2
q35.moe    tp1,256,8,2048,1536,128,2,32x64,243.397,20,2
q35.moe    tp1,256,8,2048,1536,128,2,32x96,290.184,20,2
q35.moe    tp1,256,8,2048,1536,128,2,32x128,234.287,20,2
q35.moe    tp1,256,8,2048,1536,128,2,32x192,239.435,20,2
q35.moe    tp1,256,8,2048,1536,128,2,32x256,256.061,20,2
q35.moe    tp1,256,8,2048,1536,128,2,64x16,564.701,17,2
q35.moe    tp1,256,8,2048,1536,128,2,64x32,564.794,17,2
q35.moe    tp1,256,8,2048,1536,128,2,64x64,586.624,16,2
q35.moe    tp1,256,8,2048,1536,128,2,64x96,583.240,16,2
q35.moe    tp1,256,8,2048,1536,128,2,64x128,578.335,16,2
q35.moe    tp1,256,8,2048,1536,128,2,64x192,595.145,16,2
q35.moe    tp1,256,8,2048,1536,128,2,64x256,613.397,16,2
q35.moe    tp1,256,8,2048,1536,128,2,128x16,403.521,20,2
q35.moe    tp1,256,8,2048,1536,128,2,128x32,395.498,20,2
q35.moe    tp1,256,8,2048,1536,128,2,128x64,413.897,20,2
q35.moe    tp1,256,8,2048,1536,128,2,128x96,413.037,20,2
q35.moe    tp1,256,8,2048,1536,128,2,128x128,444.860,20,2
q35.moe    tp1,256,8,2048,1536,128,2,128x192,673.169,14,2
q35.moe    tp1,256,8,2048,1536,128,2,128x256,879.211,11,2
q35.moe    tp1,256,8,2048,1536,128,8,16x16,594.552,15,2
q35.moe    tp1,256,8,2048,1536,128,8,16x32,596.128,16,2
q35.moe    tp1,256,8,2048,1536,128,8,16x64,577.850,16,2
q35.moe    tp1,256,8,2048,1536,128,8,16x96,554.769,17,2
q35.moe    tp1,256,8,2048,1536,128,8,16x128,559.014,17,2
q35.moe    tp1,256,8,2048,1536,128,8,16x192,561.394,17,2
q35.moe    tp1,256,8,2048,1536,128,8,16x256,563.084,17,2
q35.moe    tp1,256,8,2048,1536,128,8,32x16,591.395,16,2
q35.moe    tp1,256,8,2048,1536,128,8,32x32,592.702,16,2
q35.moe    tp1,256,8,2048,1536,128,8,32x64,592.290,16,2
q35.moe    tp1,256,8,2048,1536,128,8,32x96,592.123,16,2
q35.moe    tp1,256,8,2048,1536,128,8,32x128,592.180,16,2
q35.moe    tp1,256,8,2048,1536,128,8,32x192,593.865,16,2
q35.moe    tp1,256,8,2048,1536,128,8,32x256,595.815,16,2
q35.moe    tp1,256,8,2048,1536,128,8,64x16,1650.287,5,2
q35.moe    tp1,256,8,2048,1536,128,8,64x32,1676.631,5,2
q35.moe    tp1,256,8,2048,1536,128,8,64x64,1687.011,5,2
q35.moe    tp1,256,8,2048,1536,128,8,64x96,1681.339,5,2
q35.moe    tp1,256,8,2048,1536,128,8,64x128,1680.367,5,2
q35.moe    tp1,256,8,2048,1536,128,8,64x192,1676.455,5,2
q35.moe    tp1,256,8,2048,1536,128,8,64x256,1685.991,5,2
q35.moe    tp1,256,8,2048,1536,128,8,128x16,1357.484,7,2
q35.moe    tp1,256,8,2048,1536,128,8,128x32,1379.498,7,2
q35.moe    tp1,256,8,2048,1536,128,8,128x64,1389.881,7,2
q35.moe    tp1,256,8,2048,1536,128,8,128x96,1399.364,7,2
q35.moe    tp1,256,8,2048,1536,128,8,128x128,1396.341,7,2
q35.moe    tp1,256,8,2048,1536,128,8,128x192,1399.496,7,2
q35.moe    tp1,256,8,2048,1536,128,8,128x256,1395.504,7,2
q35.moe    tp1,256,8,2048,1536,128,32,16x16,2005.648,4,2
q35.moe    tp1,256,8,2048,1536,128,32,16x32,2008.973,4,2
q35.moe    tp1,256,8,2048,1536,128,32,16x64,2135.180,4,2
q35.moe    tp1,256,8,2048,1536,128,32,16x96,2155.455,4,2
q35.moe    tp1,256,8,2048,1536,128,32,16x128,2171.070,4,2
q35.moe    tp1,256,8,2048,1536,128,32,16x192,2161.400,4,2
q35.moe    tp1,256,8,2048,1536,128,32,16x256,2169.790,4,2
q35.moe    tp1,256,8,2048,1536,128,32,32x16,2701.431,3,2
q35.moe    tp1,256,8,2048,1536,128,32,32x32,2704.324,3,2
q35.moe    tp1,256,8,2048,1536,128,32,32x64,2704.665,3,2
q35.moe    tp1,256,8,2048,1536,128,32,32x96,2708.738,3,2
q35.moe    tp1,256,8,2048,1536,128,32,32x128,2707.032,3,2
q35.moe    tp1,256,8,2048,1536,128,32,32x192,2701.465,3,2
q35.moe    tp1,256,8,2048,1536,128,32,32x256,2692.698,3,2
q35.moe    tp1,256,8,2048,1536,128,32,64x16,4194.909,2,2
q35.moe    tp1,256,8,2048,1536,128,32,64x32,4218.749,2,2
q35.moe    tp1,256,8,2048,1536,128,32,64x64,4205.709,2,2
q35.moe    tp1,256,8,2048,1536,128,32,64x96,4186.889,2,2
q35.moe    tp1,256,8,2048,1536,128,32,64x128,4141.518,2,2
q35.moe    tp1,256,8,2048,1536,128,32,64x192,4225.499,2,2
q35.moe    tp1,256,8,2048,1536,128,32,64x256,4104.208,2,2
q35.moe    tp1,256,8,2048,1536,128,32,128x16,4482.001,2,2
q35.moe    tp1,256,8,2048,1536,128,32,128x32,4486.571,2,2
q35.moe    tp1,256,8,2048,1536,128,32,128x64,4477.851,2,2
q35.moe    tp1,256,8,2048,1536,128,32,128x96,4485.431,2,2
q35.moe    tp1,256,8,2048,1536,128,32,128x128,4492.472,2,2
q35.moe    tp1,256,8,2048,1536,128,32,128x192,4481.222,2,2
q35.moe    tp1,256,8,2048,1536,128,32,128x256,4488.192,2,2
q35.moe    tp1,256,8,2048,1536,128,64,16x16,9497.268,2,2
q35.moe    tp1,256,8,2048,1536,128,64,16x32,13161.683,2,2
q35.moe    tp1,256,8,2048,1536,128,64,16x64,11583.088,2,2
q35.moe    tp1,256,8,2048,1536,128,64,16x96,8102.326,2,2
q35.moe    tp1,256,8,2048,1536,128,64,16x128,13864.570,2,2
q35.moe    tp1,256,8,2048,1536,128,64,16x192,7061.007,2,2
q35.moe    tp1,256,8,2048,1536,128,64,32x16,7140.617,2,2
q35.moe    tp1,256,8,2048,1536,128,64,32x32,8536.710,2,2
q35.moe    tp1,256,8,2048,1536,128,64,32x64,7036.586,2,2
q35.moe    tp1,256,8,2048,1536,128,64,32x96,5211.629,2,2
q35.moe    tp1,256,8,2048,1536,128,64,32x128,9154.616,2,2
q35.moe    tp1,256,8,2048,1536,128,64,32x192,3898.287,2,2
q35.moe    tp1,256,8,2048,1536,128,64,64x16,6213.959,2,2
q35.moe    tp1,256,8,2048,1536,128,64,64x32,5986.437,2,2
q35.moe    tp1,256,8,2048,1536,128,64,64x64,6409.811,2,2
q35.moe    tp1,256,8,2048,1536,128,64,64x96,6012.197,2,2
q35.moe    tp1,256,8,2048,1536,128,64,64x128,5998.047,2,2
q35.moe    tp1,256,8,2048,1536,128,64,64x192,6154.308,2,2
q35.moe    tp1,256,8,2048,1536,128,64,64x256,6452.601,2,2
q35.moe    tp1,256,8,2048,1536,128,64,128x16,5554.143,2,2
q35.moe    tp1,256,8,2048,1536,128,64,128x32,5558.393,2,2
q35.moe    tp1,256,8,2048,1536,128,64,128x64,5558.863,2,2
q35.moe    tp1,256,8,2048,1536,128,64,128x96,5548.263,2,2
q35.moe    tp1,256,8,2048,1536,128,64,128x128,5555.973,2,2
q35.moe    tp1,256,8,2048,1536,128,64,128x192,5546.203,2,2
q35.moe    tp1,256,8,2048,1536,128,64,128x256,5553.733,2,2
q35.moe    tp1,256,8,2048,1536,128,256,16x16,11219.348,2,2
q35.moe    tp1,256,8,2048,1536,128,256,16x32,15299.458,2,2
q35.moe    tp1,256,8,2048,1536,128,256,16x64,13477.313,2,2
q35.moe    tp1,256,8,2048,1536,128,256,16x96,9345.351,2,2
q35.moe    tp1,256,8,2048,1536,128,256,16x128,16004.637,2,2
q35.moe    tp1,256,8,2048,1536,128,256,16x192,8283.240,2,2
q35.moe    tp1,256,8,2048,1536,128,256,32x16,8322.951,2,2
q35.moe    tp1,256,8,2048,1536,128,256,32x32,9995.027,2,2
q35.moe    tp1,256,8,2048,1536,128,256,32x64,8133.359,2,2
q35.moe    tp1,256,8,2048,1536,128,256,32x96,6011.089,2,2
q35.moe    tp1,256,8,2048,1536,128,256,32x128,10643.364,2,2
q35.moe    tp1,256,8,2048,1536,128,256,32x192,4781.427,2,2
q35.moe    tp1,256,8,2048,1536,128,256,64x16,7108.409,2,2
q35.moe    tp1,256,8,2048,1536,128,256,64x32,6922.238,2,2
q35.moe    tp1,256,8,2048,1536,128,256,64x64,6946.798,2,2
q35.moe    tp1,256,8,2048,1536,128,256,64x96,7296.362,2,2
q35.moe    tp1,256,8,2048,1536,128,256,64x128,6944.188,2,2
q35.moe    tp1,256,8,2048,1536,128,256,64x192,6977.979,2,2
q35.moe    tp1,256,8,2048,1536,128,256,64x256,7520.584,2,2
q35.moe    tp1,256,8,2048,1536,128,256,128x16,6371.762,2,2
q35.moe    tp1,256,8,2048,1536,128,256,128x32,6364.443,2,2
q35.moe    tp1,256,8,2048,1536,128,256,128x64,6358.574,2,2
q35.moe    tp1,256,8,2048,1536,128,256,128x96,6377.173,2,2
q35.moe    tp1,256,8,2048,1536,128,256,128x128,6369.113,2,2
q35.moe    tp1,256,8,2048,1536,128,256,128x192,6366.463,2,2
q35.moe    tp1,256,8,2048,1536,128,256,128x256,6364.823,2,2
q35.moe    tp1,256,8,2048,1536,128,1024,16x16,26121.122,2,2
q35.moe    tp1,256,8,2048,1536,128,1024,16x32,34901.100,2,2
q35.moe    tp1,256,8,2048,1536,128,1024,16x64,27994.781,2,2
q35.moe    tp1,256,8,2048,1536,128,1024,16x96,20533.949,2,2
q35.moe    tp1,256,8,2048,1536,128,1024,16x128,32735.622,2,2
q35.moe    tp1,256,8,2048,1536,128,1024,16x192,16444.607,2,2
q35.moe    tp1,256,8,2048,1536,128,1024,32x16,11968.872,2,2
q35.moe    tp1,256,8,2048,1536,128,1024,32x32,14127.854,2,2
q35.moe    tp1,256,8,2048,1536,128,1024,32x64,11456.207,2,2
q35.moe    tp1,256,8,2048,1536,128,1024,32x96,8438.776,2,2
q35.moe    tp1,256,8,2048,1536,128,1024,32x128,14341.787,2,2
q35.moe    tp1,256,8,2048,1536,128,1024,32x192,6748.699,2,2
q35.moe    tp1,256,8,2048,1536,128,1024,64x16,6286.225,2,2
q35.moe    tp1,256,8,2048,1536,128,1024,64x32,6135.123,2,2
q35.moe    tp1,256,8,2048,1536,128,1024,64x64,6439.656,2,2
q35.moe    tp1,256,8,2048,1536,128,1024,64x96,6365.136,2,2
q35.moe    tp1,256,8,2048,1536,128,1024,64x128,6188.534,2,2
q35.moe    tp1,256,8,2048,1536,128,1024,64x192,6126.513,2,2
q35.moe    tp1,256,8,2048,1536,128,1024,64x256,6590.998,2,2
q35.moe    tp1,256,8,2048,1536,128,1024,128x16,6855.121,2,2
q35.moe    tp1,256,8,2048,1536,128,1024,128x32,6868.161,2,2
q35.moe    tp1,256,8,2048,1536,128,1024,128x64,6849.001,2,2
q35.moe    tp1,256,8,2048,1536,128,1024,128x96,6851.761,2,2
q35.moe    tp1,256,8,2048,1536,128,1024,128x128,6837.051,2,2
q35.moe    tp1,256,8,2048,1536,128,1024,128x192,6860.861,2,2
q35.moe    tp1,256,8,2048,1536,128,1024,128x256,6848.271,2,2
glm.moe    tp2,128,8,2048,704,128,8,16x16,308.799,20,2
glm.moe    tp2,128,8,2048,704,128,8,16x32,294.362,20,2
glm.moe    tp2,128,8,2048,704,128,8,16x64,294.574,20,2
glm.moe    tp2,128,8,2048,704,128,8,16x96,295.082,20,2
glm.moe    tp2,128,8,2048,704,128,8,16x128,293.114,20,2
glm.moe    tp2,128,8,2048,704,128,8,16x192,294.306,20,2
glm.moe    tp2,128,8,2048,704,128,8,16x256,294.973,20,2
glm.moe    tp2,128,8,2048,704,128,8,32x16,301.122,20,2
glm.moe    tp2,128,8,2048,704,128,8,32x32,298.977,20,2
glm.moe    tp2,128,8,2048,704,128,8,32x64,299.933,20,2
glm.moe    tp2,128,8,2048,704,128,8,32x96,300.145,20,2
glm.moe    tp2,128,8,2048,704,128,8,32x128,299.459,20,2
glm.moe    tp2,128,8,2048,704,128,8,32x192,299.239,20,2
glm.moe    tp2,128,8,2048,704,128,8,32x256,299.044,20,2
glm.moe    tp2,128,8,2048,704,128,8,64x16,817.839,12,2
glm.moe    tp2,128,8,2048,704,128,8,64x32,817.470,12,2
glm.moe    tp2,128,8,2048,704,128,8,64x64,817.303,12,2
glm.moe    tp2,128,8,2048,704,128,8,64x96,816.762,12,2
glm.moe    tp2,128,8,2048,704,128,8,64x128,818.393,12,2
glm.moe    tp2,128,8,2048,704,128,8,64x192,818.623,12,2
glm.moe    tp2,128,8,2048,704,128,8,64x256,815.530,12,2
glm.moe    tp2,128,8,2048,704,128,32,16x16,805.170,12,2
glm.moe    tp2,128,8,2048,704,128,32,16x32,803.993,12,2
glm.moe    tp2,128,8,2048,704,128,32,16x64,802.698,12,2
glm.moe    tp2,128,8,2048,704,128,32,16x96,812.805,12,2
glm.moe    tp2,128,8,2048,704,128,32,16x128,818.100,12,2
glm.moe    tp2,128,8,2048,704,128,32,16x192,821.962,12,2
glm.moe    tp2,128,8,2048,704,128,32,16x256,821.210,12,2
glm.moe    tp2,128,8,2048,704,128,32,32x16,1005.966,9,2
glm.moe    tp2,128,8,2048,704,128,32,32x32,1005.295,9,2
glm.moe    tp2,128,8,2048,704,128,32,32x64,1008.422,9,2
glm.moe    tp2,128,8,2048,704,128,32,32x96,1005.426,9,2
glm.moe    tp2,128,8,2048,704,128,32,32x128,1004.173,9,2
glm.moe    tp2,128,8,2048,704,128,32,32x192,1005.373,9,2
glm.moe    tp2,128,8,2048,704,128,32,32x256,1007.093,9,2
glm.moe    tp2,128,8,2048,704,128,32,64x16,1778.567,5,2
glm.moe    tp2,128,8,2048,704,128,32,64x32,1780.395,5,2
glm.moe    tp2,128,8,2048,704,128,32,64x64,1782.347,5,2
glm.moe    tp2,128,8,2048,704,128,32,64x96,1787.367,5,2
glm.moe    tp2,128,8,2048,704,128,32,64x128,1784.723,5,2
glm.moe    tp2,128,8,2048,704,128,32,64x192,1791.582,6,2
glm.moe    tp2,128,8,2048,704,128,32,64x256,1795.315,6,2
g32.moe    tp2,128,4,2048,1024,32,1,16x16,65.951,20,2
g32.moe    tp2,128,4,2048,1024,32,1,16x32,62.498,20,2
g32.moe    tp2,128,4,2048,1024,32,1,16x64,61.035,20,2
g32.moe    tp2,128,4,2048,1024,32,1,16x96,65.848,20,2
g32.moe    tp2,128,4,2048,1024,32,1,16x128,61.560,20,2
g32.moe    tp2,128,4,2048,1024,32,1,16x192,64.557,20,2
g32.moe    tp2,128,4,2048,1024,32,1,16x256,68.215,20,2
g32.moe    tp2,128,4,2048,1024,32,1,32x16,75.461,20,2
g32.moe    tp2,128,4,2048,1024,32,1,32x32,70.672,20,2
g32.moe    tp2,128,4,2048,1024,32,1,32x64,67.759,20,2
g32.moe    tp2,128,4,2048,1024,32,1,32x96,66.050,20,2
g32.moe    tp2,128,4,2048,1024,32,1,32x128,64.537,20,2
g32.moe    tp2,128,4,2048,1024,32,1,32x192,65.260,20,2
g32.moe    tp2,128,4,2048,1024,32,1,32x256,65.519,20,2
g32.moe    tp2,128,4,2048,1024,32,1,64x16,157.944,20,2
g32.moe    tp2,128,4,2048,1024,32,1,64x32,144.292,20,2
g32.moe    tp2,128,4,2048,1024,32,1,64x64,130.081,20,2
g32.moe    tp2,128,4,2048,1024,32,1,64x96,130.001,20,2
g32.moe    tp2,128,4,2048,1024,32,1,64x128,127.488,20,2
g32.moe    tp2,128,4,2048,1024,32,1,64x192,144.677,20,2
g32.moe    tp2,128,4,2048,1024,32,1,64x256,150.070,20,2
g32.moe    tp2,128,4,2048,1024,32,1,128x16,194.789,20,2
g32.moe    tp2,128,4,2048,1024,32,1,128x32,157.789,20,2
g32.moe    tp2,128,4,2048,1024,32,1,128x64,144.835,20,2
g32.moe    tp2,128,4,2048,1024,32,1,128x96,151.306,20,2
g32.moe    tp2,128,4,2048,1024,32,1,128x128,180.168,20,2
g32.moe    tp2,128,4,2048,1024,32,1,128x192,225.445,20,2
g32.moe    tp2,128,4,2048,1024,32,1,128x256,213.645,20,2
g32.moe    tp2,128,4,2048,1024,32,2,16x16,102.122,20,2
g32.moe    tp2,128,4,2048,1024,32,2,16x32,101.164,20,2
g32.moe    tp2,128,4,2048,1024,32,2,16x64,101.328,20,2
g32.moe    tp2,128,4,2048,1024,32,2,16x96,118.988,20,2
g32.moe    tp2,128,4,2048,1024,32,2,16x128,101.794,20,2
g32.moe    tp2,128,4,2048,1024,32,2,16x192,114.097,20,2
g32.moe    tp2,128,4,2048,1024,32,2,16x256,126.515,20,2
g32.moe    tp2,128,4,2048,1024,32,2,32x16,107.035,20,2
g32.moe    tp2,128,4,2048,1024,32,2,32x32,107.753,20,2
g32.moe    tp2,128,4,2048,1024,32,2,32x64,106.175,20,2
g32.moe    tp2,128,4,2048,1024,32,2,32x96,115.799,20,2
g32.moe    tp2,128,4,2048,1024,32,2,32x128,106.601,20,2
g32.moe    tp2,128,4,2048,1024,32,2,32x192,113.396,20,2
g32.moe    tp2,128,4,2048,1024,32,2,32x256,117.646,20,2
g32.moe    tp2,128,4,2048,1024,32,2,64x16,218.813,20,2
g32.moe    tp2,128,4,2048,1024,32,2,64x32,207.493,20,2
g32.moe    tp2,128,4,2048,1024,32,2,64x64,197.459,20,2
g32.moe    tp2,128,4,2048,1024,32,2,64x96,211.315,20,2
g32.moe    tp2,128,4,2048,1024,32,2,64x128,209.343,20,2
g32.moe    tp2,128,4,2048,1024,32,2,64x192,222.656,20,2
g32.moe    tp2,128,4,2048,1024,32,2,64x256,228.156,20,2
g32.moe    tp2,128,4,2048,1024,32,2,128x16,258.925,20,2
g32.moe    tp2,128,4,2048,1024,32,2,128x32,230.990,20,2
g32.moe    tp2,128,4,2048,1024,32,2,128x64,226.680,20,2
g32.moe    tp2,128,4,2048,1024,32,2,128x96,247.187,20,2
g32.moe    tp2,128,4,2048,1024,32,2,128x128,232.984,20,2
g32.moe    tp2,128,4,2048,1024,32,2,128x192,292.238,20,2
g32.moe    tp2,128,4,2048,1024,32,2,128x256,357.343,20,2
g32.moe    tp2,128,4,2048,1024,32,8,16x16,242.703,20,2
g32.moe    tp2,128,4,2048,1024,32,8,16x32,239.207,20,2
g32.moe    tp2,128,4,2048,1024,32,8,16x64,226.375,20,2
g32.moe    tp2,128,4,2048,1024,32,8,16x96,225.754,20,2
g32.moe    tp2,128,4,2048,1024,32,8,16x128,225.441,20,2
g32.moe    tp2,128,4,2048,1024,32,8,16x192,225.890,20,2
g32.moe    tp2,128,4,2048,1024,32,8,16x256,226.101,20,2
g32.moe    tp2,128,4,2048,1024,32,8,32x16,239.179,20,2
g32.moe    tp2,128,4,2048,1024,32,8,32x32,238.589,20,2
g32.moe    tp2,128,4,2048,1024,32,8,32x64,238.667,20,2
g32.moe    tp2,128,4,2048,1024,32,8,32x96,238.527,20,2
g32.moe    tp2,128,4,2048,1024,32,8,32x128,238.793,20,2
g32.moe    tp2,128,4,2048,1024,32,8,32x192,238.796,20,2
g32.moe    tp2,128,4,2048,1024,32,8,32x256,238.549,20,2
g32.moe    tp2,128,4,2048,1024,32,8,64x16,753.883,13,2
g32.moe    tp2,128,4,2048,1024,32,8,64x32,751.890,13,2
g32.moe    tp2,128,4,2048,1024,32,8,64x64,754.340,13,2
g32.moe    tp2,128,4,2048,1024,32,8,64x96,750.614,13,2
g32.moe    tp2,128,4,2048,1024,32,8,64x128,753.825,13,2
g32.moe    tp2,128,4,2048,1024,32,8,64x192,754.438,12,2
g32.moe    tp2,128,4,2048,1024,32,8,64x256,752.296,12,2
g32.moe    tp2,128,4,2048,1024,32,8,128x16,653.204,15,2
g32.moe    tp2,128,4,2048,1024,32,8,128x32,658.099,15,2
g32.moe    tp2,128,4,2048,1024,32,8,128x64,662.813,14,2
g32.moe    tp2,128,4,2048,1024,32,8,128x96,666.664,15,2
g32.moe    tp2,128,4,2048,1024,32,8,128x128,668.460,14,2
g32.moe    tp2,128,4,2048,1024,32,8,128x192,666.813,14,2
g32.moe    tp2,128,4,2048,1024,32,8,128x256,668.090,14,2
g32.moe    tp2,128,4,2048,1024,32,32,16x16,673.084,14,2
g32.moe    tp2,128,4,2048,1024,32,32,16x32,645.116,15,2
g32.moe    tp2,128,4,2048,1024,32,32,16x64,643.816,15,2
g32.moe    tp2,128,4,2048,1024,32,32,16x96,651.404,15,2
g32.moe    tp2,128,4,2048,1024,32,32,16x128,656.767,15,2
g32.moe    tp2,128,4,2048,1024,32,32,16x192,656.171,14,2
g32.moe    tp2,128,4,2048,1024,32,32,16x256,660.179,15,2
g32.moe    tp2,128,4,2048,1024,32,32,32x16,850.800,11,2
g32.moe    tp2,128,4,2048,1024,32,32,32x32,848.998,11,2
g32.moe    tp2,128,4,2048,1024,32,32,32x64,851.085,11,2
g32.moe    tp2,128,4,2048,1024,32,32,32x96,850.356,11,2
g32.moe    tp2,128,4,2048,1024,32,32,32x128,849.427,11,2
g32.moe    tp2,128,4,2048,1024,32,32,32x192,852.947,11,2
g32.moe    tp2,128,4,2048,1024,32,32,32x256,851.680,11,2
g32.moe    tp2,128,4,2048,1024,32,32,64x16,2125.993,4,2
g32.moe    tp2,128,4,2048,1024,32,32,64x32,2096.913,4,2
g32.moe    tp2,128,4,2048,1024,32,32,64x64,2087.097,4,2
g32.moe    tp2,128,4,2048,1024,32,32,64x96,2103.038,4,2
g32.moe    tp2,128,4,2048,1024,32,32,64x128,2107.403,4,2
g32.moe    tp2,128,4,2048,1024,32,32,64x192,2105.897,4,2
g32.moe    tp2,128,4,2048,1024,32,32,64x256,2102.878,4,2
g32.moe    tp2,128,4,2048,1024,32,32,128x16,1674.578,6,2
g32.moe    tp2,128,4,2048,1024,32,32,128x32,1687.286,5,2
g32.moe    tp2,128,4,2048,1024,32,32,128x64,1703.638,5,2
g32.moe    tp2,128,4,2048,1024,32,32,128x96,1706.686,5,2
g32.moe    tp2,128,4,2048,1024,32,32,128x128,1712.274,5,2
g32.moe    tp2,128,4,2048,1024,32,32,128x192,1708.502,5,2
g32.moe    tp2,128,4,2048,1024,32,32,128x256,1711.914,5,2
g32.moe    tp2,128,4,2048,1024,32,64,16x16,3858.762,2,2
g32.moe    tp2,128,4,2048,1024,32,64,16x32,3428.307,2,2
g32.moe    tp2,128,4,2048,1024,32,64,16x64,3191.368,3,2
g32.moe    tp2,128,4,2048,1024,32,64,16x96,2906.845,3,2
g32.moe    tp2,128,4,2048,1024,32,64,16x128,6206.957,2,2
g32.moe    tp2,128,4,2048,1024,32,64,16x192,2213.019,4,2
g32.moe    tp2,128,4,2048,1024,32,64,16x256,1892.032,5,2
g32.moe    tp2,128,4,2048,1024,32,64,32x16,2597.981,3,2
g32.moe    tp2,128,4,2048,1024,32,64,32x32,3133.621,3,2
g32.moe    tp2,128,4,2048,1024,32,64,32x64,2772.497,3,2
g32.moe    tp2,128,4,2048,1024,32,64,32x96,2202.084,4,2
g32.moe    tp2,128,4,2048,1024,32,64,32x128,4944.034,2,2
g32.moe    tp2,128,4,2048,1024,32,64,32x192,1504.550,6,2
g32.moe    tp2,128,4,2048,1024,32,64,32x256,1377.792,7,2
g32.moe    tp2,128,4,2048,1024,32,64,64x16,3313.626,2,2
g32.moe    tp2,128,4,2048,1024,32,64,64x32,3142.934,3,2
g32.moe    tp2,128,4,2048,1024,32,64,64x64,2978.092,3,2
g32.moe    tp2,128,4,2048,1024,32,64,64x96,2947.825,3,2
g32.moe    tp2,128,4,2048,1024,32,64,64x128,2963.925,3,2
g32.moe    tp2,128,4,2048,1024,32,64,64x192,3039.306,3,2
g32.moe    tp2,128,4,2048,1024,32,64,64x256,3150.974,3,2
g32.moe    tp2,128,4,2048,1024,32,64,128x16,2502.652,4,2
g32.moe    tp2,128,4,2048,1024,32,64,128x32,2499.554,3,2
g32.moe    tp2,128,4,2048,1024,32,64,128x64,2496.041,3,2
g32.moe    tp2,128,4,2048,1024,32,64,128x96,2497.520,3,2
g32.moe    tp2,128,4,2048,1024,32,64,128x128,2496.367,3,2
g32.moe    tp2,128,4,2048,1024,32,64,128x192,2495.814,3,2
g32.moe    tp2,128,4,2048,1024,32,64,128x256,2490.127,3,2
g32.moe    tp2,128,4,2048,1024,32,256,16x16,4324.027,2,2
g32.moe    tp2,128,4,2048,1024,32,256,16x32,3732.181,2,2
g32.moe    tp2,128,4,2048,1024,32,256,16x64,3544.909,2,2
g32.moe    tp2,128,4,2048,1024,32,256,16x96,3274.116,3,2
g32.moe    tp2,128,4,2048,1024,32,256,16x128,6938.956,2,2
g32.moe    tp2,128,4,2048,1024,32,256,16x192,2472.521,3,2
g32.moe    tp2,128,4,2048,1024,32,256,16x256,2382.346,4,2
g32.moe    tp2,128,4,2048,1024,32,256,32x16,2894.998,3,2
g32.moe    tp2,128,4,2048,1024,32,256,32x32,3362.117,2,2
g32.moe    tp2,128,4,2048,1024,32,256,32x64,2979.919,3,2
g32.moe    tp2,128,4,2048,1024,32,256,32x96,2465.707,3,2
g32.moe    tp2,128,4,2048,1024,32,256,32x128,5557.051,2,2
g32.moe    tp2,128,4,2048,1024,32,256,32x192,1697.195,5,2
g32.moe    tp2,128,4,2048,1024,32,256,32x256,1581.997,6,2
g32.moe    tp2,128,4,2048,1024,32,256,64x16,4072.975,2,2
g32.moe    tp2,128,4,2048,1024,32,256,64x32,3515.668,2,2
g32.moe    tp2,128,4,2048,1024,32,256,64x64,3372.217,2,2
g32.moe    tp2,128,4,2048,1024,32,256,64x96,3344.507,2,2
g32.moe    tp2,128,4,2048,1024,32,256,64x128,3321.067,2,2
g32.moe    tp2,128,4,2048,1024,32,256,64x192,3400.807,2,2
g32.moe    tp2,128,4,2048,1024,32,256,64x256,3601.499,2,2
g32.moe    tp2,128,4,2048,1024,32,256,128x16,2764.937,3,2
g32.moe    tp2,128,4,2048,1024,32,256,128x32,2769.277,3,2
g32.moe    tp2,128,4,2048,1024,32,256,128x64,2771.591,3,2
g32.moe    tp2,128,4,2048,1024,32,256,128x96,2770.064,3,2
g32.moe    tp2,128,4,2048,1024,32,256,128x128,2731.710,3,2
g32.moe    tp2,128,4,2048,1024,32,256,128x192,2778.844,3,2
g32.moe    tp2,128,4,2048,1024,32,256,128x256,2771.871,3,2
g32.moe    tp2,128,4,2048,1024,32,1024,16x16,5378.379,2,2
g32.moe    tp2,128,4,2048,1024,32,1024,16x32,5532.151,2,2
g32.moe    tp2,128,4,2048,1024,32,1024,16x64,6704.894,2,2
g32.moe    tp2,128,4,2048,1024,32,1024,16x96,7385.872,2,2
g32.moe    tp2,128,4,2048,1024,32,1024,16x128,14955.196,2,2
g32.moe    tp2,128,4,2048,1024,32,1024,16x192,5298.359,2,2
g32.moe    tp2,128,4,2048,1024,32,1024,16x256,5228.308,2,2
g32.moe    tp2,128,4,2048,1024,32,1024,32x16,3959.394,2,2
g32.moe    tp2,128,4,2048,1024,32,1024,32x32,3267.096,2,2
g32.moe    tp2,128,4,2048,1024,32,1024,32x64,3589.300,2,2
g32.moe    tp2,128,4,2048,1024,32,1024,32x96,3357.517,2,2
g32.moe    tp2,128,4,2048,1024,32,1024,32x128,7448.953,2,2
g32.moe    tp2,128,4,2048,1024,32,1024,32x192,2502.555,3,2
g32.moe    tp2,128,4,2048,1024,32,1024,32x256,2413.687,4,2
g32.moe    tp2,128,4,2048,1024,32,1024,64x16,4013.414,2,2
g32.moe    tp2,128,4,2048,1024,32,1024,64x32,3549.359,2,2
g32.moe    tp2,128,4,2048,1024,32,1024,64x64,3368.917,2,2
g32.moe    tp2,128,4,2048,1024,32,1024,64x96,3336.737,2,2
g32.moe    tp2,128,4,2048,1024,32,1024,64x128,3410.378,2,2
g32.moe    tp2,128,4,2048,1024,32,1024,64x192,3416.188,2,2
g32.moe    tp2,128,4,2048,1024,32,1024,64x256,3612.690,2,2
g32.moe    tp2,128,4,2048,1024,32,1024,128x16,2966.553,3,2
g32.moe    tp2,128,4,2048,1024,32,1024,128x32,2965.147,3,2
g32.moe    tp2,128,4,2048,1024,32,1024,128x64,2967.173,3,2
g32.moe    tp2,128,4,2048,1024,32,1024,128x96,2957.893,3,2
g32.moe    tp2,128,4,2048,1024,32,1024,128x128,2956.073,3,2
g32.moe    tp2,128,4,2048,1024,32,1024,128x192,2962.286,3,2
g32.moe    tp2,128,4,2048,1024,32,1024,128x256,2959.413,3,2
narrowN    tp2,64,4,1024,512,128,1,16x16,38.682,20,5
narrowN    tp2,64,4,1024,512,128,1,16x32,37.757,20,5
narrowN    tp2,64,4,1024,512,128,1,16x64,37.240,20,5
narrowN    tp2,64,4,1024,512,128,1,16x96,41.259,20,5
narrowN    tp2,64,4,1024,512,128,1,16x128,39.202,20,5
narrowN    tp2,64,4,1024,512,128,1,16x192,40.967,20,5
narrowN    tp2,64,4,1024,512,128,1,16x256,42.997,20,5
narrowN    tp2,64,4,1024,512,128,1,32x16,39.599,20,5
narrowN    tp2,64,4,1024,512,128,1,32x32,37.876,20,5
narrowN    tp2,64,4,1024,512,128,1,32x64,40.940,20,5
narrowN    tp2,64,4,1024,512,128,1,32x96,39.497,20,5
narrowN    tp2,64,4,1024,512,128,1,32x128,38.090,20,5
narrowN    tp2,64,4,1024,512,128,1,32x192,39.046,20,5
narrowN    tp2,64,4,1024,512,128,1,32x256,40.412,20,5
narrowN    tp2,64,4,1024,512,128,1,64x16,73.130,20,5
narrowN    tp2,64,4,1024,512,128,1,64x32,77.731,20,5
narrowN    tp2,64,4,1024,512,128,1,64x64,70.361,20,5
narrowN    tp2,64,4,1024,512,128,1,64x96,72.081,20,5
narrowN    tp2,64,4,1024,512,128,1,64x128,71.296,20,5
narrowN    tp2,64,4,1024,512,128,1,64x192,72.650,20,5
narrowN    tp2,64,4,1024,512,128,1,64x256,74.127,20,5
narrowN    tp2,64,4,1024,512,128,1,128x16,78.237,20,5
narrowN    tp2,64,4,1024,512,128,1,128x32,72.854,20,5
narrowN    tp2,64,4,1024,512,128,1,128x64,69.255,20,5
narrowN    tp2,64,4,1024,512,128,1,128x96,71.044,20,5
narrowN    tp2,64,4,1024,512,128,1,128x128,73.760,20,5
narrowN    tp2,64,4,1024,512,128,1,128x192,89.013,20,5
narrowN    tp2,64,4,1024,512,128,1,128x256,87.008,20,5
narrowN    tp2,64,4,1024,512,128,2,16x16,43.942,20,5
narrowN    tp2,64,4,1024,512,128,2,16x32,44.182,20,5
narrowN    tp2,64,4,1024,512,128,2,16x64,50.425,20,5
narrowN    tp2,64,4,1024,512,128,2,16x96,55.010,20,5
narrowN    tp2,64,4,1024,512,128,2,16x128,48.339,20,5
narrowN    tp2,64,4,1024,512,128,2,16x192,55.546,20,5
narrowN    tp2,64,4,1024,512,128,2,16x256,60.299,20,5
narrowN    tp2,64,4,1024,512,128,2,32x16,53.180,20,5
narrowN    tp2,64,4,1024,512,128,2,32x32,53.569,20,5
narrowN    tp2,64,4,1024,512,128,2,32x64,57.037,20,5
narrowN    tp2,64,4,1024,512,128,2,32x96,58.263,20,5
narrowN    tp2,64,4,1024,512,128,2,32x128,55.449,20,5
narrowN    tp2,64,4,1024,512,128,2,32x192,60.761,20,5
narrowN    tp2,64,4,1024,512,128,2,32x256,62.271,20,5
narrowN    tp2,64,4,1024,512,128,2,64x16,76.094,20,5
narrowN    tp2,64,4,1024,512,128,2,64x32,75.990,20,5
narrowN    tp2,64,4,1024,512,128,2,64x64,80.007,20,5
narrowN    tp2,64,4,1024,512,128,2,64x96,77.936,20,5
narrowN    tp2,64,4,1024,512,128,2,64x128,78.720,20,5
narrowN    tp2,64,4,1024,512,128,2,64x192,83.652,20,5
narrowN    tp2,64,4,1024,512,128,2,64x256,86.330,20,5
narrowN    tp2,64,4,1024,512,128,2,128x16,80.903,20,5
narrowN    tp2,64,4,1024,512,128,2,128x32,79.510,20,5
narrowN    tp2,64,4,1024,512,128,2,128x64,81.835,20,5
narrowN    tp2,64,4,1024,512,128,2,128x96,80.668,20,5
narrowN    tp2,64,4,1024,512,128,2,128x128,81.752,20,5
narrowN    tp2,64,4,1024,512,128,2,128x192,109.384,20,5
narrowN    tp2,64,4,1024,512,128,2,128x256,137.746,20,5
narrowN    tp2,64,4,1024,512,128,8,16x16,99.192,20,5
narrowN    tp2,64,4,1024,512,128,8,16x32,99.144,20,5
narrowN    tp2,64,4,1024,512,128,8,16x64,99.029,20,5
narrowN    tp2,64,4,1024,512,128,8,16x96,99.468,20,5
narrowN    tp2,64,4,1024,512,128,8,16x128,99.611,20,5
narrowN    tp2,64,4,1024,512,128,8,16x192,99.358,20,5
narrowN    tp2,64,4,1024,512,128,8,16x256,98.987,20,5
narrowN    tp2,64,4,1024,512,128,8,32x16,103.126,20,5
narrowN    tp2,64,4,1024,512,128,8,32x32,102.913,20,5
narrowN    tp2,64,4,1024,512,128,8,32x64,103.340,20,5
narrowN    tp2,64,4,1024,512,128,8,32x96,103.553,20,5
narrowN    tp2,64,4,1024,512,128,8,32x128,103.849,20,5
narrowN    tp2,64,4,1024,512,128,8,32x192,102.760,20,5
narrowN    tp2,64,4,1024,512,128,8,32x256,103.322,20,5
narrowN    tp2,64,4,1024,512,128,8,64x16,144.803,20,5
narrowN    tp2,64,4,1024,512,128,8,64x32,147.014,20,5
narrowN    tp2,64,4,1024,512,128,8,64x64,145.866,20,5
narrowN    tp2,64,4,1024,512,128,8,64x96,145.616,20,5
narrowN    tp2,64,4,1024,512,128,8,64x128,146.662,20,5
narrowN    tp2,64,4,1024,512,128,8,64x192,147.478,20,5
narrowN    tp2,64,4,1024,512,128,8,64x256,147.423,20,5
narrowN    tp2,64,4,1024,512,128,8,128x16,187.968,20,5
narrowN    tp2,64,4,1024,512,128,8,128x32,187.959,20,5
narrowN    tp2,64,4,1024,512,128,8,128x64,188.385,20,5
narrowN    tp2,64,4,1024,512,128,8,128x96,187.778,20,5
narrowN    tp2,64,4,1024,512,128,8,128x128,187.698,20,5
narrowN    tp2,64,4,1024,512,128,8,128x192,188.018,20,5
narrowN    tp2,64,4,1024,512,128,8,128x256,187.718,20,5
narrowN    tp2,64,4,1024,512,128,32,16x16,205.285,18,5
narrowN    tp2,64,4,1024,512,128,32,16x32,204.845,18,5
narrowN    tp2,64,4,1024,512,128,32,16x64,205.655,18,5
narrowN    tp2,64,4,1024,512,128,32,16x96,206.507,18,5
narrowN    tp2,64,4,1024,512,128,32,16x128,208.517,18,5
narrowN    tp2,64,4,1024,512,128,32,16x192,209.837,18,5
narrowN    tp2,64,4,1024,512,128,32,16x256,209.463,18,5
narrowN    tp2,64,4,1024,512,128,32,32x16,237.226,16,5
narrowN    tp2,64,4,1024,512,128,32,32x32,237.397,16,5
narrowN    tp2,64,4,1024,512,128,32,32x64,238.698,16,5
narrowN    tp2,64,4,1024,512,128,32,32x96,237.904,16,5
narrowN    tp2,64,4,1024,512,128,32,32x128,237.635,16,5
narrowN    tp2,64,4,1024,512,128,32,32x192,238.125,16,5
narrowN    tp2,64,4,1024,512,128,32,32x256,237.553,16,5
narrowN    tp2,64,4,1024,512,128,32,64x16,246.424,15,5
narrowN    tp2,64,4,1024,512,128,32,64x32,246.924,15,5
narrowN    tp2,64,4,1024,512,128,32,64x64,250.404,15,5
narrowN    tp2,64,4,1024,512,128,32,64x96,247.432,15,5
narrowN    tp2,64,4,1024,512,128,32,64x128,249.701,15,5
narrowN    tp2,64,4,1024,512,128,32,64x192,245.615,15,5
narrowN    tp2,64,4,1024,512,128,32,64x256,245.548,15,5
narrowN    tp2,64,4,1024,512,128,32,128x16,328.844,11,5
narrowN    tp2,64,4,1024,512,128,32,128x32,329.234,11,5
narrowN    tp2,64,4,1024,512,128,32,128x64,328.749,11,5
narrowN    tp2,64,4,1024,512,128,32,128x96,329.024,11,5
narrowN    tp2,64,4,1024,512,128,32,128x128,329.087,11,5
narrowN    tp2,64,4,1024,512,128,32,128x192,329.096,11,5
narrowN    tp2,64,4,1024,512,128,32,128x256,330.178,11,5
narrowN    tp2,64,4,1024,512,128,64,16x16,593.239,6,5
narrowN    tp2,64,4,1024,512,128,64,16x32,770.554,5,5
narrowN    tp2,64,4,1024,512,128,64,16x64,644.733,6,5
narrowN    tp2,64,4,1024,512,128,64,16x96,561.250,6,5
narrowN    tp2,64,4,1024,512,128,64,16x128,747.077,5,5
narrowN    tp2,64,4,1024,512,128,64,16x192,445.850,8,5
narrowN    tp2,64,4,1024,512,128,64,32x16,454.711,8,5
narrowN    tp2,64,4,1024,512,128,64,32x32,523.977,7,5
narrowN    tp2,64,4,1024,512,128,64,32x64,435.296,9,5
narrowN    tp2,64,4,1024,512,128,64,32x96,361.078,10,5
narrowN    tp2,64,4,1024,512,128,64,32x128,520.799,7,5
narrowN    tp2,64,4,1024,512,128,64,32x192,278.996,13,5
narrowN    tp2,64,4,1024,512,128,64,64x16,270.361,14,5
narrowN    tp2,64,4,1024,512,128,64,64x32,274.175,14,5
narrowN    tp2,64,4,1024,512,128,64,64x64,285.555,13,5
narrowN    tp2,64,4,1024,512,128,64,64x96,278.825,13,5
narrowN    tp2,64,4,1024,512,128,64,64x128,276.804,14,5
narrowN    tp2,64,4,1024,512,128,64,64x192,273.635,14,5
narrowN    tp2,64,4,1024,512,128,64,64x256,288.193,13,5
narrowN    tp2,64,4,1024,512,128,64,128x16,364.878,10,5
narrowN    tp2,64,4,1024,512,128,64,128x32,367.649,10,5
narrowN    tp2,64,4,1024,512,128,64,128x64,367.983,10,5
narrowN    tp2,64,4,1024,512,128,64,128x96,369.983,10,5
narrowN    tp2,64,4,1024,512,128,64,128x128,370.419,10,5
narrowN    tp2,64,4,1024,512,128,64,128x192,369.975,10,5
narrowN    tp2,64,4,1024,512,128,64,128x256,369.139,10,5
narrowN    tp2,64,4,1024,512,128,256,16x16,865.900,4,5
narrowN    tp2,64,4,1024,512,128,256,16x32,1114.578,3,5
narrowN    tp2,64,4,1024,512,128,256,16x64,962.993,4,5
narrowN    tp2,64,4,1024,512,128,256,16x96,824.215,4,5
narrowN    tp2,64,4,1024,512,128,256,16x128,1025.374,3,5
narrowN    tp2,64,4,1024,512,128,256,16x192,707.227,5,5
narrowN    tp2,64,4,1024,512,128,256,32x16,490.538,8,5
narrowN    tp2,64,4,1024,512,128,256,32x32,576.201,6,5
narrowN    tp2,64,4,1024,512,128,256,32x64,497.333,7,5
narrowN    tp2,64,4,1024,512,128,256,32x96,409.802,9,5
narrowN    tp2,64,4,1024,512,128,256,32x128,576.312,6,5
narrowN    tp2,64,4,1024,512,128,256,32x192,321.731,12,5
narrowN    tp2,64,4,1024,512,128,256,64x16,315.376,12,5
narrowN    tp2,64,4,1024,512,128,256,64x32,319.536,12,5
narrowN    tp2,64,4,1024,512,128,256,64x64,330.183,11,5
narrowN    tp2,64,4,1024,512,128,256,64x96,323.343,11,5
narrowN    tp2,64,4,1024,512,128,256,64x128,321.046,12,5
narrowN    tp2,64,4,1024,512,128,256,64x192,318.890,12,5
narrowN    tp2,64,4,1024,512,128,256,64x256,333.623,11,5
narrowN    tp2,64,4,1024,512,128,256,128x16,412.101,9,5
narrowN    tp2,64,4,1024,512,128,256,128x32,414.567,9,5
narrowN    tp2,64,4,1024,512,128,256,128x64,415.042,9,5
narrowN    tp2,64,4,1024,512,128,256,128x96,415.787,9,5
narrowN    tp2,64,4,1024,512,128,256,128x128,416.960,9,5
narrowN    tp2,64,4,1024,512,128,256,128x192,415.732,9,5
narrowN    tp2,64,4,1024,512,128,256,128x256,414.990,9,5
narrowN    tp2,64,4,1024,512,128,1024,16x16,2457.128,2,5
narrowN    tp2,64,4,1024,512,128,1024,16x32,3115.184,2,5
narrowN    tp2,64,4,1024,512,128,1024,16x64,2660.154,2,5
narrowN    tp2,64,4,1024,512,128,1024,16x96,2229.210,2,5
narrowN    tp2,64,4,1024,512,128,1024,16x128,3265.858,2,5
narrowN    tp2,64,4,1024,512,128,1024,16x192,1841.253,2,5
narrowN    tp2,64,4,1024,512,128,1024,32x16,1013.662,3,5
narrowN    tp2,64,4,1024,512,128,1024,32x32,1182.851,3,5
narrowN    tp2,64,4,1024,512,128,1024,32x64,980.109,4,5
narrowN    tp2,64,4,1024,512,128,1024,32x96,786.353,5,5
narrowN    tp2,64,4,1024,512,128,1024,32x128,1180.800,3,5
narrowN    tp2,64,4,1024,512,128,1024,32x192,658.027,5,5
narrowN    tp2,64,4,1024,512,128,1024,64x16,454.575,8,5
narrowN    tp2,64,4,1024,512,128,1024,64x32,462.089,8,5
narrowN    tp2,64,4,1024,512,128,1024,64x64,470.574,8,5
narrowN    tp2,64,4,1024,512,128,1024,64x96,463.232,8,5
narrowN    tp2,64,4,1024,512,128,1024,64x128,455.854,8,5
narrowN    tp2,64,4,1024,512,128,1024,64x192,457.887,8,5
narrowN    tp2,64,4,1024,512,128,1024,64x256,485.860,8,5
narrowN    tp2,64,4,1024,512,128,1024,128x16,483.118,8,5
narrowN    tp2,64,4,1024,512,128,1024,128x32,490.989,8,5
narrowN    tp2,64,4,1024,512,128,1024,128x64,483.938,8,5
narrowN    tp2,64,4,1024,512,128,1024,128x96,489.615,8,5
narrowN    tp2,64,4,1024,512,128,1024,128x128,484.702,8,5
narrowN    tp2,64,4,1024,512,128,1024,128x192,484.168,8,5
narrowN    tp2,64,4,1024,512,128,1024,128x256,482.996,8,5
