"Correlation_Id","Dispatch_Id","Agent_Id","Queue_Id","Process_Id","Thread_Id","Grid_Size","Kernel_Id","Kernel_Name","Workgroup_Size","LDS_Block_Size","Scratch_Size","VGPR_Count","Accum_VGPR_Count","SGPR_Count","Counter_Name","Counter_Value","Start_Timestamp","End_Timestamp"
1,1,"Agent 1",1,72,72,256,3,"__amd_rocclr_fillBufferAligned",256,0,0,16,0,128,"SQ_BUSY_CYCLES",16727.000000,365372394475713,365372394483913
1,1,"Agent 1",1,72,72,256,3,"__amd_rocclr_fillBufferAligned",256,0,0,16,0,128,"SQ_INST_CYCLES_VMEM",0.00000000e+00,365372394475713,365372394483913
1,1,"Agent 1",1,72,72,256,3,"__amd_rocclr_fillBufferAligned",256,0,0,16,0,128,"SQ_WAIT_ANY",0.00000000e+00,365372394475713,365372394483913
1,1,"Agent 1",1,72,72,256,3,"__amd_rocclr_fillBufferAligned",256,0,0,16,0,128,"SQ_WAIT_INST_ANY",0.00000000e+00,365372394475713,365372394483913
1,1,"Agent 1",1,72,72,256,3,"__amd_rocclr_fillBufferAligned",256,0,0,16,0,128,"SQ_WAVE_CYCLES",0.00000000e+00,365372394475713,365372394483913
1,1,"Agent 1",1,72,72,256,3,"__amd_rocclr_fillBufferAligned",256,0,0,16,0,128,"SQ_INST_CYCLES_VALU",0.00000000e+00,365372394475713,365372394483913
2,2,"Agent 1",1,72,72,256,3,"__amd_rocclr_fillBufferAligned",256,0,0,16,0,128,"SQ_BUSY_CYCLES",57905.000000,365372394560286,365372394564446
2,2,"Agent 1",1,72,72,256,3,"__amd_rocclr_fillBufferAligned",256,0,0,16,0,128,"SQ_INST_CYCLES_VMEM",0.00000000e+00,365372394560286,365372394564446
2,2,"Agent 1",1,72,72,256,3,"__amd_rocclr_fillBufferAligned",256,0,0,16,0,128,"SQ_WAIT_ANY",0.00000000e+00,365372394560286,365372394564446
2,2,"Agent 1",1,72,72,256,3,"__amd_rocclr_fillBufferAligned",256,0,0,16,0,128,"SQ_WAIT_INST_ANY",0.00000000e+00,365372394560286,365372394564446
2,2,"Agent 1",1,72,72,256,3,"__amd_rocclr_fillBufferAligned",256,0,0,16,0,128,"SQ_WAVE_CYCLES",0.00000000e+00,365372394560286,365372394564446
2,2,"Agent 1",1,72,72,256,3,"__amd_rocclr_fillBufferAligned",256,0,0,16,0,128,"SQ_INST_CYCLES_VALU",0.00000000e+00,365372394560286,365372394564446
3,3,"Agent 1",1,72,72,512,3,"__amd_rocclr_fillBufferAligned",256,0,0,16,0,128,"SQ_BUSY_CYCLES",126241.000000,365372394650687,365372394654407
3,3,"Agent 1",1,72,72,512,3,"__amd_rocclr_fillBufferAligned",256,0,0,16,0,128,"SQ_INST_CYCLES_VMEM",0.00000000e+00,365372394650687,365372394654407
3,3,"Agent 1",1,72,72,512,3,"__amd_rocclr_fillBufferAligned",256,0,0,16,0,128,"SQ_WAIT_ANY",0.00000000e+00,365372394650687,365372394654407
3,3,"Agent 1",1,72,72,512,3,"__amd_rocclr_fillBufferAligned",256,0,0,16,0,128,"SQ_WAIT_INST_ANY",0.00000000e+00,365372394650687,365372394654407
3,3,"Agent 1",1,72,72,512,3,"__amd_rocclr_fillBufferAligned",256,0,0,16,0,128,"SQ_WAVE_CYCLES",0.00000000e+00,365372394650687,365372394654407
3,3,"Agent 1",1,72,72,512,3,"__amd_rocclr_fillBufferAligned",256,0,0,16,0,128,"SQ_INST_CYCLES_VALU",0.00000000e+00,365372394650687,365372394654407
4,4,"Agent 1",1,72,72,8192,3,"__amd_rocclr_fillBufferAligned",256,0,0,16,0,128,"SQ_BUSY_CYCLES",1131535.000000,365372394744631,365372394772872
4,4,"Agent 1",1,72,72,8192,3,"__amd_rocclr_fillBufferAligned",256,0,0,16,0,128,"SQ_INST_CYCLES_VMEM",0.00000000e+00,365372394744631,365372394772872
4,4,"Agent 1",1,72,72,8192,3,"__amd_rocclr_fillBufferAligned",256,0,0,16,0,128,"SQ_WAIT_ANY",0.00000000e+00,365372394744631,365372394772872
4,4,"Agent 1",1,72,72,8192,3,"__amd_rocclr_fillBufferAligned",256,0,0,16,0,128,"SQ_WAIT_INST_ANY",0.00000000e+00,365372394744631,365372394772872
4,4,"Agent 1",1,72,72,8192,3,"__amd_rocclr_fillBufferAligned",256,0,0,16,0,128,"SQ_WAVE_CYCLES",0.00000000e+00,365372394744631,365372394772872
4,4,"Agent 1",1,72,72,8192,3,"__amd_rocclr_fillBufferAligned",256,0,0,16,0,128,"SQ_INST_CYCLES_VALU",0.00000000e+00,365372394744631,365372394772872
5,5,"Agent 1",1,72,72,1024,3,"__amd_rocclr_fillBufferAligned",256,0,0,16,0,128,"SQ_BUSY_CYCLES",1187008.000000,365372394837160,365372394840440
5,5,"Agent 1",1,72,72,1024,3,"__amd_rocclr_fillBufferAligned",256,0,0,16,0,128,"SQ_INST_CYCLES_VMEM",0.00000000e+00,365372394837160,365372394840440
5,5,"Agent 1",1,72,72,1024,3,"__amd_rocclr_fillBufferAligned",256,0,0,16,0,128,"SQ_WAIT_ANY",0.00000000e+00,365372394837160,365372394840440
5,5,"Agent 1",1,72,72,1024,3,"__amd_rocclr_fillBufferAligned",256,0,0,16,0,128,"SQ_WAIT_INST_ANY",0.00000000e+00,365372394837160,365372394840440
5,5,"Agent 1",1,72,72,1024,3,"__amd_rocclr_fillBufferAligned",256,0,0,16,0,128,"SQ_WAVE_CYCLES",0.00000000e+00,365372394837160,365372394840440
5,5,"Agent 1",1,72,72,1024,3,"__amd_rocclr_fillBufferAligned",256,0,0,16,0,128,"SQ_INST_CYCLES_VALU",0.00000000e+00,365372394837160,365372394840440
6,6,"Agent 1",1,72,72,8192,3,"__amd_rocclr_fillBufferAligned",256,0,0,16,0,128,"SQ_BUSY_CYCLES",2382112.000000,365372394917459,365372394929539
6,6,"Agent 1",1,72,72,8192,3,"__amd_rocclr_fillBufferAligned",256,0,0,16,0,128,"SQ_INST_CYCLES_VMEM",0.00000000e+00,365372394917459,365372394929539
6,6,"Agent 1",1,72,72,8192,3,"__amd_rocclr_fillBufferAligned",256,0,0,16,0,128,"SQ_WAIT_ANY",0.00000000e+00,365372394917459,365372394929539
6,6,"Agent 1",1,72,72,8192,3,"__amd_rocclr_fillBufferAligned",256,0,0,16,0,128,"SQ_WAIT_INST_ANY",0.00000000e+00,365372394917459,365372394929539
6,6,"Agent 1",1,72,72,8192,3,"__amd_rocclr_fillBufferAligned",256,0,0,16,0,128,"SQ_WAVE_CYCLES",0.00000000e+00,365372394917459,365372394929539
6,6,"Agent 1",1,72,72,8192,3,"__amd_rocclr_fillBufferAligned",256,0,0,16,0,128,"SQ_INST_CYCLES_VALU",0.00000000e+00,365372394917459,365372394929539
7,7,"Agent 1",1,72,72,8192,3,"__amd_rocclr_fillBufferAligned",256,0,0,16,0,128,"SQ_BUSY_CYCLES",969504.000000,365372394984419,365372394987339
7,7,"Agent 1",1,72,72,8192,3,"__amd_rocclr_fillBufferAligned",256,0,0,16,0,128,"SQ_INST_CYCLES_VMEM",0.00000000e+00,365372394984419,365372394987339
7,7,"Agent 1",1,72,72,8192,3,"__amd_rocclr_fillBufferAligned",256,0,0,16,0,128,"SQ_WAIT_ANY",0.00000000e+00,365372394984419,365372394987339
7,7,"Agent 1",1,72,72,8192,3,"__amd_rocclr_fillBufferAligned",256,0,0,16,0,128,"SQ_WAIT_INST_ANY",0.00000000e+00,365372394984419,365372394987339
7,7,"Agent 1",1,72,72,8192,3,"__amd_rocclr_fillBufferAligned",256,0,0,16,0,128,"SQ_WAVE_CYCLES",0.00000000e+00,365372394984419,365372394987339
7,7,"Agent 1",1,72,72,8192,3,"__amd_rocclr_fillBufferAligned",256,0,0,16,0,128,"SQ_INST_CYCLES_VALU",0.00000000e+00,365372394984419,365372394987339
8,8,"Agent 1",1,72,72,131072,20,"void gemv_decode::gemv_decode_core<__hip_bfloat16, gemv_decode::Fp8DenseGemvLoader, false, false, false, 8, 8, 1, false>(unsigned char const*, float const*, gemv_decode::Fp8DenseGemvLoader::WT const*, gemv_decode::Fp8DenseGemvLoader::WScaleT const*, int const*, int const*, int const*, int const*, __hip_bfloat16*, float*, float const*, int, int, int, int, int, int, int, int, bool)",256,512,0,48,0,128,"SQ_BUSY_CYCLES",30868832.000000,365372396031581,365372396363744
8,8,"Agent 1",1,72,72,131072,20,"void gemv_decode::gemv_decode_core<__hip_bfloat16, gemv_decode::Fp8DenseGemvLoader, false, false, false, 8, 8, 1, false>(unsigned char const*, float const*, gemv_decode::Fp8DenseGemvLoader::WT const*, gemv_decode::Fp8DenseGemvLoader::WScaleT const*, int const*, int const*, int const*, int const*, __hip_bfloat16*, float*, float const*, int, int, int, int, int, int, int, int, bool)",256,512,0,48,0,128,"SQ_INST_CYCLES_VMEM",0.00000000e+00,365372396031581,365372396363744
8,8,"Agent 1",1,72,72,131072,20,"void gemv_decode::gemv_decode_core<__hip_bfloat16, gemv_decode::Fp8DenseGemvLoader, false, false, false, 8, 8, 1, false>(unsigned char const*, float const*, gemv_decode::Fp8DenseGemvLoader::WT const*, gemv_decode::Fp8DenseGemvLoader::WScaleT const*, int const*, int const*, int const*, int const*, __hip_bfloat16*, float*, float const*, int, int, int, int, int, int, int, int, bool)",256,512,0,48,0,128,"SQ_WAIT_ANY",0.00000000e+00,365372396031581,365372396363744
8,8,"Agent 1",1,72,72,131072,20,"void gemv_decode::gemv_decode_core<__hip_bfloat16, gemv_decode::Fp8DenseGemvLoader, false, false, false, 8, 8, 1, false>(unsigned char const*, float const*, gemv_decode::Fp8DenseGemvLoader::WT const*, gemv_decode::Fp8DenseGemvLoader::WScaleT const*, int const*, int const*, int const*, int const*, __hip_bfloat16*, float*, float const*, int, int, int, int, int, int, int, int, bool)",256,512,0,48,0,128,"SQ_WAIT_INST_ANY",0.00000000e+00,365372396031581,365372396363744
8,8,"Agent 1",1,72,72,131072,20,"void gemv_decode::gemv_decode_core<__hip_bfloat16, gemv_decode::Fp8DenseGemvLoader, false, false, false, 8, 8, 1, false>(unsigned char const*, float const*, gemv_decode::Fp8DenseGemvLoader::WT const*, gemv_decode::Fp8DenseGemvLoader::WScaleT const*, int const*, int const*, int const*, int const*, __hip_bfloat16*, float*, float const*, int, int, int, int, int, int, int, int, bool)",256,512,0,48,0,128,"SQ_WAVE_CYCLES",0.00000000e+00,365372396031581,365372396363744
8,8,"Agent 1",1,72,72,131072,20,"void gemv_decode::gemv_decode_core<__hip_bfloat16, gemv_decode::Fp8DenseGemvLoader, false, false, false, 8, 8, 1, false>(unsigned char const*, float const*, gemv_decode::Fp8DenseGemvLoader::WT const*, gemv_decode::Fp8DenseGemvLoader::WScaleT const*, int const*, int const*, int const*, int const*, __hip_bfloat16*, float*, float const*, int, int, int, int, int, int, int, int, bool)",256,512,0,48,0,128,"SQ_INST_CYCLES_VALU",0.00000000e+00,365372396031581,365372396363744
9,9,"Agent 1",1,72,72,65536,19,"void gemv_decode::gemv_decode_core<__hip_bfloat16, gemv_decode::Int4Fp8GemvLoader, false, false, false, 16, 1, 2, false>(unsigned char const*, float const*, gemv_decode::Int4Fp8GemvLoader::WT const*, gemv_decode::Int4Fp8GemvLoader::WScaleT const*, int const*, int const*, int const*, int const*, __hip_bfloat16*, float*, float const*, int, int, int, int, int, int, int, int, bool)",512,512,0,88,0,128,"SQ_BUSY_CYCLES",17786624.000000,365372396416715,365372396606836
9,9,"Agent 1",1,72,72,65536,19,"void gemv_decode::gemv_decode_core<__hip_bfloat16, gemv_decode::Int4Fp8GemvLoader, false, false, false, 16, 1, 2, false>(unsigned char const*, float const*, gemv_decode::Int4Fp8GemvLoader::WT const*, gemv_decode::Int4Fp8GemvLoader::WScaleT const*, int const*, int const*, int const*, int const*, __hip_bfloat16*, float*, float const*, int, int, int, int, int, int, int, int, bool)",512,512,0,88,0,128,"SQ_INST_CYCLES_VMEM",0.00000000e+00,365372396416715,365372396606836
9,9,"Agent 1",1,72,72,65536,19,"void gemv_decode::gemv_decode_core<__hip_bfloat16, gemv_decode::Int4Fp8GemvLoader, false, false, false, 16, 1, 2, false>(unsigned char const*, float const*, gemv_decode::Int4Fp8GemvLoader::WT const*, gemv_decode::Int4Fp8GemvLoader::WScaleT const*, int const*, int const*, int const*, int const*, __hip_bfloat16*, float*, float const*, int, int, int, int, int, int, int, int, bool)",512,512,0,88,0,128,"SQ_WAIT_ANY",0.00000000e+00,365372396416715,365372396606836
9,9,"Agent 1",1,72,72,65536,19,"void gemv_decode::gemv_decode_core<__hip_bfloat16, gemv_decode::Int4Fp8GemvLoader, false, false, false, 16, 1, 2, false>(unsigned char const*, float const*, gemv_decode::Int4Fp8GemvLoader::WT const*, gemv_decode::Int4Fp8GemvLoader::WScaleT const*, int const*, int const*, int const*, int const*, __hip_bfloat16*, float*, float const*, int, int, int, int, int, int, int, int, bool)",512,512,0,88,0,128,"SQ_WAIT_INST_ANY",0.00000000e+00,365372396416715,365372396606836
9,9,"Agent 1",1,72,72,65536,19,"void gemv_decode::gemv_decode_core<__hip_bfloat16, gemv_decode::Int4Fp8GemvLoader, false, false, false, 16, 1, 2, false>(unsigned char const*, float const*, gemv_decode::Int4Fp8GemvLoader::WT const*, gemv_decode::Int4Fp8GemvLoader::WScaleT const*, int const*, int const*, int const*, int const*, __hip_bfloat16*, float*, float const*, int, int, int, int, int, int, int, int, bool)",512,512,0,88,0,128,"SQ_WAVE_CYCLES",0.00000000e+00,365372396416715,365372396606836
9,9,"Agent 1",1,72,72,65536,19,"void gemv_decode::gemv_decode_core<__hip_bfloat16, gemv_decode::Int4Fp8GemvLoader, false, false, false, 16, 1, 2, false>(unsigned char const*, float const*, gemv_decode::Int4Fp8GemvLoader::WT const*, gemv_decode::Int4Fp8GemvLoader::WScaleT const*, int const*, int const*, int const*, int const*, __hip_bfloat16*, float*, float const*, int, int, int, int, int, int, int, int, bool)",512,512,0,88,0,128,"SQ_INST_CYCLES_VALU",0.00000000e+00,365372396416715,365372396606836
10,10,"Agent 1",1,72,72,131072,20,"void gemv_decode::gemv_decode_core<__hip_bfloat16, gemv_decode::Fp8DenseGemvLoader, false, false, false, 8, 8, 1, false>(unsigned char const*, float const*, gemv_decode::Fp8DenseGemvLoader::WT const*, gemv_decode::Fp8DenseGemvLoader::WScaleT const*, int const*, int const*, int const*, int const*, __hip_bfloat16*, float*, float const*, int, int, int, int, int, int, int, int, bool)",256,512,0,48,0,128,"SQ_BUSY_CYCLES",7884746.000000,365372396697541,365372396778462
10,10,"Agent 1",1,72,72,131072,20,"void gemv_decode::gemv_decode_core<__hip_bfloat16, gemv_decode::Fp8DenseGemvLoader, false, false, false, 8, 8, 1, false>(unsigned char const*, float const*, gemv_decode::Fp8DenseGemvLoader::WT const*, gemv_decode::Fp8DenseGemvLoader::WScaleT const*, int const*, int const*, int const*, int const*, __hip_bfloat16*, float*, float const*, int, int, int, int, int, int, int, int, bool)",256,512,0,48,0,128,"SQ_INST_CYCLES_VMEM",0.00000000e+00,365372396697541,365372396778462
10,10,"Agent 1",1,72,72,131072,20,"void gemv_decode::gemv_decode_core<__hip_bfloat16, gemv_decode::Fp8DenseGemvLoader, false, false, false, 8, 8, 1, false>(unsigned char const*, float const*, gemv_decode::Fp8DenseGemvLoader::WT const*, gemv_decode::Fp8DenseGemvLoader::WScaleT const*, int const*, int const*, int const*, int const*, __hip_bfloat16*, float*, float const*, int, int, int, int, int, int, int, int, bool)",256,512,0,48,0,128,"SQ_WAIT_ANY",0.00000000e+00,365372396697541,365372396778462
10,10,"Agent 1",1,72,72,131072,20,"void gemv_decode::gemv_decode_core<__hip_bfloat16, gemv_decode::Fp8DenseGemvLoader, false, false, false, 8, 8, 1, false>(unsigned char const*, float const*, gemv_decode::Fp8DenseGemvLoader::WT const*, gemv_decode::Fp8DenseGemvLoader::WScaleT const*, int const*, int const*, int const*, int const*, __hip_bfloat16*, float*, float const*, int, int, int, int, int, int, int, int, bool)",256,512,0,48,0,128,"SQ_WAIT_INST_ANY",0.00000000e+00,365372396697541,365372396778462
10,10,"Agent 1",1,72,72,131072,20,"void gemv_decode::gemv_decode_core<__hip_bfloat16, gemv_decode::Fp8DenseGemvLoader, false, false, false, 8, 8, 1, false>(unsigned char const*, float const*, gemv_decode::Fp8DenseGemvLoader::WT const*, gemv_decode::Fp8DenseGemvLoader::WScaleT const*, int const*, int const*, int const*, int const*, __hip_bfloat16*, float*, float const*, int, int, int, int, int, int, int, int, bool)",256,512,0,48,0,128,"SQ_WAVE_CYCLES",0.00000000e+00,365372396697541,365372396778462
10,10,"Agent 1",1,72,72,131072,20,"void gemv_decode::gemv_decode_core<__hip_bfloat16, gemv_decode::Fp8DenseGemvLoader, false, false, false, 8, 8, 1, false>(unsigned char const*, float const*, gemv_decode::Fp8DenseGemvLoader::WT const*, gemv_decode::Fp8DenseGemvLoader::WScaleT const*, int const*, int const*, int const*, int const*, __hip_bfloat16*, float*, float const*, int, int, int, int, int, int, int, int, bool)",256,512,0,48,0,128,"SQ_INST_CYCLES_VALU",0.00000000e+00,365372396697541,365372396778462
11,11,"Agent 1",1,72,72,131072,20,"void gemv_decode::gemv_decode_core<__hip_bfloat16, gemv_decode::Fp8DenseGemvLoader, false, false, false, 8, 8, 1, false>(unsigned char const*, float const*, gemv_decode::Fp8DenseGemvLoader::WT const*, gemv_decode::Fp8DenseGemvLoader::WScaleT const*, int const*, int const*, int const*, int const*, __hip_bfloat16*, float*, float const*, int, int, int, int, int, int, int, int, bool)",256,512,0,48,0,128,"SQ_BUSY_CYCLES",2644576.000000,365372396830886,365372396853886
11,11,"Agent 1",1,72,72,131072,20,"void gemv_decode::gemv_decode_core<__hip_bfloat16, gemv_decode::Fp8DenseGemvLoader, false, false, false, 8, 8, 1, false>(unsigned char const*, float const*, gemv_decode::Fp8DenseGemvLoader::WT const*, gemv_decode::Fp8DenseGemvLoader::WScaleT const*, int const*, int const*, int const*, int const*, __hip_bfloat16*, float*, float const*, int, int, int, int, int, int, int, int, bool)",256,512,0,48,0,128,"SQ_INST_CYCLES_VMEM",0.00000000e+00,365372396830886,365372396853886
11,11,"Agent 1",1,72,72,131072,20,"void gemv_decode::gemv_decode_core<__hip_bfloat16, gemv_decode::Fp8DenseGemvLoader, false, false, false, 8, 8, 1, false>(unsigned char const*, float const*, gemv_decode::Fp8DenseGemvLoader::WT const*, gemv_decode::Fp8DenseGemvLoader::WScaleT const*, int const*, int const*, int const*, int const*, __hip_bfloat16*, float*, float const*, int, int, int, int, int, int, int, int, bool)",256,512,0,48,0,128,"SQ_WAIT_ANY",0.00000000e+00,365372396830886,365372396853886
11,11,"Agent 1",1,72,72,131072,20,"void gemv_decode::gemv_decode_core<__hip_bfloat16, gemv_decode::Fp8DenseGemvLoader, false, false, false, 8, 8, 1, false>(unsigned char const*, float const*, gemv_decode::Fp8DenseGemvLoader::WT const*, gemv_decode::Fp8DenseGemvLoader::WScaleT const*, int const*, int const*, int const*, int const*, __hip_bfloat16*, float*, float const*, int, int, int, int, int, int, int, int, bool)",256,512,0,48,0,128,"SQ_WAIT_INST_ANY",0.00000000e+00,365372396830886,365372396853886
11,11,"Agent 1",1,72,72,131072,20,"void gemv_decode::gemv_decode_core<__hip_bfloat16, gemv_decode::Fp8DenseGemvLoader, false, false, false, 8, 8, 1, false>(unsigned char const*, float const*, gemv_decode::Fp8DenseGemvLoader::WT const*, gemv_decode::Fp8DenseGemvLoader::WScaleT const*, int const*, int const*, int const*, int const*, __hip_bfloat16*, float*, float const*, int, int, int, int, int, int, int, int, bool)",256,512,0,48,0,128,"SQ_WAVE_CYCLES",0.00000000e+00,365372396830886,365372396853886
11,11,"Agent 1",1,72,72,131072,20,"void gemv_decode::gemv_decode_core<__hip_bfloat16, gemv_decode::Fp8DenseGemvLoader, false, false, false, 8, 8, 1, false>(unsigned char const*, float const*, gemv_decode::Fp8DenseGemvLoader::WT const*, gemv_decode::Fp8DenseGemvLoader::WScaleT const*, int const*, int const*, int const*, int const*, __hip_bfloat16*, float*, float const*, int, int, int, int, int, int, int, int, bool)",256,512,0,48,0,128,"SQ_INST_CYCLES_VALU",0.00000000e+00,365372396830886,365372396853886
12,12,"Agent 1",1,72,72,131072,20,"void gemv_decode::gemv_decode_core<__hip_bfloat16, gemv_decode::Fp8DenseGemvLoader, false, false, false, 8, 8, 1, false>(unsigned char const*, float const*, gemv_decode::Fp8DenseGemvLoader::WT const*, gemv_decode::Fp8DenseGemvLoader::WScaleT const*, int const*, int const*, int const*, int const*, __hip_bfloat16*, float*, float const*, int, int, int, int, int, int, int, int, bool)",256,512,0,48,0,128,"SQ_BUSY_CYCLES",2587524.000000,365372396907430,365372396930030
12,12,"Agent 1",1,72,72,131072,20,"void gemv_decode::gemv_decode_core<__hip_bfloat16, gemv_decode::Fp8DenseGemvLoader, false, false, false, 8, 8, 1, false>(unsigned char const*, float const*, gemv_decode::Fp8DenseGemvLoader::WT const*, gemv_decode::Fp8DenseGemvLoader::WScaleT const*, int const*, int const*, int const*, int const*, __hip_bfloat16*, float*, float const*, int, int, int, int, int, int, int, int, bool)",256,512,0,48,0,128,"SQ_INST_CYCLES_VMEM",0.00000000e+00,365372396907430,365372396930030
12,12,"Agent 1",1,72,72,131072,20,"void gemv_decode::gemv_decode_core<__hip_bfloat16, gemv_decode::Fp8DenseGemvLoader, false, false, false, 8, 8, 1, false>(unsigned char const*, float const*, gemv_decode::Fp8DenseGemvLoader::WT const*, gemv_decode::Fp8DenseGemvLoader::WScaleT const*, int const*, int const*, int const*, int const*, __hip_bfloat16*, float*, float const*, int, int, int, int, int, int, int, int, bool)",256,512,0,48,0,128,"SQ_WAIT_ANY",0.00000000e+00,365372396907430,365372396930030
12,12,"Agent 1",1,72,72,131072,20,"void gemv_decode::gemv_decode_core<__hip_bfloat16, gemv_decode::Fp8DenseGemvLoader, false, false, false, 8, 8, 1, false>(unsigned char const*, float const*, gemv_decode::Fp8DenseGemvLoader::WT const*, gemv_decode::Fp8DenseGemvLoader::WScaleT const*, int const*, int const*, int const*, int const*, __hip_bfloat16*, float*, float const*, int, int, int, int, int, int, int, int, bool)",256,512,0,48,0,128,"SQ_WAIT_INST_ANY",0.00000000e+00,365372396907430,365372396930030
12,12,"Agent 1",1,72,72,131072,20,"void gemv_decode::gemv_decode_core<__hip_bfloat16, gemv_decode::Fp8DenseGemvLoader, false, false, false, 8, 8, 1, false>(unsigned char const*, float const*, gemv_decode::Fp8DenseGemvLoader::WT const*, gemv_decode::Fp8DenseGemvLoader::WScaleT const*, int const*, int const*, int const*, int const*, __hip_bfloat16*, float*, float const*, int, int, int, int, int, int, int, int, bool)",256,512,0,48,0,128,"SQ_WAVE_CYCLES",0.00000000e+00,365372396907430,365372396930030
12,12,"Agent 1",1,72,72,131072,20,"void gemv_decode::gemv_decode_core<__hip_bfloat16, gemv_decode::Fp8DenseGemvLoader, false, false, false, 8, 8, 1, false>(unsigned char const*, float const*, gemv_decode::Fp8DenseGemvLoader::WT const*, gemv_decode::Fp8DenseGemvLoader::WScaleT const*, int const*, int const*, int const*, int const*, __hip_bfloat16*, float*, float const*, int, int, int, int, int, int, int, int, bool)",256,512,0,48,0,128,"SQ_INST_CYCLES_VALU",0.00000000e+00,365372396907430,365372396930030
13,13,"Agent 1",1,72,72,65536,19,"void gemv_decode::gemv_decode_core<__hip_bfloat16, gemv_decode::Int4Fp8GemvLoader, false, false, false, 16, 1, 2, false>(unsigned char const*, float const*, gemv_decode::Int4Fp8GemvLoader::WT const*, gemv_decode::Int4Fp8GemvLoader::WScaleT const*, int const*, int const*, int const*, int const*, __hip_bfloat16*, float*, float const*, int, int, int, int, int, int, int, int, bool)",512,512,0,88,0,128,"SQ_BUSY_CYCLES",1990240.000000,365372396980245,365372396995965
13,13,"Agent 1",1,72,72,65536,19,"void gemv_decode::gemv_decode_core<__hip_bfloat16, gemv_decode::Int4Fp8GemvLoader, false, false, false, 16, 1, 2, false>(unsigned char const*, float const*, gemv_decode::Int4Fp8GemvLoader::WT const*, gemv_decode::Int4Fp8GemvLoader::WScaleT const*, int const*, int const*, int const*, int const*, __hip_bfloat16*, float*, float const*, int, int, int, int, int, int, int, int, bool)",512,512,0,88,0,128,"SQ_INST_CYCLES_VMEM",0.00000000e+00,365372396980245,365372396995965
13,13,"Agent 1",1,72,72,65536,19,"void gemv_decode::gemv_decode_core<__hip_bfloat16, gemv_decode::Int4Fp8GemvLoader, false, false, false, 16, 1, 2, false>(unsigned char const*, float const*, gemv_decode::Int4Fp8GemvLoader::WT const*, gemv_decode::Int4Fp8GemvLoader::WScaleT const*, int const*, int const*, int const*, int const*, __hip_bfloat16*, float*, float const*, int, int, int, int, int, int, int, int, bool)",512,512,0,88,0,128,"SQ_WAIT_ANY",0.00000000e+00,365372396980245,365372396995965
13,13,"Agent 1",1,72,72,65536,19,"void gemv_decode::gemv_decode_core<__hip_bfloat16, gemv_decode::Int4Fp8GemvLoader, false, false, false, 16, 1, 2, false>(unsigned char const*, float const*, gemv_decode::Int4Fp8GemvLoader::WT const*, gemv_decode::Int4Fp8GemvLoader::WScaleT const*, int const*, int const*, int const*, int const*, __hip_bfloat16*, float*, float const*, int, int, int, int, int, int, int, int, bool)",512,512,0,88,0,128,"SQ_WAIT_INST_ANY",0.00000000e+00,365372396980245,365372396995965
13,13,"Agent 1",1,72,72,65536,19,"void gemv_decode::gemv_decode_core<__hip_bfloat16, gemv_decode::Int4Fp8GemvLoader, false, false, false, 16, 1, 2, false>(unsigned char const*, float const*, gemv_decode::Int4Fp8GemvLoader::WT const*, gemv_decode::Int4Fp8GemvLoader::WScaleT const*, int const*, int const*, int const*, int const*, __hip_bfloat16*, float*, float const*, int, int, int, int, int, int, int, int, bool)",512,512,0,88,0,128,"SQ_WAVE_CYCLES",0.00000000e+00,365372396980245,365372396995965
13,13,"Agent 1",1,72,72,65536,19,"void gemv_decode::gemv_decode_core<__hip_bfloat16, gemv_decode::Int4Fp8GemvLoader, false, false, false, 16, 1, 2, false>(unsigned char const*, float const*, gemv_decode::Int4Fp8GemvLoader::WT const*, gemv_decode::Int4Fp8GemvLoader::WScaleT const*, int const*, int const*, int const*, int const*, __hip_bfloat16*, float*, float const*, int, int, int, int, int, int, int, int, bool)",512,512,0,88,0,128,"SQ_INST_CYCLES_VALU",0.00000000e+00,365372396980245,365372396995965
14,14,"Agent 1",1,72,72,65536,19,"void gemv_decode::gemv_decode_core<__hip_bfloat16, gemv_decode::Int4Fp8GemvLoader, false, false, false, 16, 1, 2, false>(unsigned char const*, float const*, gemv_decode::Int4Fp8GemvLoader::WT const*, gemv_decode::Int4Fp8GemvLoader::WScaleT const*, int const*, int const*, int const*, int const*, __hip_bfloat16*, float*, float const*, int, int, int, int, int, int, int, int, bool)",512,512,0,88,0,128,"SQ_BUSY_CYCLES",1993984.000000,365372397053464,365372397069064
14,14,"Agent 1",1,72,72,65536,19,"void gemv_decode::gemv_decode_core<__hip_bfloat16, gemv_decode::Int4Fp8GemvLoader, false, false, false, 16, 1, 2, false>(unsigned char const*, float const*, gemv_decode::Int4Fp8GemvLoader::WT const*, gemv_decode::Int4Fp8GemvLoader::WScaleT const*, int const*, int const*, int const*, int const*, __hip_bfloat16*, float*, float const*, int, int, int, int, int, int, int, int, bool)",512,512,0,88,0,128,"SQ_INST_CYCLES_VMEM",0.00000000e+00,365372397053464,365372397069064
14,14,"Agent 1",1,72,72,65536,19,"void gemv_decode::gemv_decode_core<__hip_bfloat16, gemv_decode::Int4Fp8GemvLoader, false, false, false, 16, 1, 2, false>(unsigned char const*, float const*, gemv_decode::Int4Fp8GemvLoader::WT const*, gemv_decode::Int4Fp8GemvLoader::WScaleT const*, int const*, int const*, int const*, int const*, __hip_bfloat16*, float*, float const*, int, int, int, int, int, int, int, int, bool)",512,512,0,88,0,128,"SQ_WAIT_ANY",0.00000000e+00,365372397053464,365372397069064
14,14,"Agent 1",1,72,72,65536,19,"void gemv_decode::gemv_decode_core<__hip_bfloat16, gemv_decode::Int4Fp8GemvLoader, false, false, false, 16, 1, 2, false>(unsigned char const*, float const*, gemv_decode::Int4Fp8GemvLoader::WT const*, gemv_decode::Int4Fp8GemvLoader::WScaleT const*, int const*, int const*, int const*, int const*, __hip_bfloat16*, float*, float const*, int, int, int, int, int, int, int, int, bool)",512,512,0,88,0,128,"SQ_WAIT_INST_ANY",0.00000000e+00,365372397053464,365372397069064
14,14,"Agent 1",1,72,72,65536,19,"void gemv_decode::gemv_decode_core<__hip_bfloat16, gemv_decode::Int4Fp8GemvLoader, false, false, false, 16, 1, 2, false>(unsigned char const*, float const*, gemv_decode::Int4Fp8GemvLoader::WT const*, gemv_decode::Int4Fp8GemvLoader::WScaleT const*, int const*, int const*, int const*, int const*, __hip_bfloat16*, float*, float const*, int, int, int, int, int, int, int, int, bool)",512,512,0,88,0,128,"SQ_WAVE_CYCLES",0.00000000e+00,365372397053464,365372397069064
14,14,"Agent 1",1,72,72,65536,19,"void gemv_decode::gemv_decode_core<__hip_bfloat16, gemv_decode::Int4Fp8GemvLoader, false, false, false, 16, 1, 2, false>(unsigned char const*, float const*, gemv_decode::Int4Fp8GemvLoader::WT const*, gemv_decode::Int4Fp8GemvLoader::WScaleT const*, int const*, int const*, int const*, int const*, __hip_bfloat16*, float*, float const*, int, int, int, int, int, int, int, int, bool)",512,512,0,88,0,128,"SQ_INST_CYCLES_VALU",0.00000000e+00,365372397053464,365372397069064
15,15,"Agent 1",1,72,72,65536,19,"void gemv_decode::gemv_decode_core<__hip_bfloat16, gemv_decode::Int4Fp8GemvLoader, false, false, false, 16, 1, 2, false>(unsigned char const*, float const*, gemv_decode::Int4Fp8GemvLoader::WT const*, gemv_decode::Int4Fp8GemvLoader::WScaleT const*, int const*, int const*, int const*, int const*, __hip_bfloat16*, float*, float const*, int, int, int, int, int, int, int, int, bool)",512,512,0,88,0,128,"SQ_BUSY_CYCLES",1984054.000000,365372397120200,365372397135961
15,15,"Agent 1",1,72,72,65536,19,"void gemv_decode::gemv_decode_core<__hip_bfloat16, gemv_decode::Int4Fp8GemvLoader, false, false, false, 16, 1, 2, false>(unsigned char const*, float const*, gemv_decode::Int4Fp8GemvLoader::WT const*, gemv_decode::Int4Fp8GemvLoader::WScaleT const*, int const*, int const*, int const*, int const*, __hip_bfloat16*, float*, float const*, int, int, int, int, int, int, int, int, bool)",512,512,0,88,0,128,"SQ_INST_CYCLES_VMEM",0.00000000e+00,365372397120200,365372397135961
15,15,"Agent 1",1,72,72,65536,19,"void gemv_decode::gemv_decode_core<__hip_bfloat16, gemv_decode::Int4Fp8GemvLoader, false, false, false, 16, 1, 2, false>(unsigned char const*, float const*, gemv_decode::Int4Fp8GemvLoader::WT const*, gemv_decode::Int4Fp8GemvLoader::WScaleT const*, int const*, int const*, int const*, int const*, __hip_bfloat16*, float*, float const*, int, int, int, int, int, int, int, int, bool)",512,512,0,88,0,128,"SQ_WAIT_ANY",0.00000000e+00,365372397120200,365372397135961
15,15,"Agent 1",1,72,72,65536,19,"void gemv_decode::gemv_decode_core<__hip_bfloat16, gemv_decode::Int4Fp8GemvLoader, false, false, false, 16, 1, 2, false>(unsigned char const*, float const*, gemv_decode::Int4Fp8GemvLoader::WT const*, gemv_decode::Int4Fp8GemvLoader::WScaleT const*, int const*, int const*, int const*, int const*, __hip_bfloat16*, float*, float const*, int, int, int, int, int, int, int, int, bool)",512,512,0,88,0,128,"SQ_WAIT_INST_ANY",0.00000000e+00,365372397120200,365372397135961
15,15,"Agent 1",1,72,72,65536,19,"void gemv_decode::gemv_decode_core<__hip_bfloat16, gemv_decode::Int4Fp8GemvLoader, false, false, false, 16, 1, 2, false>(unsigned char const*, float const*, gemv_decode::Int4Fp8GemvLoader::WT const*, gemv_decode::Int4Fp8GemvLoader::WScaleT const*, int const*, int const*, int const*, int const*, __hip_bfloat16*, float*, float const*, int, int, int, int, int, int, int, int, bool)",512,512,0,88,0,128,"SQ_WAVE_CYCLES",0.00000000e+00,365372397120200,365372397135961
15,15,"Agent 1",1,72,72,65536,19,"void gemv_decode::gemv_decode_core<__hip_bfloat16, gemv_decode::Int4Fp8GemvLoader, false, false, false, 16, 1, 2, false>(unsigned char const*, float const*, gemv_decode::Int4Fp8GemvLoader::WT const*, gemv_decode::Int4Fp8GemvLoader::WScaleT const*, int const*, int const*, int const*, int const*, __hip_bfloat16*, float*, float const*, int, int, int, int, int, int, int, int, bool)",512,512,0,88,0,128,"SQ_INST_CYCLES_VALU",0.00000000e+00,365372397120200,365372397135961
