"Domain","Function","Process_Id","Thread_Id","Correlation_Id","Start_Timestamp","End_Timestamp"
"MARKER_CONTROL_API","roctxProfilerResume",37,37,1424,371139271317791,371139271319735
"MARKER_CORE_RANGE_API","Sampler",37,37,1427,371139332882650,371139334886197
"MARKER_CORE_RANGE_API","Sampler",37,37,1426,371139332877580,371139334889954
"MARKER_CORE_RANGE_API","normal_step#200",37,37,1425,371139271877074,371139335045289
"MARKER_CORE_RANGE_API","Sampler",37,37,1430,371139393049141,371139395019125
"MARKER_CORE_RANGE_API","Sampler",37,37,1429,371139393044342,371139395023242
"MARKER_CORE_RANGE_API","normal_step#201",37,37,1428,371139335051601,371139395179970
"MARKER_CORE_RANGE_API","Sampler",37,37,1433,371139453052673,371139455201556
"MARKER_CORE_RANGE_API","Sampler",37,37,1432,371139453047914,371139455205424
"MARKER_CORE_RANGE_API","normal_step#202",37,37,1431,371139395187144,371139455363203
"MARKER_CORE_RANGE_API","Sampler",37,37,1436,371139513988697,371139516031248
"MARKER_CORE_RANGE_API","Sampler",37,37,1435,371139513980952,371139516036037
"MARKER_CORE_RANGE_API","normal_step#203",37,37,1434,371139455369405,371139516262628
"MARKER_CORE_RANGE_API","Sampler",37,37,1439,371139575199773,371139577391518
"MARKER_CORE_RANGE_API","Sampler",37,37,1438,371139575186247,371139577400134
"MARKER_CORE_RANGE_API","normal_step#204",37,37,1437,371139516271515,371139577876149
"MARKER_CORE_RANGE_API","Sampler",37,37,1442,371139639199108,371139641002124
"MARKER_CORE_RANGE_API","Sampler",37,37,1441,371139639190562,371139641007835
"MARKER_CORE_RANGE_API","normal_step#205",37,37,1440,371139577886659,371139641247200
"MARKER_CORE_RANGE_API","Sampler",37,37,1445,371139700036594,371139702072764
"MARKER_CORE_RANGE_API","Sampler",37,37,1444,371139700029210,371139702078404
"MARKER_CORE_RANGE_API","normal_step#206",37,37,1443,371139641256207,371139702297250
"MARKER_CORE_RANGE_API","Sampler",37,37,1448,371139761037992,371139763272769
"MARKER_CORE_RANGE_API","Sampler",37,37,1447,371139761028324,371139763278109
"MARKER_CORE_RANGE_API","normal_step#207",37,37,1446,371139702307490,371139763480383
"MARKER_CORE_RANGE_API","Sampler",37,37,1451,371139821557935,371139823683254
"MARKER_CORE_RANGE_API","Sampler",37,37,1450,371139821552445,371139823687111
"MARKER_CORE_RANGE_API","normal_step#208",37,37,1449,371139763489501,371139823872854
"MARKER_CORE_RANGE_API","Sampler",37,37,1454,371139882399199,371139884385503
"MARKER_CORE_RANGE_API","Sampler",37,37,1453,371139882392747,371139884389571
"MARKER_CORE_RANGE_API","normal_step#209",37,37,1452,371139823880589,371139884604139
"MARKER_CORE_RANGE_API","Sampler",37,37,1457,371139943102581,371139944858828
"MARKER_CORE_RANGE_API","Sampler",37,37,1456,371139943097701,371139944862946
"MARKER_CORE_RANGE_API","normal_step#210",37,37,1455,371139884613036,371139945029011
"MARKER_CORE_RANGE_API","Sampler",37,37,1460,371140003220149,371140005283390
"MARKER_CORE_RANGE_API","Sampler",37,37,1459,371140003214839,371140005287217
"MARKER_CORE_RANGE_API","normal_step#211",37,37,1458,371139945035744,371140005455417
"MARKER_CORE_RANGE_API","Sampler",37,37,1463,371140063828170,371140065610506
"MARKER_CORE_RANGE_API","Sampler",37,37,1462,371140063823681,371140065615045
"MARKER_CORE_RANGE_API","normal_step#212",37,37,1461,371140005461909,371140065791260
"MARKER_CORE_RANGE_API","Sampler",37,37,1466,371140123987598,371140126003328
"MARKER_CORE_RANGE_API","Sampler",37,37,1465,371140123982819,371140126007476
"MARKER_CORE_RANGE_API","normal_step#213",37,37,1464,371140065840363,371140126164324
"MARKER_CORE_RANGE_API","Sampler",37,37,1469,371140184414564,371140186567275
"MARKER_CORE_RANGE_API","Sampler",37,37,1468,371140184410627,371140186571743
"MARKER_CORE_RANGE_API","normal_step#214",37,37,1467,371140126172489,371140186725375
"MARKER_CORE_RANGE_API","Sampler",37,37,1472,371140245157180,371140247064384
"MARKER_CORE_RANGE_API","Sampler",37,37,1471,371140245152261,371140247068933
"MARKER_CORE_RANGE_API","normal_step#215",37,37,1470,371140186731357,371140247232935
"MARKER_CORE_RANGE_API","Sampler",37,37,1475,371140305272685,371140307274699
"MARKER_CORE_RANGE_API","Sampler",37,37,1474,371140305267866,371140307278677
"MARKER_CORE_RANGE_API","normal_step#216",37,37,1473,371140247239477,371140307441797
"MARKER_CORE_RANGE_API","Sampler",37,37,1478,371140365839437,371140367824930
"MARKER_CORE_RANGE_API","Sampler",37,37,1477,371140365833646,371140367829198
"MARKER_CORE_RANGE_API","normal_step#217",37,37,1476,371140307447678,371140368036582
"MARKER_CORE_RANGE_API","Sampler",37,37,1481,371140426617711,371140428395800
"MARKER_CORE_RANGE_API","Sampler",37,37,1480,371140426611970,371140428400288
"MARKER_CORE_RANGE_API","normal_step#218",37,37,1479,371140368045369,371140428604616
"MARKER_CORE_RANGE_API","Sampler",37,37,1484,371140486995834,371140489134398
"MARKER_CORE_RANGE_API","Sampler",37,37,1483,371140486990665,371140489139137
"MARKER_CORE_RANGE_API","normal_step#219",37,37,1482,371140428655984,371140489295875
"MARKER_CORE_RANGE_API","Sampler",37,37,1487,371140547324494,371140549141376
"MARKER_CORE_RANGE_API","Sampler",37,37,1486,371140547318793,371140549145815
"MARKER_CORE_RANGE_API","normal_step#220",37,37,1485,371140489302057,371140549324725
"MARKER_CORE_RANGE_API","Sampler",37,37,1490,371140608136662,371140610096777
"MARKER_CORE_RANGE_API","Sampler",37,37,1489,371140608128837,371140610101616
"MARKER_CORE_RANGE_API","normal_step#221",37,37,1488,371140549331257,371140610345590
"MARKER_CORE_RANGE_API","Sampler",37,37,1493,371140669106661,371140671254081
"MARKER_CORE_RANGE_API","Sampler",37,37,1492,371140669101240,371140671258299
"MARKER_CORE_RANGE_API","normal_step#222",37,37,1491,371140610354737,371140671441688
"MARKER_CORE_RANGE_API","Sampler",37,37,1496,371140729581899,371140731678062
"MARKER_CORE_RANGE_API","Sampler",37,37,1495,371140729575487,371140731682360
"MARKER_CORE_RANGE_API","normal_step#223",37,37,1494,371140671448952,371140731905655
"MARKER_CORE_RANGE_API","Sampler",37,37,1499,371140789841998,371140791976234
"MARKER_CORE_RANGE_API","Sampler",37,37,1498,371140789836337,371140791980502
"MARKER_CORE_RANGE_API","normal_step#224",37,37,1497,371140731913850,371140792169030
"MARKER_CORE_RANGE_API","Sampler",37,37,1502,371140850771199,371140852513810
"MARKER_CORE_RANGE_API","Sampler",37,37,1501,371140850766310,371140852518189
"MARKER_CORE_RANGE_API","normal_step#225",37,37,1500,371140792177246,371140852714181
"MARKER_CORE_RANGE_API","Sampler",37,37,1505,371140910948361,371140912892274
"MARKER_CORE_RANGE_API","Sampler",37,37,1504,371140910942860,371140912896422
"MARKER_CORE_RANGE_API","normal_step#226",37,37,1503,371140852721725,371140913075833
"MARKER_CORE_RANGE_API","Sampler",37,37,1508,371140971219902,371140972953807
"MARKER_CORE_RANGE_API","Sampler",37,37,1507,371140971214892,371140972957854
"MARKER_CORE_RANGE_API","normal_step#227",37,37,1506,371140913083728,371140973116676
"MARKER_CORE_RANGE_API","Sampler",37,37,1511,371141031811501,371141033607544
"MARKER_CORE_RANGE_API","Sampler",37,37,1510,371141031806251,371141033612052
"MARKER_CORE_RANGE_API","normal_step#228",37,37,1509,371140973123208,371141033797264
"MARKER_CORE_RANGE_API","Sampler",37,37,1514,371141092513079,371141094659287
"MARKER_CORE_RANGE_API","Sampler",37,37,1513,371141092506707,371141094664517
"MARKER_CORE_RANGE_API","normal_step#229",37,37,1512,371141033804708,371141094907830
"MARKER_CORE_RANGE_API","Sampler",37,37,1517,371141153136809,371141155305170
"MARKER_CORE_RANGE_API","Sampler",37,37,1516,371141153130197,371141155309488
"MARKER_CORE_RANGE_API","normal_step#230",37,37,1515,371141094917829,371141155505140
"MARKER_CORE_RANGE_API","Sampler",37,37,1520,371141213783463,371141215539149
"MARKER_CORE_RANGE_API","Sampler",37,37,1519,371141213775428,371141215543347
"MARKER_CORE_RANGE_API","normal_step#231",37,37,1518,371141155514808,371141215713160
"MARKER_CORE_RANGE_API","Sampler",37,37,1523,371141273987215,371141275748001
"MARKER_CORE_RANGE_API","Sampler",37,37,1522,371141273982667,371141275752159
"MARKER_CORE_RANGE_API","normal_step#232",37,37,1521,371141215720755,371141275915029
"MARKER_CORE_RANGE_API","Sampler",37,37,1526,371141334045902,371141335972082
"MARKER_CORE_RANGE_API","Sampler",37,37,1525,371141334040973,371141335976450
"MARKER_CORE_RANGE_API","normal_step#233",37,37,1524,371141275921331,371141336144740
"MARKER_CORE_RANGE_API","Sampler",37,37,1529,371141394053371,371141396162990
"MARKER_CORE_RANGE_API","Sampler",37,37,1528,371141394048031,371141396170003
"MARKER_CORE_RANGE_API","normal_step#234",37,37,1527,371141336151233,371141396349094
"MARKER_CORE_RANGE_API","Sampler",37,37,1532,371141454956312,371141456719352
"MARKER_CORE_RANGE_API","Sampler",37,37,1531,371141454949700,371141456723590
"MARKER_CORE_RANGE_API","normal_step#235",37,37,1530,371141396355275,371141456932467
"MARKER_CORE_RANGE_API","Sampler",37,37,1535,371141515474382,371141517231641
"MARKER_CORE_RANGE_API","Sampler",37,37,1534,371141515469362,371141517235067
"MARKER_CORE_RANGE_API","normal_step#236",37,37,1533,371141456940473,371141517372569
"MARKER_CORE_RANGE_API","Sampler",37,37,1538,371141575615866,371141578038289
"MARKER_CORE_RANGE_API","Sampler",37,37,1537,371141575607249,371141578044571
"MARKER_CORE_RANGE_API","normal_step#237",37,37,1536,371141517378139,371141578362645
"MARKER_CORE_RANGE_API","Sampler",37,37,1541,371141639085163,371141640873051
"MARKER_CORE_RANGE_API","Sampler",37,37,1540,371141639077338,371141640877449
"MARKER_CORE_RANGE_API","normal_step#238",37,37,1539,371141578377323,371141641120280
"MARKER_CORE_RANGE_API","Sampler",37,37,1544,371141708587245,371141710502153
"MARKER_CORE_RANGE_API","Sampler",37,37,1543,371141708579861,371141710507153
"MARKER_CORE_RANGE_API","normal_step#239",37,37,1542,371141641129688,371141710736809
"MARKER_CORE_RANGE_API","Sampler",37,37,1547,371141774848768,371141776885779
"MARKER_CORE_RANGE_API","Sampler",37,37,1546,371141774842316,371141776890498
"MARKER_CORE_RANGE_API","normal_step#240",37,37,1545,371141710745446,371141777324452
"MARKER_CORE_RANGE_API","Sampler",37,37,1550,371141857325545,371141859148769
"MARKER_CORE_RANGE_API","Sampler",37,37,1549,371141857318531,371141859154951
"MARKER_CORE_RANGE_API","normal_step#241",37,37,1548,371141777334752,371141859416097
"MARKER_CORE_RANGE_API","Sampler",37,37,1553,371141941974338,371141944080531
"MARKER_CORE_RANGE_API","Sampler",37,37,1552,371141941962055,371141944085390
"MARKER_CORE_RANGE_API","normal_step#242",37,37,1551,371141859426958,371141944343160
"MARKER_CORE_RANGE_API","Sampler",37,37,1556,371142007398511,371142009165799
"MARKER_CORE_RANGE_API","Sampler",37,37,1555,371142007391518,371142009169346
"MARKER_CORE_RANGE_API","normal_step#243",37,37,1554,371141944351816,371142009391448
"MARKER_CORE_RANGE_API","Sampler",37,37,1559,371142068373238,371142070227973
"MARKER_CORE_RANGE_API","Sampler",37,37,1558,371142068367317,371142070232040
"MARKER_CORE_RANGE_API","normal_step#244",37,37,1557,371142009400114,371142070424196
"MARKER_CORE_RANGE_API","Sampler",37,37,1562,371142128939910,371142130908842
"MARKER_CORE_RANGE_API","Sampler",37,37,1561,371142128934700,371142130912709
"MARKER_CORE_RANGE_API","normal_step#245",37,37,1560,371142070430608,371142131075769
"MARKER_CORE_RANGE_API","Sampler",37,37,1565,371142188878408,371142191225057
"MARKER_CORE_RANGE_API","Sampler",37,37,1564,371142188873629,371142191229015
"MARKER_CORE_RANGE_API","normal_step#246",37,37,1563,371142131083834,371142191385933
"MARKER_CORE_RANGE_API","Sampler",37,37,1568,371142249694214,371142251980258
"MARKER_CORE_RANGE_API","Sampler",37,37,1567,371142249688112,371142251984866
"MARKER_CORE_RANGE_API","normal_step#247",37,37,1566,371142191392646,371142252183985
"MARKER_CORE_RANGE_API","Sampler",37,37,1571,371142310680944,371142312657329
"MARKER_CORE_RANGE_API","Sampler",37,37,1570,371142310675653,371142312661187
"MARKER_CORE_RANGE_API","normal_step#248",37,37,1569,371142252192521,371142312829847
"MARKER_CORE_RANGE_API","Sampler",37,37,1574,371142371555801,371142373324793
"MARKER_CORE_RANGE_API","Sampler",37,37,1573,371142371549740,371142373329452
"MARKER_CORE_RANGE_API","normal_step#249",37,37,1572,371142312837111,371142373523681
"MARKER_CORE_RANGE_API","Sampler",37,37,1577,371142432343263,371142434109248
"MARKER_CORE_RANGE_API","Sampler",37,37,1576,371142432337081,371142434113436
"MARKER_CORE_RANGE_API","normal_step#250",37,37,1575,371142373531445,371142434311423
"MARKER_CORE_RANGE_API","Sampler",37,37,1580,371142492729321,371142494714744
"MARKER_CORE_RANGE_API","Sampler",37,37,1579,371142492724322,371142494720074
"MARKER_CORE_RANGE_API","normal_step#251",37,37,1578,371142434321652,371142494903853
"MARKER_CORE_RANGE_API","Sampler",37,37,1583,371142552983880,371142554915951
"MARKER_CORE_RANGE_API","Sampler",37,37,1582,371142552976496,371142554922133
"MARKER_CORE_RANGE_API","normal_step#252",37,37,1581,371142494911598,371142555193308
"MARKER_CORE_RANGE_API","Sampler",37,37,1586,371142615638880,371142617448970
"MARKER_CORE_RANGE_API","Sampler",37,37,1585,371142615630564,371142617453879
"MARKER_CORE_RANGE_API","normal_step#253",37,37,1584,371142555204660,371142617711248
"MARKER_CORE_RANGE_API","Sampler",37,37,1589,371142676754686,371142678957852
"MARKER_CORE_RANGE_API","Sampler",37,37,1588,371142676748263,371142678963182
"MARKER_CORE_RANGE_API","normal_step#254",37,37,1587,371142617721327,371142679214901
"MARKER_CORE_RANGE_API","Sampler",37,37,1592,371142737980390,371142739766534
"MARKER_CORE_RANGE_API","Sampler",37,37,1591,371142737954661,371142739770391
"MARKER_CORE_RANGE_API","normal_step#255",37,37,1590,371142679227304,371142739998735
"MARKER_CORE_RANGE_API","Sampler",37,37,1595,371142798682689,371142800596676
"MARKER_CORE_RANGE_API","Sampler",37,37,1594,371142798676788,371142800600664
"MARKER_CORE_RANGE_API","normal_step#256",37,37,1593,371142740006981,371142800795815
"MARKER_CORE_RANGE_API","Sampler",37,37,1598,371142859022570,371142860901491
"MARKER_CORE_RANGE_API","Sampler",37,37,1597,371142859014385,371142860907502
"MARKER_CORE_RANGE_API","normal_step#257",37,37,1596,371142800802938,371142861169249
"MARKER_CORE_RANGE_API","Sampler",37,37,1601,371142919829819,371142921846912
"MARKER_CORE_RANGE_API","Sampler",37,37,1600,371142919825661,371142921852793
"MARKER_CORE_RANGE_API","normal_step#258",37,37,1599,371142861178547,371142922029710
"MARKER_CORE_RANGE_API","Sampler",37,37,1604,371142980271484,371142982421128
"MARKER_CORE_RANGE_API","Sampler",37,37,1603,371142980266444,371142982425366
"MARKER_CORE_RANGE_API","normal_step#259",37,37,1602,371142922037294,371142982606491
"MARKER_CORE_RANGE_API","Sampler",37,37,1607,371143041439638,371143043282069
"MARKER_CORE_RANGE_API","Sampler",37,37,1606,371143041434489,371143043286237
"MARKER_CORE_RANGE_API","normal_step#260",37,37,1605,371142982613073,371143043460218
"MARKER_CORE_RANGE_API","Sampler",37,37,1610,371143102199527,371143103955354
"MARKER_CORE_RANGE_API","Sampler",37,37,1609,371143102195530,371143103959091
"MARKER_CORE_RANGE_API","normal_step#261",37,37,1608,371143043467111,371143104113925
"MARKER_CORE_RANGE_API","Sampler",37,37,1613,371143162058024,371143164398391
"MARKER_CORE_RANGE_API","Sampler",37,37,1612,371143162052543,371143164402909
"MARKER_CORE_RANGE_API","normal_step#262",37,37,1611,371143104120458,371143164562443
"MARKER_CORE_RANGE_API","Sampler",37,37,1616,371143222671134,371143224683858
"MARKER_CORE_RANGE_API","Sampler",37,37,1615,371143222665463,371143224687886
"MARKER_CORE_RANGE_API","normal_step#263",37,37,1614,371143164569867,371143224872547
"MARKER_CORE_RANGE_API","Sampler",37,37,1619,371143283040811,371143284784044
"MARKER_CORE_RANGE_API","Sampler",37,37,1618,371143283036182,371143284788232
"MARKER_CORE_RANGE_API","normal_step#264",37,37,1617,371143224879140,371143284951222
"MARKER_CORE_RANGE_API","Sampler",37,37,1622,371143343047649,371143344808465
"MARKER_CORE_RANGE_API","Sampler",37,37,1621,371143343042720,371143344812693
"MARKER_CORE_RANGE_API","normal_step#265",37,37,1620,371143284957453,371143344983738
"MARKER_CORE_RANGE_API","Sampler",37,37,1625,371143402946773,371143404983162
"MARKER_CORE_RANGE_API","Sampler",37,37,1624,371143402941192,371143404987140
"MARKER_CORE_RANGE_API","normal_step#266",37,37,1623,371143344991283,371143405157684
"MARKER_CORE_RANGE_API","Sampler",37,37,1628,371143463321450,371143465454172
"MARKER_CORE_RANGE_API","Sampler",37,37,1627,371143463316520,371143465458240
"MARKER_CORE_RANGE_API","normal_step#267",37,37,1626,371143405164427,371143465631119
"MARKER_CORE_RANGE_API","Sampler",37,37,1631,371143523824310,371143526131094
"MARKER_CORE_RANGE_API","Sampler",37,37,1630,371143523819351,371143526134841
"MARKER_CORE_RANGE_API","normal_step#268",37,37,1629,371143465639374,371143526288673
"MARKER_CORE_RANGE_API","Sampler",37,37,1634,371143584759372,371143586808967
"MARKER_CORE_RANGE_API","Sampler",37,37,1633,371143584751427,371143586813796
"MARKER_CORE_RANGE_API","normal_step#269",37,37,1632,371143526294965,371143587049664
"MARKER_CORE_RANGE_API","Sampler",37,37,1637,371143645849529,371143647883323
"MARKER_CORE_RANGE_API","Sampler",37,37,1636,371143645843427,371143647887361
"MARKER_CORE_RANGE_API","normal_step#270",37,37,1635,371143587058621,371143648096298
"MARKER_CORE_RANGE_API","Sampler",37,37,1640,371143707020589,371143709098838
"MARKER_CORE_RANGE_API","Sampler",37,37,1639,371143707009578,371143709104008
"MARKER_CORE_RANGE_API","normal_step#271",37,37,1638,371143648104434,371143709314538
"MARKER_CORE_RANGE_API","Sampler",37,37,1643,371143768019562,371143770221807
"MARKER_CORE_RANGE_API","Sampler",37,37,1642,371143768006277,371143770226857
"MARKER_CORE_RANGE_API","normal_step#272",37,37,1641,371143709323104,371143770494906
"MARKER_CORE_RANGE_API","Sampler",37,37,1646,371143828886044,371143830884482
"MARKER_CORE_RANGE_API","Sampler",37,37,1645,371143828880904,371143830888519
"MARKER_CORE_RANGE_API","normal_step#273",37,37,1644,371143770504404,371143831066097
"MARKER_CORE_RANGE_API","Sampler",37,37,1649,371143889826666,371143891560191
"MARKER_CORE_RANGE_API","Sampler",37,37,1648,371143889821196,371143891563978
"MARKER_CORE_RANGE_API","normal_step#274",37,37,1647,371143831073441,371143891725455
"MARKER_CORE_RANGE_API","Sampler",37,37,1652,371143950100091,371143951877128
"MARKER_CORE_RANGE_API","Sampler",37,37,1651,371143950095102,371143951881476
"MARKER_CORE_RANGE_API","normal_step#275",37,37,1650,371143891732418,371143952044476
"MARKER_CORE_RANGE_API","Sampler",37,37,1655,371144010342918,371144012330975
"MARKER_CORE_RANGE_API","Sampler",37,37,1654,371144010337698,371144012335464
"MARKER_CORE_RANGE_API","normal_step#276",37,37,1653,371143952050988,371144012495748
"MARKER_CORE_RANGE_API","Sampler",37,37,1658,371144070324027,371144072469414
"MARKER_CORE_RANGE_API","Sampler",37,37,1657,371144070318907,371144072473311
"MARKER_CORE_RANGE_API","normal_step#277",37,37,1656,371144012501970,371144072633886
"MARKER_CORE_RANGE_API","Sampler",37,37,1661,371144130661733,371144132653829
"MARKER_CORE_RANGE_API","Sampler",37,37,1660,371144130656944,371144132657726
"MARKER_CORE_RANGE_API","normal_step#278",37,37,1659,371144072640479,371144132814174
"MARKER_CORE_RANGE_API","Sampler",37,37,1664,371144191094922,371144192811213
"MARKER_CORE_RANGE_API","Sampler",37,37,1663,371144191090113,371144192815000
"MARKER_CORE_RANGE_API","normal_step#279",37,37,1662,371144132820175,371144192969694
"MARKER_CORE_RANGE_API","Sampler",37,37,1667,371144251054640,371144253193154
"MARKER_CORE_RANGE_API","Sampler",37,37,1666,371144251049460,371144253197382
"MARKER_CORE_RANGE_API","normal_step#280",37,37,1665,371144192976417,371144253371994
"MARKER_CORE_RANGE_API","Sampler",37,37,1670,371144311802196,371144313742593
"MARKER_CORE_RANGE_API","Sampler",37,37,1669,371144311796916,371144313746530
"MARKER_CORE_RANGE_API","normal_step#281",37,37,1668,371144253378476,371144313906324
"MARKER_CORE_RANGE_API","Sampler",37,37,1673,371144372525265,371144374578106
"MARKER_CORE_RANGE_API","Sampler",37,37,1672,371144372518963,371144374584167
"MARKER_CORE_RANGE_API","normal_step#282",37,37,1671,371144313912225,371144374858989
"MARKER_CORE_RANGE_API","Sampler",37,37,1676,371144433220271,371144435250238
"MARKER_CORE_RANGE_API","Sampler",37,37,1675,371144433215011,371144435254486
"MARKER_CORE_RANGE_API","normal_step#283",37,37,1674,371144374868998,371144435454336
"MARKER_CORE_RANGE_API","Sampler",37,37,1679,371144494173737,371144496478547
"MARKER_CORE_RANGE_API","Sampler",37,37,1678,371144494167185,371144496482625
"MARKER_CORE_RANGE_API","normal_step#284",37,37,1677,371144435462010,371144496640595
"MARKER_CORE_RANGE_API","Sampler",37,37,1682,371144554941852,371144556696216
"MARKER_CORE_RANGE_API","Sampler",37,37,1681,371144554936592,371144556700404
"MARKER_CORE_RANGE_API","normal_step#285",37,37,1680,371144496647298,371144556890014
"MARKER_CORE_RANGE_API","Sampler",37,37,1685,371144615786222,371144617736307
"MARKER_CORE_RANGE_API","Sampler",37,37,1684,371144615768017,371144617740676
"MARKER_CORE_RANGE_API","normal_step#286",37,37,1683,371144556897258,371144617997594
"MARKER_CORE_RANGE_API","Sampler",37,37,1688,371144677071920,371144678856801
"MARKER_CORE_RANGE_API","Sampler",37,37,1687,371144677065998,371144678860979
"MARKER_CORE_RANGE_API","normal_step#287",37,37,1686,371144618008495,371144679060178
"MARKER_CORE_RANGE_API","Sampler",37,37,1691,371144737647839,371144739815969
"MARKER_CORE_RANGE_API","Sampler",37,37,1690,371144737640044,371144739819626
"MARKER_CORE_RANGE_API","normal_step#288",37,37,1689,371144679068484,371144740024696
"MARKER_CORE_RANGE_API","Sampler",37,37,1694,371144798880717,371144800667432
"MARKER_CORE_RANGE_API","Sampler",37,37,1693,371144798873173,371144800671330
"MARKER_CORE_RANGE_API","normal_step#289",37,37,1692,371144740032180,371144800902258
"MARKER_CORE_RANGE_API","Sampler",37,37,1697,371144859925427,371144861726500
"MARKER_CORE_RANGE_API","Sampler",37,37,1696,371144859913124,371144861731910
"MARKER_CORE_RANGE_API","normal_step#290",37,37,1695,371144800910003,371144862027472
"MARKER_CORE_RANGE_API","Sampler",37,37,1700,371144920861281,371144923027487
"MARKER_CORE_RANGE_API","Sampler",37,37,1699,371144920854378,371144923031885
"MARKER_CORE_RANGE_API","normal_step#291",37,37,1698,371144862039615,371144923253957
"MARKER_CORE_RANGE_API","Sampler",37,37,1703,371144982923224,371144984841850
"MARKER_CORE_RANGE_API","Sampler",37,37,1702,371144982915559,371144984848963
"MARKER_CORE_RANGE_API","normal_step#292",37,37,1701,371144923264477,371144985276025
"MARKER_CORE_RANGE_API","Sampler",37,37,1706,371145046551724,371145048443328
"MARKER_CORE_RANGE_API","Sampler",37,37,1705,371145046541935,371145048448829
"MARKER_CORE_RANGE_API","normal_step#293",37,37,1704,371144985287927,371145048713642
"MARKER_CORE_RANGE_API","Sampler",37,37,1709,371145107857039,371145109656158
"MARKER_CORE_RANGE_API","Sampler",37,37,1708,371145107849645,371145109660827
"MARKER_CORE_RANGE_API","normal_step#294",37,37,1707,371145048724222,371145109983110
"MARKER_CORE_RANGE_API","Sampler",37,37,1712,371145169878516,371145171926558
"MARKER_CORE_RANGE_API","Sampler",37,37,1711,371145169869038,371145171933691
"MARKER_CORE_RANGE_API","normal_step#295",37,37,1710,371145109999421,371145172205668
"MARKER_CORE_RANGE_API","Sampler",37,37,1715,371145232997408,371145235188231
"MARKER_CORE_RANGE_API","Sampler",37,37,1714,371145232988611,371145235194803
"MARKER_CORE_RANGE_API","normal_step#296",37,37,1713,371145172215968,371145235569054
"MARKER_CORE_RANGE_API","Sampler",37,37,1718,371145294434253,371145296629615
"MARKER_CORE_RANGE_API","Sampler",37,37,1717,371145294427019,371145296634303
"MARKER_CORE_RANGE_API","normal_step#297",37,37,1716,371145235581608,371145296851857
"MARKER_CORE_RANGE_API","Sampler",37,37,1721,371145355668894,371145357444398
"MARKER_CORE_RANGE_API","Sampler",37,37,1720,371145355662933,371145357448816
"MARKER_CORE_RANGE_API","normal_step#298",37,37,1719,371145296859872,371145357652303
"MARKER_CORE_RANGE_API","Sampler",37,37,1724,371145415846547,371145418086132
"MARKER_CORE_RANGE_API","Sampler",37,37,1723,371145415839984,371145418091513
"MARKER_CORE_RANGE_API","normal_step#299",37,37,1722,371145357660879,371145418297033
"MARKER_CORE_RANGE_API","Sampler",37,37,1727,371145476937765,371145478717587
"MARKER_CORE_RANGE_API","Sampler",37,37,1726,371145476932465,371145478721715
"MARKER_CORE_RANGE_API","normal_step#300",37,37,1725,371145418306962,371145478898010
"MARKER_CORE_RANGE_API","Sampler",37,37,1730,371145536882305,371145538872567
"MARKER_CORE_RANGE_API","Sampler",37,37,1729,371145536877656,371145538875963
"MARKER_CORE_RANGE_API","normal_step#301",37,37,1728,371145478905855,371145539030036
"MARKER_CORE_RANGE_API","Sampler",37,37,1733,371145597498761,371145599786749
"MARKER_CORE_RANGE_API","Sampler",37,37,1732,371145597489684,371145599791228
"MARKER_CORE_RANGE_API","normal_step#302",37,37,1731,371145539036048,371145600036674
"MARKER_CORE_RANGE_API","Sampler",37,37,1736,371145658816781,371145660970784
"MARKER_CORE_RANGE_API","Sampler",37,37,1735,371145658810669,371145660975082
"MARKER_CORE_RANGE_API","normal_step#303",37,37,1734,371145600045741,371145661188618
"MARKER_CORE_RANGE_API","Sampler",37,37,1739,371145719574516,371145721765389
"MARKER_CORE_RANGE_API","Sampler",37,37,1738,371145719566942,371145721769797
"MARKER_CORE_RANGE_API","normal_step#304",37,37,1737,371145661199699,371145721966611
"MARKER_CORE_RANGE_API","Sampler",37,37,1742,371145780944995,371145782689450
"MARKER_CORE_RANGE_API","Sampler",37,37,1741,371145780939174,371145782693498
"MARKER_CORE_RANGE_API","normal_step#305",37,37,1740,371145721974837,371145782893107
"MARKER_CORE_RANGE_API","Sampler",37,37,1745,371145841389525,371145843450632
"MARKER_CORE_RANGE_API","Sampler",37,37,1744,371145841384726,371145843454970
"MARKER_CORE_RANGE_API","normal_step#306",37,37,1743,371145782901233,371145843644179
"MARKER_CORE_RANGE_API","Sampler",37,37,1748,371145902105500,371145903903437
"MARKER_CORE_RANGE_API","Sampler",37,37,1747,371145902100872,371145903908116
"MARKER_CORE_RANGE_API","normal_step#307",37,37,1746,371145843651373,371145904089200
"MARKER_CORE_RANGE_API","Sampler",37,37,1751,371145962898412,371145964695467
"MARKER_CORE_RANGE_API","Sampler",37,37,1750,371145962892150,371145964700377
"MARKER_CORE_RANGE_API","normal_step#308",37,37,1749,371145904096935,371145964909434
"MARKER_CORE_RANGE_API","Sampler",37,37,1754,371146023035899,371146024748493
"MARKER_CORE_RANGE_API","Sampler",37,37,1753,371146023031971,371146024752050
"MARKER_CORE_RANGE_API","normal_step#309",37,37,1752,371145964917409,371146024906623
"MARKER_CORE_RANGE_API","Sampler",37,37,1757,371146082669628,371146084669147
"MARKER_CORE_RANGE_API","Sampler",37,37,1756,371146082664598,371146084674548
"MARKER_CORE_RANGE_API","normal_step#310",37,37,1755,371146024913296,371146084848268
"MARKER_CORE_RANGE_API","Sampler",37,37,1760,371146143205551,371146145014158
"MARKER_CORE_RANGE_API","Sampler",37,37,1759,371146143198828,371146145018937
"MARKER_CORE_RANGE_API","normal_step#311",37,37,1758,371146084854880,371146145215120
"MARKER_CORE_RANGE_API","Sampler",37,37,1763,371146203489776,371146205467564
"MARKER_CORE_RANGE_API","Sampler",37,37,1762,371146203484837,371146205471362
"MARKER_CORE_RANGE_API","normal_step#312",37,37,1761,371146145222594,371146205630624
"MARKER_CORE_RANGE_API","Sampler",37,37,1766,371146263942662,371146266013206
"MARKER_CORE_RANGE_API","Sampler",37,37,1765,371146263937582,371146266017264
"MARKER_CORE_RANGE_API","normal_step#313",37,37,1764,371146205636536,371146266182929
"MARKER_CORE_RANGE_API","Sampler",37,37,1769,371146324705316,371146326792472
"MARKER_CORE_RANGE_API","Sampler",37,37,1768,371146324698623,371146326797221
"MARKER_CORE_RANGE_API","normal_step#314",37,37,1767,371146266190012,371146327015967
"MARKER_CORE_RANGE_API","Sampler",37,37,1772,371146385528095,371146387723426
"MARKER_CORE_RANGE_API","Sampler",37,37,1771,371146385520991,371146387727915
"MARKER_CORE_RANGE_API","normal_step#315",37,37,1770,371146327024363,371146387919268
"MARKER_CORE_RANGE_API","Sampler",37,37,1775,371146446100447,371146448184558
"MARKER_CORE_RANGE_API","Sampler",37,37,1774,371146446095808,371146448190178
"MARKER_CORE_RANGE_API","normal_step#316",37,37,1773,371146387926172,371146448371843
"MARKER_CORE_RANGE_API","Sampler",37,37,1778,371146506696845,371146508769304
"MARKER_CORE_RANGE_API","Sampler",37,37,1777,371146506689572,371146508773311
"MARKER_CORE_RANGE_API","normal_step#317",37,37,1776,371146448378115,371146508985324
"MARKER_CORE_RANGE_API","Sampler",37,37,1781,371146567706910,371146569690890
"MARKER_CORE_RANGE_API","Sampler",37,37,1780,371146567696791,371146569698544
"MARKER_CORE_RANGE_API","normal_step#318",37,37,1779,371146508993440,371146570016418
"MARKER_CORE_RANGE_API","Sampler",37,37,1784,371146628889703,371146630675025
"MARKER_CORE_RANGE_API","Sampler",37,37,1783,371146628879663,371146630679764
"MARKER_CORE_RANGE_API","normal_step#319",37,37,1782,371146570029654,371146630927605
"MARKER_CORE_RANGE_API","Sampler",37,37,1787,371146689320606,371146691325366
"MARKER_CORE_RANGE_API","Sampler",37,37,1786,371146689315457,371146691329414
"MARKER_CORE_RANGE_API","normal_step#320",37,37,1785,371146630936662,371146691506490
"MARKER_CORE_RANGE_API","Sampler",37,37,1790,371146749976177,371146751926984
"MARKER_CORE_RANGE_API","Sampler",37,37,1789,371146749969084,371146751931653
"MARKER_CORE_RANGE_API","normal_step#321",37,37,1788,371146691513984,371146752157051
"MARKER_CORE_RANGE_API","Sampler",37,37,1793,371146810893936,371146812816039
"MARKER_CORE_RANGE_API","Sampler",37,37,1792,371146810888386,371146812820607
"MARKER_CORE_RANGE_API","normal_step#322",37,37,1791,371146752166640,371146813013294
"MARKER_CORE_RANGE_API","Sampler",37,37,1796,371146871393941,371146873547734
"MARKER_CORE_RANGE_API","Sampler",37,37,1795,371146871388641,371146873551732
"MARKER_CORE_RANGE_API","normal_step#323",37,37,1794,371146813022090,371146873739418
"MARKER_CORE_RANGE_API","Sampler",37,37,1799,371146932613434,371146934463960
"MARKER_CORE_RANGE_API","Sampler",37,37,1798,371146932606721,371146934469861
"MARKER_CORE_RANGE_API","normal_step#324",37,37,1797,371146873746762,371146934674220
"MARKER_CORE_RANGE_API","Sampler",37,37,1802,371146993609001,371146995601517
"MARKER_CORE_RANGE_API","Sampler",37,37,1801,371146993600815,371146995606266
"MARKER_CORE_RANGE_API","normal_step#325",37,37,1800,371146934683367,371146995850670
"MARKER_CORE_RANGE_API","Sampler",37,37,1805,371147057799719,371147059854283
"MARKER_CORE_RANGE_API","Sampler",37,37,1804,371147057792114,371147059859263
"MARKER_CORE_RANGE_API","normal_step#326",37,37,1803,371146995859547,371147060221761
"MARKER_CORE_RANGE_API","Sampler",37,37,1808,371147128315507,371147130112541
"MARKER_CORE_RANGE_API","Sampler",37,37,1807,371147128307542,371147130116719
"MARKER_CORE_RANGE_API","normal_step#327",37,37,1806,371147060236920,371147130345224
"MARKER_CORE_RANGE_API","Sampler",37,37,1811,371147200613671,371147202444250
"MARKER_CORE_RANGE_API","Sampler",37,37,1810,371147200606608,371147202449029
"MARKER_CORE_RANGE_API","normal_step#328",37,37,1809,371147130354461,371147202662264
"MARKER_CORE_RANGE_API","Sampler",37,37,1814,371147284395077,371147286234122
"MARKER_CORE_RANGE_API","Sampler",37,37,1813,371147284387272,371147286240654
"MARKER_CORE_RANGE_API","normal_step#329",37,37,1812,371147202671802,371147286524984
"MARKER_CORE_RANGE_API","Sampler",37,37,1817,371147358122147,371147360012138
"MARKER_CORE_RANGE_API","Sampler",37,37,1816,371147358115815,371147360021015
"MARKER_CORE_RANGE_API","normal_step#330",37,37,1815,371147286536666,371147360288483
"MARKER_CORE_RANGE_API","Sampler",37,37,1820,371147418793938,371147420855917
"MARKER_CORE_RANGE_API","Sampler",37,37,1819,371147418786775,371147420860575
"MARKER_CORE_RANGE_API","normal_step#331",37,37,1818,371147360300787,371147421047210
"MARKER_CORE_RANGE_API","Sampler",37,37,1823,371147479486930,371147481262554
"MARKER_CORE_RANGE_API","Sampler",37,37,1822,371147479482061,371147481266302
"MARKER_CORE_RANGE_API","normal_step#332",37,37,1821,371147421055396,371147481424612
"MARKER_CORE_RANGE_API","Sampler",37,37,1826,371147539319337,371147541328324
"MARKER_CORE_RANGE_API","Sampler",37,37,1825,371147539314458,371147541332182
"MARKER_CORE_RANGE_API","normal_step#333",37,37,1824,371147481431826,371147541490683
"MARKER_CORE_RANGE_API","Sampler",37,37,1829,371147600263706,371147602434682
"MARKER_CORE_RANGE_API","Sampler",37,37,1828,371147600254629,371147602440954
"MARKER_CORE_RANGE_API","normal_step#334",37,37,1827,371147541497366,371147602729402
"MARKER_CORE_RANGE_API","Sampler",37,37,1832,371147661450206,371147663433665
"MARKER_CORE_RANGE_API","Sampler",37,37,1831,371147661444445,371147663438104
"MARKER_CORE_RANGE_API","normal_step#335",37,37,1830,371147602741705,371147663628435
"MARKER_CORE_RANGE_API","Sampler",37,37,1835,371147721608602,371147723661764
"MARKER_CORE_RANGE_API","Sampler",37,37,1834,371147721604384,371147723666132
"MARKER_CORE_RANGE_API","normal_step#336",37,37,1833,371147663636691,371147723840142
"MARKER_CORE_RANGE_API","Sampler",37,37,1838,371147782471166,371147784627023
"MARKER_CORE_RANGE_API","Sampler",37,37,1837,371147782464514,371147784631702
"MARKER_CORE_RANGE_API","normal_step#337",37,37,1836,371147723848248,371147784860346
"MARKER_CORE_RANGE_API","Sampler",37,37,1841,371147843540173,371147845346345
"MARKER_CORE_RANGE_API","Sampler",37,37,1840,371147843532017,371147845351986
"MARKER_CORE_RANGE_API","normal_step#338",37,37,1839,371147784869494,371147845587002
"MARKER_CORE_RANGE_API","Sampler",37,37,1844,371147903416663,371147905515461
"MARKER_CORE_RANGE_API","Sampler",37,37,1843,371147903412184,371147905518707
"MARKER_CORE_RANGE_API","normal_step#339",37,37,1842,371147845595128,371147905678551
"MARKER_CORE_RANGE_API","Sampler",37,37,1847,371147963988645,371147965749120
"MARKER_CORE_RANGE_API","Sampler",37,37,1846,371147963984036,371147965752907
"MARKER_CORE_RANGE_API","normal_step#340",37,37,1845,371147905684222,371147965916478
"MARKER_CORE_RANGE_API","Sampler",37,37,1850,371148023821713,371148026151941
"MARKER_CORE_RANGE_API","Sampler",37,37,1849,371148023817064,371148026156008
"MARKER_CORE_RANGE_API","normal_step#341",37,37,1848,371147965923221,371148026321593
"MARKER_CORE_RANGE_API","Sampler",37,37,1853,371148084549120,371148086335204
"MARKER_CORE_RANGE_API","Sampler",37,37,1852,371148084544271,371148086339783
"MARKER_CORE_RANGE_API","normal_step#342",37,37,1851,371148026327735,371148086515386
"MARKER_CORE_RANGE_API","Sampler",37,37,1856,371148145107727,371148146875385
"MARKER_CORE_RANGE_API","Sampler",37,37,1855,371148145102877,371148146879834
"MARKER_CORE_RANGE_API","normal_step#343",37,37,1854,371148086522139,371148147037854
"MARKER_CORE_RANGE_API","Sampler",37,37,1859,371148205156955,371148207170261
"MARKER_CORE_RANGE_API","Sampler",37,37,1858,371148205152036,371148207174349
"MARKER_CORE_RANGE_API","normal_step#344",37,37,1857,371148147044346,371148207333281
"MARKER_CORE_RANGE_API","Sampler",37,37,1862,371148265784883,371148267565056
"MARKER_CORE_RANGE_API","Sampler",37,37,1861,371148265775485,371148267569234
"MARKER_CORE_RANGE_API","normal_step#345",37,37,1860,371148207339743,371148267770356
"MARKER_CORE_RANGE_API","Sampler",37,37,1865,371148326199045,371148328394688
"MARKER_CORE_RANGE_API","Sampler",37,37,1864,371148326193505,371148328401230
"MARKER_CORE_RANGE_API","normal_step#346",37,37,1863,371148267783371,371148328609045
"MARKER_CORE_RANGE_API","Sampler",37,37,1868,371148387650769,371148389466499
"MARKER_CORE_RANGE_API","Sampler",37,37,1867,371148387639257,371148389471539
"MARKER_CORE_RANGE_API","normal_step#347",37,37,1866,371148328617140,371148389749537
"MARKER_CORE_RANGE_API","Sampler",37,37,1871,371148448711981,371148450555333
"MARKER_CORE_RANGE_API","Sampler",37,37,1870,371148448704506,371148450559932
"MARKER_CORE_RANGE_API","normal_step#348",37,37,1869,371148389758765,371148450809406
"MARKER_CORE_RANGE_API","Sampler",37,37,1874,371148509721163,371148511899523
"MARKER_CORE_RANGE_API","Sampler",37,37,1873,371148509712427,371148511903801
"MARKER_CORE_RANGE_API","normal_step#349",37,37,1872,371148450819846,371148512136252
"MARKER_CORE_RANGE_API","Sampler",37,37,1877,371148570800479,371148573162508
"MARKER_CORE_RANGE_API","Sampler",37,37,1876,371148570790791,371148573169250
"MARKER_CORE_RANGE_API","normal_step#350",37,37,1875,371148512147634,371148573450435
"MARKER_CORE_RANGE_API","Sampler",37,37,1880,371148632185897,371148634203250
"MARKER_CORE_RANGE_API","Sampler",37,37,1879,371148632178292,371148634208721
"MARKER_CORE_RANGE_API","normal_step#351",37,37,1878,371148573460203,371148634449148
"MARKER_CORE_RANGE_API","Sampler",37,37,1883,371148693100981,371148694864432
"MARKER_CORE_RANGE_API","Sampler",37,37,1882,371148693095661,371148694868469
"MARKER_CORE_RANGE_API","normal_step#352",37,37,1881,371148634458275,371148695062198
"MARKER_CORE_RANGE_API","Sampler",37,37,1886,371148753551041,371148755568865
"MARKER_CORE_RANGE_API","Sampler",37,37,1885,371148753542625,371148755574306
"MARKER_CORE_RANGE_API","normal_step#353",37,37,1884,371148695070303,371148755792310
"MARKER_CORE_RANGE_API","Sampler",37,37,1889,371148816500491,371148818599209
"MARKER_CORE_RANGE_API","Sampler",37,37,1888,371148816491945,371148818604749
"MARKER_CORE_RANGE_API","normal_step#354",37,37,1887,371148755801628,371148818870424
"MARKER_CORE_RANGE_API","Sampler",37,37,1892,371148878076931,371148879952185
"MARKER_CORE_RANGE_API","Sampler",37,37,1891,371148878070199,371148879957976
"MARKER_CORE_RANGE_API","normal_step#355",37,37,1890,371148818880243,371148880172974
"MARKER_CORE_RANGE_API","Sampler",37,37,1895,371148938858992,371148940925509
"MARKER_CORE_RANGE_API","Sampler",37,37,1894,371148938852270,371148940930529
"MARKER_CORE_RANGE_API","normal_step#356",37,37,1893,371148880182402,371148941155006
"MARKER_CORE_RANGE_API","Sampler",37,37,1898,371148999517188,371149001296580
"MARKER_CORE_RANGE_API","Sampler",37,37,1897,371148999510496,371149001300948
"MARKER_CORE_RANGE_API","normal_step#357",37,37,1896,371148941163922,371149001522779
"MARKER_CORE_RANGE_API","Sampler",37,37,1901,371149061064373,371149062878931
"MARKER_CORE_RANGE_API","Sampler",37,37,1900,371149061055076,371149062884462
"MARKER_CORE_RANGE_API","normal_step#358",37,37,1899,371149001532398,371149063157110
"MARKER_CORE_RANGE_API","Sampler",37,37,1904,371149122132478,371149124096380
"MARKER_CORE_RANGE_API","Sampler",37,37,1903,371149122125405,371149124100818
"MARKER_CORE_RANGE_API","normal_step#359",37,37,1902,371149063167259,371149124340534
"MARKER_CORE_RANGE_API","Sampler",37,37,1907,371149183277950,371149185504391
"MARKER_CORE_RANGE_API","Sampler",37,37,1906,371149183268832,371149185508809
"MARKER_CORE_RANGE_API","normal_step#360",37,37,1905,371149124349651,371149185746481
"MARKER_CORE_RANGE_API","Sampler",37,37,1910,371149244816608,371149247212802
"MARKER_CORE_RANGE_API","Sampler",37,37,1909,371149244808152,371149247217080
"MARKER_CORE_RANGE_API","normal_step#361",37,37,1908,371149185756470,371149247452477
"MARKER_CORE_RANGE_API","Sampler",37,37,1913,371149306699261,371149308516705
"MARKER_CORE_RANGE_API","Sampler",37,37,1912,371149306691757,371149308520943
"MARKER_CORE_RANGE_API","normal_step#362",37,37,1911,371149247462106,371149308748595
"MARKER_CORE_RANGE_API","Sampler",37,37,1916,371149368196872,371149370004837
"MARKER_CORE_RANGE_API","Sampler",37,37,1915,371149368186372,371149370009887
"MARKER_CORE_RANGE_API","normal_step#363",37,37,1914,371149308757913,371149370244473
"MARKER_CORE_RANGE_API","Sampler",37,37,1919,371149429667612,371149431487079
"MARKER_CORE_RANGE_API","Sampler",37,37,1918,371149429657032,371149431491347
"MARKER_CORE_RANGE_API","normal_step#364",37,37,1917,371149370254532,371149431724350
"MARKER_CORE_RANGE_API","Sampler",37,37,1922,371149490847208,371149492985642
"MARKER_CORE_RANGE_API","Sampler",37,37,1921,371149490838742,371149492989910
"MARKER_CORE_RANGE_API","normal_step#365",37,37,1920,371149431733417,371149493226379
"MARKER_CORE_RANGE_API","Sampler",37,37,1925,371149552331694,371149554136764
"MARKER_CORE_RANGE_API","Sampler",37,37,1924,371149552326134,371149554141674
"MARKER_CORE_RANGE_API","normal_step#366",37,37,1923,371149493236198,371149554368014
"MARKER_CORE_RANGE_API","Sampler",37,37,1928,371149613462779,371149615468470
"MARKER_CORE_RANGE_API","Sampler",37,37,1927,371149613451577,371149615473269
"MARKER_CORE_RANGE_API","normal_step#367",37,37,1926,371149554378383,371149615715589
"MARKER_CORE_RANGE_API","Sampler",37,37,1931,371149674278884,371149676675458
"MARKER_CORE_RANGE_API","Sampler",37,37,1930,371149674269998,371149676685327
"MARKER_CORE_RANGE_API","normal_step#368",37,37,1929,371149615725258,371149677080127
"MARKER_CORE_RANGE_API","Sampler",37,37,1934,371149735896333,371149738007204
"MARKER_CORE_RANGE_API","Sampler",37,37,1933,371149735886154,371149738012474
"MARKER_CORE_RANGE_API","normal_step#369",37,37,1932,371149677089475,371149738254684
"MARKER_CORE_RANGE_API","Sampler",37,37,1937,371149797495577,371149799631706
"MARKER_CORE_RANGE_API","Sampler",37,37,1936,371149797486430,371149799636054
"MARKER_CORE_RANGE_API","normal_step#370",37,37,1935,371149738263211,371149799883455
"MARKER_CORE_RANGE_API","Sampler",37,37,1940,371149858587767,371149860791986
"MARKER_CORE_RANGE_API","Sampler",37,37,1939,371149858580233,371149860799981
"MARKER_CORE_RANGE_API","normal_step#371",37,37,1938,371149799892842,371149861085934
"MARKER_CORE_RANGE_API","Sampler",37,37,1943,371149919838158,371149921664148
"MARKER_CORE_RANGE_API","Sampler",37,37,1942,371149919827618,371149921668426
"MARKER_CORE_RANGE_API","normal_step#372",37,37,1941,371149861097036,371149921891430
"MARKER_CORE_RANGE_API","Sampler",37,37,1946,371149980058171,371149982218206
"MARKER_CORE_RANGE_API","Sampler",37,37,1945,371149980053122,371149982222164
"MARKER_CORE_RANGE_API","normal_step#373",37,37,1944,371149921902301,371149982423286
"MARKER_CORE_RANGE_API","Sampler",37,37,1949,371150040667785,371150042724573
"MARKER_CORE_RANGE_API","Sampler",37,37,1948,371150040662775,371150042728601
"MARKER_CORE_RANGE_API","normal_step#374",37,37,1947,371149982431081,371150042891671
"MARKER_CORE_RANGE_API","Sampler",37,37,1952,371150100820059,371150102563472
"MARKER_CORE_RANGE_API","Sampler",37,37,1951,371150100815100,371150102568492
"MARKER_CORE_RANGE_API","normal_step#375",37,37,1950,371150042897903,371150102786145
"MARKER_CORE_RANGE_API","Sampler",37,37,1955,371150160889396,371150162981361
"MARKER_CORE_RANGE_API","Sampler",37,37,1954,371150160884246,371150162985780
"MARKER_CORE_RANGE_API","normal_step#376",37,37,1953,371150102794221,371150163173697
"MARKER_CORE_RANGE_API","Sampler",37,37,1958,371150221278440,371150223404821
"MARKER_CORE_RANGE_API","Sampler",37,37,1957,371150221273100,371150223408548
"MARKER_CORE_RANGE_API","normal_step#377",37,37,1956,371150163179668,371150223563923
"MARKER_CORE_RANGE_API","Sampler",37,37,1961,371150281811198,371150283919654
"MARKER_CORE_RANGE_API","Sampler",37,37,1960,371150281804936,371150283924413
"MARKER_CORE_RANGE_API","normal_step#378",37,37,1959,371150223569975,371150284123341
"MARKER_CORE_RANGE_API","Sampler",37,37,1964,371150343003288,371150345003940
"MARKER_CORE_RANGE_API","Sampler",37,37,1963,371150342994251,371150345007667
"MARKER_CORE_RANGE_API","normal_step#379",37,37,1962,371150284130605,371150345221042
"MARKER_CORE_RANGE_API","Sampler",37,37,1967,371150403688054,371150405734633
"MARKER_CORE_RANGE_API","Sampler",37,37,1966,371150403660442,371150405739112
"MARKER_CORE_RANGE_API","normal_step#380",37,37,1965,371150345228917,371150405982274
"MARKER_CORE_RANGE_API","Sampler",37,37,1970,371150464285494,371150466429659
"MARKER_CORE_RANGE_API","Sampler",37,37,1969,371150464279663,371150466433807
"MARKER_CORE_RANGE_API","normal_step#381",37,37,1968,371150405989487,371150466617556
"MARKER_CORE_RANGE_API","Sampler",37,37,1973,371150524943149,371150526904166
"MARKER_CORE_RANGE_API","Sampler",37,37,1972,371150524938340,371150526908043
"MARKER_CORE_RANGE_API","normal_step#382",37,37,1971,371150466625641,371150527058108
"MARKER_CORE_RANGE_API","Sampler",37,37,1976,371150585930731,371150588017216
"MARKER_CORE_RANGE_API","Sampler",37,37,1975,371150585922074,371150588023047
"MARKER_CORE_RANGE_API","normal_step#383",37,37,1974,371150527064560,371150588301326
"MARKER_CORE_RANGE_API","Sampler",37,37,1979,371150647030766,371150650229805
"MARKER_CORE_RANGE_API","Sampler",37,37,1978,371150647023643,371150650233863
"MARKER_CORE_RANGE_API","normal_step#384",37,37,1977,371150588312487,371150650463189
"MARKER_CORE_RANGE_API","Sampler",37,37,1982,371150709056541,371150711323398
"MARKER_CORE_RANGE_API","Sampler",37,37,1981,371150709051271,371150711327636
"MARKER_CORE_RANGE_API","normal_step#385",37,37,1980,371150650472326,371150711516245
"MARKER_CORE_RANGE_API","Sampler",37,37,1985,371150770050725,371150771929856
"MARKER_CORE_RANGE_API","Sampler",37,37,1984,371150770043351,371150771934184
"MARKER_CORE_RANGE_API","normal_step#386",37,37,1983,371150711524009,371150772181624
"MARKER_CORE_RANGE_API","Sampler",37,37,1988,371150830385947,371150832324360
"MARKER_CORE_RANGE_API","Sampler",37,37,1987,371150830380957,371150832328117
"MARKER_CORE_RANGE_API","normal_step#387",37,37,1986,371150772189629,371150832495706
"MARKER_CORE_RANGE_API","Sampler",37,37,1991,371150891272617,371150893082015
"MARKER_CORE_RANGE_API","Sampler",37,37,1990,371150891267257,371150893086163
"MARKER_CORE_RANGE_API","normal_step#388",37,37,1989,371150832503260,371150893259242
"MARKER_CORE_RANGE_API","Sampler",37,37,1994,371150951886709,371150953850360
"MARKER_CORE_RANGE_API","Sampler",37,37,1993,371150951881529,371150953854278
"MARKER_CORE_RANGE_API","normal_step#389",37,37,1992,371150893266756,371150954034160
"MARKER_CORE_RANGE_API","Sampler",37,37,1997,371151012113114,371151014303977
"MARKER_CORE_RANGE_API","Sampler",37,37,1996,371151012107984,371151014308165
"MARKER_CORE_RANGE_API","normal_step#390",37,37,1995,371150954042716,371151014469542
"MARKER_CORE_RANGE_API","Sampler",37,37,2000,371151072600445,371151074729872
"MARKER_CORE_RANGE_API","Sampler",37,37,1999,371151072595536,371151074733989
"MARKER_CORE_RANGE_API","normal_step#391",37,37,1998,371151014476054,371151074901117
"MARKER_CORE_RANGE_API","Sampler",37,37,2003,371151132818685,371151135034265
"MARKER_CORE_RANGE_API","Sampler",37,37,2002,371151132814607,371151135038834
"MARKER_CORE_RANGE_API","normal_step#392",37,37,2001,371151074907619,371151135203246
"MARKER_CORE_RANGE_API","Sampler",37,37,2006,371151193908080,371151195777943
"MARKER_CORE_RANGE_API","Sampler",37,37,2005,371151193901307,371151195791058
"MARKER_CORE_RANGE_API","normal_step#393",37,37,2004,371151135209798,371151196046103
"MARKER_CORE_RANGE_API","Sampler",37,37,2009,371151255090682,371151257275985
"MARKER_CORE_RANGE_API","Sampler",37,37,2008,371151255082336,371151257280353
"MARKER_CORE_RANGE_API","normal_step#394",37,37,2007,371151196056923,371151257487006
"MARKER_CORE_RANGE_API","Sampler",37,37,2012,371151316112188,371151318132818
"MARKER_CORE_RANGE_API","Sampler",37,37,2011,371151316106638,371151318137617
"MARKER_CORE_RANGE_API","normal_step#395",37,37,2010,371151257495502,371151318376631
"MARKER_CORE_RANGE_API","Sampler",37,37,2015,371151376731280,371151378795442
"MARKER_CORE_RANGE_API","Sampler",37,37,2014,371151376726611,371151378801233
"MARKER_CORE_RANGE_API","normal_step#396",37,37,2013,371151318384947,371151379031100
"MARKER_CORE_RANGE_API","Sampler",37,37,2018,371151437050982,371151438830684
"MARKER_CORE_RANGE_API","Sampler",37,37,2017,371151437045983,371151438835012
"MARKER_CORE_RANGE_API","normal_step#397",37,37,2016,371151379040758,371151438987532
"MARKER_CORE_RANGE_API","Sampler",37,37,2021,371151497068971,371151499158763
"MARKER_CORE_RANGE_API","Sampler",37,37,2020,371151497062519,371151499162860
"MARKER_CORE_RANGE_API","normal_step#398",37,37,2019,371151438993684,371151499354565
"MARKER_CORE_RANGE_API","Sampler",37,37,2024,371151557431886,371151559311668
"MARKER_CORE_RANGE_API","Sampler",37,37,2023,371151557427187,371151559315405
"MARKER_CORE_RANGE_API","normal_step#399",37,37,2022,371151499362790,371151559482272
"MARKER_CONTROL_API","roctxProfilerPause",37,37,2025,371151559519423,371151559519814
"MARKER_CONTROL_API","roctxProfilerResume",37,37,3408,371158917799473,371158917801236
"MARKER_CORE_RANGE_API","Sampler",37,37,3411,371158996636022,371158999504022
"MARKER_CORE_RANGE_API","Sampler",37,37,3410,371158996628999,371158999508350
"MARKER_CORE_RANGE_API","normal_step#800",37,37,3409,371158917806196,371158999751242
"MARKER_CORE_RANGE_API","Sampler",37,37,3414,371159077917197,371159080984445
"MARKER_CORE_RANGE_API","Sampler",37,37,3413,371159077910905,371159080988743
"MARKER_CORE_RANGE_API","normal_step#801",37,37,3412,371158999760179,371159081217839
"MARKER_CORE_RANGE_API","Sampler",37,37,3417,371159159376339,371159162037396
"MARKER_CORE_RANGE_API","Sampler",37,37,3416,371159159371450,371159162042005
"MARKER_CORE_RANGE_API","normal_step#802",37,37,3415,371159081227086,371159162265249
"MARKER_CORE_RANGE_API","Sampler",37,37,3420,371159240278153,371159242880658
"MARKER_CORE_RANGE_API","Sampler",37,37,3419,371159240273033,371159242885087
"MARKER_CORE_RANGE_API","normal_step#803",37,37,3418,371159162274196,371159243068275
"MARKER_CORE_RANGE_API","Sampler",37,37,3423,371159320461010,371159323028339
"MARKER_CORE_RANGE_API","Sampler",37,37,3422,371159320455029,371159323032747
"MARKER_CORE_RANGE_API","normal_step#804",37,37,3421,371159243075759,371159323257024
"MARKER_CORE_RANGE_API","Sampler",37,37,3426,371159401911797,371159404612068
"MARKER_CORE_RANGE_API","Sampler",37,37,3425,371159401904353,371159404616968
"MARKER_CORE_RANGE_API","normal_step#805",37,37,3424,371159323265409,371159404851183
"MARKER_CORE_RANGE_API","Sampler",37,37,3429,371159483159849,371159485925374
"MARKER_CORE_RANGE_API","Sampler",37,37,3428,371159483154709,371159485930474
"MARKER_CORE_RANGE_API","normal_step#806",37,37,3427,371159404859709,371159486159459
"MARKER_CORE_RANGE_API","Sampler",37,37,3432,371159565274727,371159567905787
"MARKER_CORE_RANGE_API","Sampler",37,37,3431,371159565269477,371159567910085
"MARKER_CORE_RANGE_API","normal_step#807",37,37,3430,371159486167013,371159568112109
"MARKER_CORE_RANGE_API","Sampler",37,37,3435,371159648303433,371159650862956
"MARKER_CORE_RANGE_API","Sampler",37,37,3434,371159648296129,371159650867906
"MARKER_CORE_RANGE_API","normal_step#808",37,37,3433,371159568120555,371159651137268
"MARKER_CORE_RANGE_API","Sampler",37,37,3438,371159730294847,371159732972826
"MARKER_CORE_RANGE_API","Sampler",37,37,3437,371159730287543,371159732977675
"MARKER_CORE_RANGE_API","normal_step#809",37,37,3436,371159651146605,371159733274479
"MARKER_CORE_RANGE_API","Sampler",37,37,3441,371159812737949,371159815448520
"MARKER_CORE_RANGE_API","Sampler",37,37,3440,371159812729303,371159815452688
"MARKER_CORE_RANGE_API","normal_step#810",37,37,3439,371159733287874,371159815707202
"MARKER_CORE_RANGE_API","Sampler",37,37,3444,371159895241837,371159897941297
"MARKER_CORE_RANGE_API","Sampler",37,37,3443,371159895232790,371159897946347
"MARKER_CORE_RANGE_API","normal_step#811",37,37,3442,371159815716610,371159898216019
"MARKER_CORE_RANGE_API","Sampler",37,37,3447,371159977530086,371159980252689
"MARKER_CORE_RANGE_API","Sampler",37,37,3446,371159977521098,371159980257729
"MARKER_CORE_RANGE_API","normal_step#812",37,37,3445,371159898225547,371159980538041
"MARKER_CORE_RANGE_API","Sampler",37,37,3450,371160058475783,371160061469221
"MARKER_CORE_RANGE_API","Sampler",37,37,3449,371160058471194,371160061473699
"MARKER_CORE_RANGE_API","normal_step#813",37,37,3448,371159980549162,371160061690000
"MARKER_CORE_RANGE_API","Sampler",37,37,3453,371160139647910,371160142319927
"MARKER_CORE_RANGE_API","Sampler",37,37,3452,371160139643321,371160142324496
"MARKER_CORE_RANGE_API","normal_step#814",37,37,3451,371160061698607,371160142521931
"MARKER_CORE_RANGE_API","Sampler",37,37,3456,371160220783217,371160223491664
"MARKER_CORE_RANGE_API","Sampler",37,37,3455,371160220773649,371160223495812
"MARKER_CORE_RANGE_API","normal_step#815",37,37,3454,371160142529355,371160223745306
"MARKER_CORE_RANGE_API","Sampler",37,37,3459,371160301832882,371160304332632
"MARKER_CORE_RANGE_API","Sampler",37,37,3458,371160301826570,371160304337120
"MARKER_CORE_RANGE_API","normal_step#816",37,37,3457,371160223753401,371160304572979
"MARKER_CORE_RANGE_API","Sampler",37,37,3462,371160382865304,371160385716992
"MARKER_CORE_RANGE_API","Sampler",37,37,3461,371160382858350,371160385721832
"MARKER_CORE_RANGE_API","normal_step#817",37,37,3460,371160304580813,371160385973600
"MARKER_CORE_RANGE_API","Sampler",37,37,3465,371160464679681,371160467309499
"MARKER_CORE_RANGE_API","Sampler",37,37,3464,371160464673610,371160467314258
"MARKER_CORE_RANGE_API","normal_step#818",37,37,3463,371160385982477,371160467557830
"MARKER_CORE_RANGE_API","Sampler",37,37,3468,371160545059333,371160548036139
"MARKER_CORE_RANGE_API","Sampler",37,37,3467,371160545053862,371160548040217
"MARKER_CORE_RANGE_API","normal_step#819",37,37,3466,371160467566627,371160548239886
"MARKER_CORE_RANGE_API","Sampler",37,37,3471,371160627539465,371160630328806
"MARKER_CORE_RANGE_API","Sampler",37,37,3470,371160627528605,371160630335248
"MARKER_CORE_RANGE_API","normal_step#820",37,37,3469,371160548247491,371160630709780
"MARKER_CORE_RANGE_API","Sampler",37,37,3474,371160709506994,371160712299441
"MARKER_CORE_RANGE_API","Sampler",37,37,3473,371160709499560,371160712304510
"MARKER_CORE_RANGE_API","normal_step#821",37,37,3472,371160630721222,371160712561979
"MARKER_CORE_RANGE_API","Sampler",37,37,3477,371160791024588,371160793884973
"MARKER_CORE_RANGE_API","Sampler",37,37,3476,371160791017635,371160793890253
"MARKER_CORE_RANGE_API","normal_step#822",37,37,3475,371160712571678,371160794140729
"MARKER_CORE_RANGE_API","Sampler",37,37,3480,371160872787638,371160875234738
"MARKER_CORE_RANGE_API","Sampler",37,37,3479,371160872778040,371160875238826
"MARKER_CORE_RANGE_API","normal_step#823",37,37,3478,371160794150247,371160875500934
"MARKER_CORE_RANGE_API","Sampler",37,37,3483,371160954116393,371160956765086
"MARKER_CORE_RANGE_API","Sampler",37,37,3482,371160954111684,371160956769404
"MARKER_CORE_RANGE_API","normal_step#824",37,37,3481,371160875510051,371160956972711
"MARKER_CORE_RANGE_API","Sampler",37,37,3486,371161035422154,371161038135009
"MARKER_CORE_RANGE_API","Sampler",37,37,3485,371161035417586,371161038138556
"MARKER_CORE_RANGE_API","normal_step#825",37,37,3484,371160956981077,371161038380155
"MARKER_CORE_RANGE_API","Sampler",37,37,3489,371161115816453,371161118488932
"MARKER_CORE_RANGE_API","Sampler",37,37,3488,371161115811765,371161118493090
"MARKER_CORE_RANGE_API","normal_step#826",37,37,3487,371161038391857,371161118677260
"MARKER_CORE_RANGE_API","Sampler",37,37,3492,371161196836973,371161199464646
"MARKER_CORE_RANGE_API","Sampler",37,37,3491,371161196831823,371161199468754
"MARKER_CORE_RANGE_API","normal_step#827",37,37,3490,371161118684864,371161199687860
"MARKER_CORE_RANGE_API","Sampler",37,37,3495,371161277773893,371161280765207
"MARKER_CORE_RANGE_API","Sampler",37,37,3494,371161277768473,371161280770207
"MARKER_CORE_RANGE_API","normal_step#828",37,37,3493,371161199695244,371161280976859
"MARKER_CORE_RANGE_API","Sampler",37,37,3498,371161360511064,371161363139118
"MARKER_CORE_RANGE_API","Sampler",37,37,3497,371161360504983,371161363145410
"MARKER_CORE_RANGE_API","normal_step#829",37,37,3496,371161280984574,371161363470999
"MARKER_CORE_RANGE_API","Sampler",37,37,3501,371161441745250,371161444721826
"MARKER_CORE_RANGE_API","Sampler",37,37,3500,371161441738737,371161444726775
"MARKER_CORE_RANGE_API","normal_step#830",37,37,3499,371161363481539,371161444991047
"MARKER_CORE_RANGE_API","Sampler",37,37,3504,371161523221354,371161525853536
"MARKER_CORE_RANGE_API","Sampler",37,37,3503,371161523216455,371161525857684
"MARKER_CORE_RANGE_API","normal_step#831",37,37,3502,371161445001167,371161526067282
"MARKER_CORE_RANGE_API","Sampler",37,37,3507,371161604257553,371161606864146
"MARKER_CORE_RANGE_API","Sampler",37,37,3506,371161604249288,371161606869166
"MARKER_CORE_RANGE_API","normal_step#832",37,37,3505,371161526075197,371161607149419
"MARKER_CORE_RANGE_API","Sampler",37,37,3510,371161686756832,371161689750311
"MARKER_CORE_RANGE_API","Sampler",37,37,3509,371161686748577,371161689755030
"MARKER_CORE_RANGE_API","normal_step#833",37,37,3508,371161607160880,371161690030734
"MARKER_CORE_RANGE_API","Sampler",37,37,3513,371161768632887,371161771430293
"MARKER_CORE_RANGE_API","Sampler",37,37,3512,371161768625824,371161771435163
"MARKER_CORE_RANGE_API","normal_step#834",37,37,3511,371161690040623,371161771736295
"MARKER_CORE_RANGE_API","Sampler",37,37,3516,371161849845632,371161852721817
"MARKER_CORE_RANGE_API","Sampler",37,37,3515,371161849839470,371161852726767
"MARKER_CORE_RANGE_API","normal_step#835",37,37,3514,371161771745592,371161853041084
"MARKER_CORE_RANGE_API","Sampler",37,37,3519,371161931042697,371161933691400
"MARKER_CORE_RANGE_API","Sampler",37,37,3518,371161931038348,371161933695097
"MARKER_CORE_RANGE_API","normal_step#836",37,37,3517,371161853052506,371161933893113
"MARKER_CORE_RANGE_API","Sampler",37,37,3522,371162012053477,371162014855131
"MARKER_CORE_RANGE_API","Sampler",37,37,3521,371162012048317,371162014859179
"MARKER_CORE_RANGE_API","normal_step#837",37,37,3520,371161933899856,371162015054610
"MARKER_CORE_RANGE_API","Sampler",37,37,3525,371162093525915,371162096264289
"MARKER_CORE_RANGE_API","Sampler",37,37,3524,371162093518761,371162096268757
"MARKER_CORE_RANGE_API","normal_step#838",37,37,3523,371162015061854,371162096536476
"MARKER_CORE_RANGE_API","Sampler",37,37,3528,371162175355592,371162178124293
"MARKER_CORE_RANGE_API","Sampler",37,37,3527,371162175348489,371162178133611
"MARKER_CORE_RANGE_API","normal_step#839",37,37,3526,371162096547818,371162178472174
"MARKER_CORE_RANGE_API","Sampler",37,37,3531,371162257359199,371162260352688
"MARKER_CORE_RANGE_API","Sampler",37,37,3530,371162257352627,371162260357437
"MARKER_CORE_RANGE_API","normal_step#840",37,37,3529,371162178481672,371162260608093
"MARKER_CORE_RANGE_API","Sampler",37,37,3534,371162339070361,371162341877114
"MARKER_CORE_RANGE_API","Sampler",37,37,3533,371162339064229,371162341881603
"MARKER_CORE_RANGE_API","normal_step#841",37,37,3532,371162260616920,371162342164551
"MARKER_CORE_RANGE_API","Sampler",37,37,3537,371162421190009,371162423766024
"MARKER_CORE_RANGE_API","Sampler",37,37,3536,371162421183586,371162423770813
"MARKER_CORE_RANGE_API","normal_step#842",37,37,3535,371162342174209,371162424041858
"MARKER_CORE_RANGE_API","Sampler",37,37,3540,371162502465502,371162505560924
"MARKER_CORE_RANGE_API","Sampler",37,37,3539,371162502457878,371162505564952
"MARKER_CORE_RANGE_API","normal_step#843",37,37,3538,371162424051306,371162505814125
"MARKER_CORE_RANGE_API","Sampler",37,37,3543,371162584666865,371162587091363
"MARKER_CORE_RANGE_API","Sampler",37,37,3542,371162584662066,371162587096031
"MARKER_CORE_RANGE_API","normal_step#844",37,37,3541,371162505823032,371162587291333
"MARKER_CORE_RANGE_API","Sampler",37,37,3546,371162666744954,371162669720849
"MARKER_CORE_RANGE_API","Sampler",37,37,3545,371162666736017,371162669725678
"MARKER_CORE_RANGE_API","normal_step#845",37,37,3544,371162587300259,371162670041348
"MARKER_CORE_RANGE_API","Sampler",37,37,3549,371162748734344,371162751455996
"MARKER_CORE_RANGE_API","Sampler",37,37,3548,371162748726980,371162751460395
"MARKER_CORE_RANGE_API","normal_step#846",37,37,3547,371162670052119,371162751734676
"MARKER_CORE_RANGE_API","Sampler",37,37,3552,371162830230207,371162832881305
"MARKER_CORE_RANGE_API","Sampler",37,37,3551,371162830224226,371162832885312
"MARKER_CORE_RANGE_API","normal_step#847",37,37,3550,371162751747590,371162833110290
"MARKER_CORE_RANGE_API","Sampler",37,37,3555,371162911229095,371162914169282
"MARKER_CORE_RANGE_API","Sampler",37,37,3554,371162911223765,371162914173540
"MARKER_CORE_RANGE_API","normal_step#848",37,37,3553,371162833118295,371162914383309
"MARKER_CORE_RANGE_API","Sampler",37,37,3558,371162992747120,371162995277318
"MARKER_CORE_RANGE_API","Sampler",37,37,3557,371162992742220,371162995281195
"MARKER_CORE_RANGE_API","normal_step#849",37,37,3556,371162914391023,371162995507345
"MARKER_CORE_RANGE_API","Sampler",37,37,3561,371163073266757,371163076089341
"MARKER_CORE_RANGE_API","Sampler",37,37,3560,371163073262138,371163076093659
"MARKER_CORE_RANGE_API","normal_step#850",37,37,3559,371162995517504,371163076284772
"MARKER_CORE_RANGE_API","Sampler",37,37,3564,371163154161036,371163157089792
"MARKER_CORE_RANGE_API","Sampler",37,37,3563,371163154156297,371163157093639
"MARKER_CORE_RANGE_API","normal_step#851",37,37,3562,371163076292507,371163157283029
"MARKER_CORE_RANGE_API","Sampler",37,37,3567,371163235229857,371163238212956
"MARKER_CORE_RANGE_API","Sampler",37,37,3566,371163235224417,371163238217795
"MARKER_CORE_RANGE_API","normal_step#852",37,37,3565,371163157289331,371163238410141
"MARKER_CORE_RANGE_API","Sampler",37,37,3570,371163316750066,371163319581336
"MARKER_CORE_RANGE_API","Sampler",37,37,3569,371163316742972,371163319586095
"MARKER_CORE_RANGE_API","normal_step#853",37,37,3568,371163238416743,371163319837122
"MARKER_CORE_RANGE_API","Sampler",37,37,3573,371163404562732,371163407590135
"MARKER_CORE_RANGE_API","Sampler",37,37,3572,371163404539418,371163407597078
"MARKER_CORE_RANGE_API","normal_step#854",37,37,3571,371163319845548,371163407864747
"MARKER_CORE_RANGE_API","Sampler",37,37,3576,371163494884015,371163498060581
"MARKER_CORE_RANGE_API","Sampler",37,37,3575,371163494875909,371163498067074
"MARKER_CORE_RANGE_API","normal_step#855",37,37,3574,371163407874094,371163498330143
"MARKER_CORE_RANGE_API","Sampler",37,37,3579,371163599716683,371163603251149
"MARKER_CORE_RANGE_API","Sampler",37,37,3578,371163599707606,371163603257562
"MARKER_CORE_RANGE_API","normal_step#856",37,37,3577,371163498338740,371163603753384
"MARKER_CORE_RANGE_API","Sampler",37,37,3582,371163705331227,371163708509827
"MARKER_CORE_RANGE_API","Sampler",37,37,3581,371163705322611,371163708515949
"MARKER_CORE_RANGE_API","normal_step#857",37,37,3580,371163603765557,371163708885120
"MARKER_CORE_RANGE_API","Sampler",37,37,3585,371163788031869,371163790752398
"MARKER_CORE_RANGE_API","Sampler",37,37,3584,371163788024926,371163790756807
"MARKER_CORE_RANGE_API","normal_step#858",37,37,3583,371163708897323,371163791000490
"MARKER_CORE_RANGE_API","Sampler",37,37,3588,371163868884900,371163871804918
"MARKER_CORE_RANGE_API","Sampler",37,37,3587,371163868880421,371163871808475
"MARKER_CORE_RANGE_API","normal_step#859",37,37,3586,371163791009677,371163872070964
"MARKER_CORE_RANGE_API","Sampler",37,37,3591,371163949929064,371163952533994
"MARKER_CORE_RANGE_API","Sampler",37,37,3590,371163949925126,371163952540025
"MARKER_CORE_RANGE_API","normal_step#860",37,37,3589,371163872080883,371163952737160
"MARKER_CORE_RANGE_API","Sampler",37,37,3594,371164030836739,371164033510359
"MARKER_CORE_RANGE_API","Sampler",37,37,3593,371164030830627,371164033514507
"MARKER_CORE_RANGE_API","normal_step#861",37,37,3592,371163952744243,371164033719356
"MARKER_CORE_RANGE_API","Sampler",37,37,3597,371164112047409,371164114503526
"MARKER_CORE_RANGE_API","Sampler",37,37,3596,371164112042660,371164114507915
"MARKER_CORE_RANGE_API","normal_step#862",37,37,3595,371164033727331,371164114703927
"MARKER_CORE_RANGE_API","Sampler",37,37,3600,371164194234816,371164196688809
"MARKER_CORE_RANGE_API","Sampler",37,37,3599,371164194228133,371164196693528
"MARKER_CORE_RANGE_API","normal_step#863",37,37,3598,371164114713044,371164196985823
"MARKER_CORE_RANGE_API","Sampler",37,37,3603,371164274539545,371164277436389
"MARKER_CORE_RANGE_API","Sampler",37,37,3602,371164274534715,371164277441168
"MARKER_CORE_RANGE_API","normal_step#864",37,37,3601,371164196994910,371164277623745
"MARKER_CORE_RANGE_API","Sampler",37,37,3606,371164356299288,371164359261447
"MARKER_CORE_RANGE_API","Sampler",37,37,3605,371164356293097,371164359267970
"MARKER_CORE_RANGE_API","normal_step#865",37,37,3604,371164277630087,371164359543032
"MARKER_CORE_RANGE_API","Sampler",37,37,3609,371164438504699,371164441316993
"MARKER_CORE_RANGE_API","Sampler",37,37,3608,371164438492165,371164441321462
"MARKER_CORE_RANGE_API","normal_step#866",37,37,3607,371164359553382,371164441583850
"MARKER_CORE_RANGE_API","Sampler",37,37,3612,371164520074292,371164522464945
"MARKER_CORE_RANGE_API","Sampler",37,37,3611,371164520067910,371164522469664
"MARKER_CORE_RANGE_API","normal_step#867",37,37,3610,371164441592477,371164522680113
"MARKER_CORE_RANGE_API","Sampler",37,37,3615,371164602135679,371164604620861
"MARKER_CORE_RANGE_API","Sampler",37,37,3614,371164602127814,371164604629668
"MARKER_CORE_RANGE_API","normal_step#868",37,37,3613,371164522688690,371164604977970
"MARKER_CORE_RANGE_API","Sampler",37,37,3618,371164683993349,371164686976828
"MARKER_CORE_RANGE_API","Sampler",37,37,3617,371164683984843,371164686987639
"MARKER_CORE_RANGE_API","normal_step#869",37,37,3616,371164604989382,371164687369645
"MARKER_CORE_RANGE_API","Sampler",37,37,3621,371164765857521,371164768726433
"MARKER_CORE_RANGE_API","Sampler",37,37,3620,371164765850698,371164768730931
"MARKER_CORE_RANGE_API","normal_step#870",37,37,3619,371164687381627,371164768992649
"MARKER_CORE_RANGE_API","Sampler",37,37,3624,371164847404170,371164850352703
"MARKER_CORE_RANGE_API","Sampler",37,37,3623,371164847398299,371164850356540
"MARKER_CORE_RANGE_API","normal_step#871",37,37,3622,371164769001596,371164850614851
"MARKER_CORE_RANGE_API","Sampler",37,37,3627,371164928743565,371164931840219
"MARKER_CORE_RANGE_API","Sampler",37,37,3626,371164928738045,371164931844548
"MARKER_CORE_RANGE_API","normal_step#872",37,37,3625,371164850623518,371164932050589
"MARKER_CORE_RANGE_API","Sampler",37,37,3630,371165010549056,371165013267261
"MARKER_CORE_RANGE_API","Sampler",37,37,3629,371165010543235,371165013271630
"MARKER_CORE_RANGE_API","normal_step#873",37,37,3628,371164932059246,371165013556050
"MARKER_CORE_RANGE_API","Sampler",37,37,3633,371165091953054,371165094567532
"MARKER_CORE_RANGE_API","Sampler",37,37,3632,371165091947223,371165094571880
"MARKER_CORE_RANGE_API","normal_step#874",37,37,3631,371165013563684,371165094932155
"MARKER_CORE_RANGE_API","Sampler",37,37,3636,371165172380366,371165175256140
"MARKER_CORE_RANGE_API","Sampler",37,37,3635,371165172375396,371165175260489
"MARKER_CORE_RANGE_API","normal_step#875",37,37,3634,371165094941102,371165175459898
"MARKER_CORE_RANGE_API","Sampler",37,37,3639,371165253559717,371165256529690
"MARKER_CORE_RANGE_API","Sampler",37,37,3638,371165253554417,371165256533918
"MARKER_CORE_RANGE_API","normal_step#876",37,37,3637,371165175466891,371165256735912
"MARKER_CORE_RANGE_API","Sampler",37,37,3642,371165335245901,371165338096077
"MARKER_CORE_RANGE_API","Sampler",37,37,3641,371165335238647,371165338100535
"MARKER_CORE_RANGE_API","normal_step#877",37,37,3640,371165256743457,371165338372993
"MARKER_CORE_RANGE_API","Sampler",37,37,3645,371165417187110,371165420349238
"MARKER_CORE_RANGE_API","Sampler",37,37,3644,371165417177451,371165420355781
"MARKER_CORE_RANGE_API","normal_step#878",37,37,3643,371165338381930,371165420858125
"MARKER_CORE_RANGE_API","Sampler",37,37,3648,371165502525354,371165505053177
"MARKER_CORE_RANGE_API","Sampler",37,37,3647,371165502517579,371165505059008
"MARKER_CORE_RANGE_API","normal_step#879",37,37,3646,371165420881229,371165505419804
"MARKER_CORE_RANGE_API","Sampler",37,37,3651,371165584586881,371165587530144
"MARKER_CORE_RANGE_API","Sampler",37,37,3650,371165584579186,371165587536456
"MARKER_CORE_RANGE_API","normal_step#880",37,37,3649,371165505430634,371165587863898
"MARKER_CORE_RANGE_API","Sampler",37,37,3654,371165666720816,371165669409665
"MARKER_CORE_RANGE_API","Sampler",37,37,3653,371165666712340,371165669415677
"MARKER_CORE_RANGE_API","normal_step#881",37,37,3652,371165587874949,371165669700398
"MARKER_CORE_RANGE_API","Sampler",37,37,3657,371165748942017,371165751918012
"MARKER_CORE_RANGE_API","Sampler",37,37,3656,371165748933510,371165751925646
"MARKER_CORE_RANGE_API","normal_step#882",37,37,3655,371165669710417,371165752413663
"MARKER_CORE_RANGE_API","Sampler",37,37,3660,371165833169991,371165835993606
"MARKER_CORE_RANGE_API","Sampler",37,37,3659,371165833160913,371165835998586
"MARKER_CORE_RANGE_API","normal_step#883",37,37,3658,371165752425496,371165836288817
"MARKER_CORE_RANGE_API","Sampler",37,37,3663,371165914400499,371165917330998
"MARKER_CORE_RANGE_API","Sampler",37,37,3662,371165914394778,371165917335216
"MARKER_CORE_RANGE_API","normal_step#884",37,37,3661,371165836298826,371165917565603
"MARKER_CORE_RANGE_API","Sampler",37,37,3666,371165995954862,371165998612943
"MARKER_CORE_RANGE_API","Sampler",37,37,3665,371165995948941,371165998617011
"MARKER_CORE_RANGE_API","normal_step#885",37,37,3664,371165917573739,371165998872066
"MARKER_CORE_RANGE_API","Sampler",37,37,3669,371166077036367,371166079756927
"MARKER_CORE_RANGE_API","Sampler",37,37,3668,371166077027721,371166079761556
"MARKER_CORE_RANGE_API","normal_step#886",37,37,3667,371165998880923,371166079982055
"MARKER_CORE_RANGE_API","Sampler",37,37,3672,371166157829334,371166160983458
"MARKER_CORE_RANGE_API","Sampler",37,37,3671,371166157824385,371166160988447
"MARKER_CORE_RANGE_API","normal_step#887",37,37,3670,371166079989589,371166161213335
"MARKER_CORE_RANGE_API","Sampler",37,37,3675,371166238817352,371166241746217
"MARKER_CORE_RANGE_API","Sampler",37,37,3674,371166238813364,371166241750926
"MARKER_CORE_RANGE_API","normal_step#888",37,37,3673,371166161220578,371166241922723
"MARKER_CORE_RANGE_API","Sampler",37,37,3678,371166320038292,371166322757669
"MARKER_CORE_RANGE_API","Sampler",37,37,3677,371166320030888,371166322762498
"MARKER_CORE_RANGE_API","normal_step#889",37,37,3676,371166241927702,371166323003546
"MARKER_CORE_RANGE_API","Sampler",37,37,3681,371166401698897,371166404415519
"MARKER_CORE_RANGE_API","Sampler",37,37,3680,371166401691483,371166404420749
"MARKER_CORE_RANGE_API","normal_step#890",37,37,3679,371166323011151,371166404734616
"MARKER_CORE_RANGE_API","Sampler",37,37,3684,371166483462879,371166486480263
"MARKER_CORE_RANGE_API","Sampler",37,37,3683,371166483456367,371166486484942
"MARKER_CORE_RANGE_API","normal_step#891",37,37,3682,371166404744534,371166486728895
"MARKER_CORE_RANGE_API","Sampler",37,37,3687,371166564600270,371166567318355
"MARKER_CORE_RANGE_API","Sampler",37,37,3686,371166564595421,371166567322463
"MARKER_CORE_RANGE_API","normal_step#892",37,37,3685,371166486738273,371166567528435
"MARKER_CORE_RANGE_API","Sampler",37,37,3690,371166646459503,371166649352771
"MARKER_CORE_RANGE_API","Sampler",37,37,3689,371166646450767,371166649357791
"MARKER_CORE_RANGE_API","normal_step#893",37,37,3688,371166567535448,371166649629627
"MARKER_CORE_RANGE_API","Sampler",37,37,3693,371166728020790,371166731216783
"MARKER_CORE_RANGE_API","Sampler",37,37,3692,371166728011282,371166731222304
"MARKER_CORE_RANGE_API","normal_step#894",37,37,3691,371166649639747,371166731491155
"MARKER_CORE_RANGE_API","Sampler",37,37,3696,371166810429677,371166813139717
"MARKER_CORE_RANGE_API","Sampler",37,37,3695,371166810412575,371166813144717
"MARKER_CORE_RANGE_API","normal_step#895",37,37,3694,371166731500683,371166813405051
"MARKER_CORE_RANGE_API","Sampler",37,37,3699,371166891672228,371166894527093
"MARKER_CORE_RANGE_API","Sampler",37,37,3698,371166891666047,371166894531662
"MARKER_CORE_RANGE_API","normal_step#896",37,37,3697,371166813414359,371166894765857
"MARKER_CORE_RANGE_API","Sampler",37,37,3702,371166972952842,371166975470195
"MARKER_CORE_RANGE_API","Sampler",37,37,3701,371166972947141,371166975474724
"MARKER_CORE_RANGE_API","normal_step#897",37,37,3700,371166894773972,371166975698850
"MARKER_CORE_RANGE_API","Sampler",37,37,3705,371167053834617,371167056508629
"MARKER_CORE_RANGE_API","Sampler",37,37,3704,371167053828456,371167056512857
"MARKER_CORE_RANGE_API","normal_step#898",37,37,3703,371166975706625,371167056710382
"MARKER_CORE_RANGE_API","Sampler",37,37,3708,371167134328216,371167137313939
"MARKER_CORE_RANGE_API","Sampler",37,37,3707,371167134322986,371167137318137
"MARKER_CORE_RANGE_API","normal_step#899",37,37,3706,371167056717616,371167137545359
"MARKER_CORE_RANGE_API","Sampler",37,37,3711,371167215640990,371167218565076
"MARKER_CORE_RANGE_API","Sampler",37,37,3710,371167215633616,371167218571057
"MARKER_CORE_RANGE_API","normal_step#900",37,37,3709,371167137552593,371167218983220
"MARKER_CORE_RANGE_API","Sampler",37,37,3714,371167297112526,371167300002027
"MARKER_CORE_RANGE_API","Sampler",37,37,3713,371167297107036,371167300005964
"MARKER_CORE_RANGE_API","normal_step#901",37,37,3712,371167218994261,371167300226464
"MARKER_CORE_RANGE_API","Sampler",37,37,3717,371167378627606,371167381372071
"MARKER_CORE_RANGE_API","Sampler",37,37,3716,371167378621975,371167381376099
"MARKER_CORE_RANGE_API","normal_step#902",37,37,3715,371167300236322,371167381609733
"MARKER_CORE_RANGE_API","Sampler",37,37,3720,371167459944258,371167462601878
"MARKER_CORE_RANGE_API","Sampler",37,37,3719,371167459939118,371167462605996
"MARKER_CORE_RANGE_API","normal_step#903",37,37,3718,371167381619431,371167462805645
"MARKER_CORE_RANGE_API","Sampler",37,37,3723,371167540215433,371167543116075
"MARKER_CORE_RANGE_API","Sampler",37,37,3722,371167540210203,371167543120183
"MARKER_CORE_RANGE_API","normal_step#904",37,37,3721,371167462813691,371167543313621
"MARKER_CORE_RANGE_API","Sampler",37,37,3726,371167621178283,371167624210535
"MARKER_CORE_RANGE_API","Sampler",37,37,3725,371167621169536,371167624216015
"MARKER_CORE_RANGE_API","normal_step#905",37,37,3724,371167543319973,371167624503642
"MARKER_CORE_RANGE_API","Sampler",37,37,3729,371167704250401,371167706766702
"MARKER_CORE_RANGE_API","Sampler",37,37,3728,371167704243638,371167706771231
"MARKER_CORE_RANGE_API","normal_step#906",37,37,3727,371167624514052,371167707041875
"MARKER_CORE_RANGE_API","Sampler",37,37,3732,371167785489385,371167788285268
"MARKER_CORE_RANGE_API","Sampler",37,37,3731,371167785481019,371167788291139
"MARKER_CORE_RANGE_API","normal_step#907",37,37,3730,371167707051814,371167788595618
"MARKER_CORE_RANGE_API","Sampler",37,37,3735,371167866366903,371167869507891
"MARKER_CORE_RANGE_API","Sampler",37,37,3734,371167866360270,371167869512610
"MARKER_CORE_RANGE_API","normal_step#908",37,37,3733,371167788605036,371167869747947
"MARKER_CORE_RANGE_API","Sampler",37,37,3738,371167948160951,371167950592492
"MARKER_CORE_RANGE_API","Sampler",37,37,3737,371167948155892,371167950596800
"MARKER_CORE_RANGE_API","normal_step#909",37,37,3736,371167869756483,371167950817049
"MARKER_CORE_RANGE_API","Sampler",37,37,3741,371168029313231,371168031809915
"MARKER_CORE_RANGE_API","Sampler",37,37,3740,371168029299084,371168031813682
"MARKER_CORE_RANGE_API","normal_step#910",37,37,3739,371167950825816,371168032036927
"MARKER_CORE_RANGE_API","Sampler",37,37,3744,371168110994045,371168113378476
"MARKER_CORE_RANGE_API","Sampler",37,37,3743,371168110989045,371168113383395
"MARKER_CORE_RANGE_API","normal_step#911",37,37,3742,371168032045293,371168113605357
"MARKER_CORE_RANGE_API","Sampler",37,37,3747,371168191734472,371168194465752
"MARKER_CORE_RANGE_API","Sampler",37,37,3746,371168191727488,371168194470300
"MARKER_CORE_RANGE_API","normal_step#912",37,37,3745,371168113614815,371168194732128
"MARKER_CORE_RANGE_API","Sampler",37,37,3750,371168273546315,371168276351605
"MARKER_CORE_RANGE_API","Sampler",37,37,3749,371168273540674,371168276355934
"MARKER_CORE_RANGE_API","normal_step#913",37,37,3748,371168194744261,371168276560592
"MARKER_CORE_RANGE_API","Sampler",37,37,3753,371168354660171,371168357420667
"MARKER_CORE_RANGE_API","Sampler",37,37,3752,371168354652136,371168357425125
"MARKER_CORE_RANGE_API","normal_step#914",37,37,3751,371168276568688,371168357685169
"MARKER_CORE_RANGE_API","Sampler",37,37,3756,371168436978937,371168439880441
"MARKER_CORE_RANGE_API","Sampler",37,37,3755,371168436972114,371168439884669
"MARKER_CORE_RANGE_API","normal_step#915",37,37,3754,371168357694116,371168440128372
"MARKER_CORE_RANGE_API","Sampler",37,37,3759,371168518898996,371168521465854
"MARKER_CORE_RANGE_API","Sampler",37,37,3758,371168518892964,371168521471134
"MARKER_CORE_RANGE_API","normal_step#916",37,37,3757,371168440137620,371168521756857
"MARKER_CORE_RANGE_API","Sampler",37,37,3762,371168599547538,371168602741357
"MARKER_CORE_RANGE_API","Sampler",37,37,3761,371168599542218,371168602746487
"MARKER_CORE_RANGE_API","normal_step#917",37,37,3760,371168521769641,371168602997875
"MARKER_CORE_RANGE_API","Sampler",37,37,3765,371168681672215,371168684408385
"MARKER_CORE_RANGE_API","Sampler",37,37,3764,371168681664100,371168684414016
"MARKER_CORE_RANGE_API","normal_step#918",37,37,3763,371168603007563,371168684694348
"MARKER_CORE_RANGE_API","Sampler",37,37,3768,371168768351788,371168771080664
"MARKER_CORE_RANGE_API","Sampler",37,37,3767,371168768343062,371168771089070
"MARKER_CORE_RANGE_API","normal_step#919",37,37,3766,371168684704087,371168771498337
"MARKER_CORE_RANGE_API","Sampler",37,37,3771,371168863850379,371168866631464
"MARKER_CORE_RANGE_API","Sampler",37,37,3770,371168863841312,371168866636293
"MARKER_CORE_RANGE_API","normal_step#920",37,37,3769,371168771509639,371168866911336
"MARKER_CORE_RANGE_API","Sampler",37,37,3774,371168962189107,371168964774801
"MARKER_CORE_RANGE_API","Sampler",37,37,3773,371168962178076,371168964782656
"MARKER_CORE_RANGE_API","normal_step#921",37,37,3772,371168866919872,371168965093566
"MARKER_CORE_RANGE_API","Sampler",37,37,3777,371169070067373,371169072664388
"MARKER_CORE_RANGE_API","Sampler",37,37,3776,371169070060460,371169072670459
"MARKER_CORE_RANGE_API","normal_step#922",37,37,3775,371168965103786,371169072935513
"MARKER_CORE_RANGE_API","Sampler",37,37,3780,371169154573195,371169157131436
"MARKER_CORE_RANGE_API","Sampler",37,37,3779,371169154567023,371169157136115
"MARKER_CORE_RANGE_API","normal_step#923",37,37,3778,371169072944851,371169157363627
"MARKER_CORE_RANGE_API","Sampler",37,37,3783,371169235652195,371169238244912
"MARKER_CORE_RANGE_API","Sampler",37,37,3782,371169235646314,371169238249721
"MARKER_CORE_RANGE_API","normal_step#924",37,37,3781,371169157372154,371169238453108
"MARKER_CORE_RANGE_API","Sampler",37,37,3786,371169318406900,371169321116348
"MARKER_CORE_RANGE_API","Sampler",37,37,3785,371169318399195,371169321121177
"MARKER_CORE_RANGE_API","normal_step#925",37,37,3784,371169238460782,371169321384488
"MARKER_CORE_RANGE_API","Sampler",37,37,3789,371169399003684,371169402038741
"MARKER_CORE_RANGE_API","Sampler",37,37,3788,371169398998514,371169402042969
"MARKER_CORE_RANGE_API","normal_step#926",37,37,3787,371169321393194,371169402312511
"MARKER_CORE_RANGE_API","Sampler",37,37,3792,371169481094787,371169483684639
"MARKER_CORE_RANGE_API","Sampler",37,37,3791,371169481090289,371169483688155
"MARKER_CORE_RANGE_API","normal_step#927",37,37,3790,371169402324013,371169483899457
"MARKER_CORE_RANGE_API","Sampler",37,37,3795,371169561177394,371169564317701
"MARKER_CORE_RANGE_API","Sampler",37,37,3794,371169561171282,371169564322210
"MARKER_CORE_RANGE_API","normal_step#928",37,37,3793,371169483907753,371169564537659
"MARKER_CORE_RANGE_API","Sampler",37,37,3798,371169644117371,371169646854612
"MARKER_CORE_RANGE_API","Sampler",37,37,3797,371169644107983,371169646860032
"MARKER_CORE_RANGE_API","normal_step#929",37,37,3796,371169564545354,371169647140245
"MARKER_CORE_RANGE_API","Sampler",37,37,3801,371169726256596,371169729062918
"MARKER_CORE_RANGE_API","Sampler",37,37,3800,371169726248650,371169729068789
"MARKER_CORE_RANGE_API","normal_step#930",37,37,3799,371169647149042,371169729412823
"MARKER_CORE_RANGE_API","Sampler",37,37,3804,371169807913795,371169810726459
"MARKER_CORE_RANGE_API","Sampler",37,37,3803,371169807906851,371169810731218
"MARKER_CORE_RANGE_API","normal_step#931",37,37,3802,371169729422552,371169811018244
"MARKER_CORE_RANGE_API","Sampler",37,37,3807,371169889288406,371169892042290
"MARKER_CORE_RANGE_API","Sampler",37,37,3806,371169889282205,371169892047029
"MARKER_CORE_RANGE_API","normal_step#932",37,37,3805,371169811027141,371169892295721
"MARKER_CORE_RANGE_API","Sampler",37,37,3810,371169971209888,371169973875433
"MARKER_CORE_RANGE_API","Sampler",37,37,3809,371169971200861,371169973881865
"MARKER_CORE_RANGE_API","normal_step#933",37,37,3808,371169892305540,371169974146368
"MARKER_CORE_RANGE_API","Sampler",37,37,3813,371170053448492,371170056163230
"MARKER_CORE_RANGE_API","Sampler",37,37,3812,371170053437942,371170056167599
"MARKER_CORE_RANGE_API","normal_step#934",37,37,3811,371169974155265,371170056434816
"MARKER_CORE_RANGE_API","Sampler",37,37,3816,371170134922132,371170138136861
"MARKER_CORE_RANGE_API","Sampler",37,37,3815,371170134914938,371170138141920
"MARKER_CORE_RANGE_API","normal_step#935",37,37,3814,371170056444354,371170138401163
"MARKER_CORE_RANGE_API","Sampler",37,37,3819,371170217614458,371170220317494
"MARKER_CORE_RANGE_API","Sampler",37,37,3818,371170217607945,371170220322353
"MARKER_CORE_RANGE_API","normal_step#936",37,37,3817,371170138410791,371170220610862
"MARKER_CORE_RANGE_API","Sampler",37,37,3822,371170298318375,371170301230860
"MARKER_CORE_RANGE_API","Sampler",37,37,3821,371170298313797,371170301235619
"MARKER_CORE_RANGE_API","normal_step#937",37,37,3820,371170220621652,371170301427473
"MARKER_CORE_RANGE_API","Sampler",37,37,3825,371170379683730,371170382499801
"MARKER_CORE_RANGE_API","Sampler",37,37,3824,371170379677368,371170382503778
"MARKER_CORE_RANGE_API","normal_step#938",37,37,3823,371170301434517,371170382729267
"MARKER_CORE_RANGE_API","Sampler",37,37,3828,371170461772870,371170464535359
"MARKER_CORE_RANGE_API","Sampler",37,37,3827,371170461763782,371170464540278
"MARKER_CORE_RANGE_API","normal_step#939",37,37,3826,371170382737813,371170464815161
"MARKER_CORE_RANGE_API","Sampler",37,37,3831,371170543175455,371170546193139
"MARKER_CORE_RANGE_API","Sampler",37,37,3830,371170543169002,371170546197788
"MARKER_CORE_RANGE_API","normal_step#940",37,37,3829,371170464824789,371170546435459
"MARKER_CORE_RANGE_API","Sampler",37,37,3834,371170624057220,371170627066498
"MARKER_CORE_RANGE_API","Sampler",37,37,3833,371170624048383,371170627071809
"MARKER_CORE_RANGE_API","normal_step#941",37,37,3832,371170546444236,371170627616013
"MARKER_CORE_RANGE_API","Sampler",37,37,3837,371170706041160,371170708821203
"MARKER_CORE_RANGE_API","Sampler",37,37,3836,371170706033265,371170708826062
"MARKER_CORE_RANGE_API","normal_step#942",37,37,3835,371170627625741,371170709109971
"MARKER_CORE_RANGE_API","Sampler",37,37,3840,371170787489382,371170790464876
"MARKER_CORE_RANGE_API","Sampler",37,37,3839,371170787480866,371170790469284
"MARKER_CORE_RANGE_API","normal_step#943",37,37,3838,371170709119159,371170790711224
"MARKER_CORE_RANGE_API","Sampler",37,37,3843,371170868401094,371170871477460
"MARKER_CORE_RANGE_API","Sampler",37,37,3842,371170868395664,371170871481778
"MARKER_CORE_RANGE_API","normal_step#944",37,37,3841,371170790720111,371170871693601
"MARKER_CORE_RANGE_API","Sampler",37,37,3846,371170950100163,371170952767491
"MARKER_CORE_RANGE_API","Sampler",37,37,3845,371170950095364,371170952772040
"MARKER_CORE_RANGE_API","normal_step#945",37,37,3844,371170871701165,371170952977440
"MARKER_CORE_RANGE_API","Sampler",37,37,3849,371171030719880,371171033547273
"MARKER_CORE_RANGE_API","Sampler",37,37,3848,371171030714219,371171033551471
"MARKER_CORE_RANGE_API","normal_step#946",37,37,3847,371170952984383,371171033764175
"MARKER_CORE_RANGE_API","Sampler",37,37,3852,371171111877700,371171114804602
"MARKER_CORE_RANGE_API","Sampler",37,37,3851,371171111873182,371171114807828
"MARKER_CORE_RANGE_API","normal_step#947",37,37,3850,371171033772340,371171114992720
"MARKER_CORE_RANGE_API","Sampler",37,37,3855,371171192614300,371171195502207
"MARKER_CORE_RANGE_API","Sampler",37,37,3854,371171192608619,371171195507287
"MARKER_CORE_RANGE_API","normal_step#948",37,37,3853,371171114998691,371171195743556
"MARKER_CORE_RANGE_API","Sampler",37,37,3858,371171273818508,371171276461801
"MARKER_CORE_RANGE_API","Sampler",37,37,3857,371171273813539,371171276466400
"MARKER_CORE_RANGE_API","normal_step#949",37,37,3856,371171195752924,371171276670868
"MARKER_CORE_RANGE_API","Sampler",37,37,3861,371171355492258,371171358007147
"MARKER_CORE_RANGE_API","Sampler",37,37,3860,371171355486938,371171358011466
"MARKER_CORE_RANGE_API","normal_step#950",37,37,3859,371171276678202,371171358243366
"MARKER_CORE_RANGE_API","Sampler",37,37,3864,371171436274365,371171439624030
"MARKER_CORE_RANGE_API","Sampler",37,37,3863,371171436266940,371171439629099
"MARKER_CORE_RANGE_API","normal_step#951",37,37,3862,371171358253906,371171439882671
"MARKER_CORE_RANGE_API","Sampler",37,37,3867,371171518469556,371171521184685
"MARKER_CORE_RANGE_API","Sampler",37,37,3866,371171518462332,371171521189344
"MARKER_CORE_RANGE_API","normal_step#952",37,37,3865,371171439891197,371171521451101
"MARKER_CORE_RANGE_API","Sampler",37,37,3870,371171600337896,371171602985046
"MARKER_CORE_RANGE_API","Sampler",37,37,3869,371171600331574,371171602989354
"MARKER_CORE_RANGE_API","normal_step#953",37,37,3868,371171521459798,371171603222578
"MARKER_CORE_RANGE_API","Sampler",37,37,3873,371171681985607,371171684661913
"MARKER_CORE_RANGE_API","Sampler",37,37,3872,371171681977782,371171684666401
"MARKER_CORE_RANGE_API","normal_step#954",37,37,3871,371171603230853,371171684941885
"MARKER_CORE_RANGE_API","Sampler",37,37,3876,371171764618420,371171767653637
"MARKER_CORE_RANGE_API","Sampler",37,37,3875,371171764612068,371171767657585
"MARKER_CORE_RANGE_API","normal_step#955",37,37,3874,371171684951553,371171767912359
"MARKER_CORE_RANGE_API","Sampler",37,37,3879,371171845995957,371171848963486
"MARKER_CORE_RANGE_API","Sampler",37,37,3878,371171845991098,371171848967093
"MARKER_CORE_RANGE_API","normal_step#956",37,37,3877,371171767921266,371171849175018
"MARKER_CORE_RANGE_API","Sampler",37,37,3882,371171927278885,371171929649881
"MARKER_CORE_RANGE_API","Sampler",37,37,3881,371171927271220,371171929654559
"MARKER_CORE_RANGE_API","normal_step#957",37,37,3880,371171849182182,371171929881691
"MARKER_CORE_RANGE_API","Sampler",37,37,3885,371172008605486,371172011301719
"MARKER_CORE_RANGE_API","Sampler",37,37,3884,371172008599865,371172011306027
"MARKER_CORE_RANGE_API","normal_step#958",37,37,3883,371171929889576,371172011519193
"MARKER_CORE_RANGE_API","Sampler",37,37,3888,371172089545522,371172092255502
"MARKER_CORE_RANGE_API","Sampler",37,37,3887,371172089540523,371172092259650
"MARKER_CORE_RANGE_API","normal_step#959",37,37,3886,371172011526917,371172092459139
"MARKER_CORE_RANGE_API","Sampler",37,37,3891,371172170421787,371172172806639
"MARKER_CORE_RANGE_API","Sampler",37,37,3890,371172170414894,371172172810927
"MARKER_CORE_RANGE_API","normal_step#960",37,37,3889,371172092466493,371172173019453
"MARKER_CORE_RANGE_API","Sampler",37,37,3894,371172251929362,371172254686882
"MARKER_CORE_RANGE_API","Sampler",37,37,3893,371172251921447,371172254693043
"MARKER_CORE_RANGE_API","normal_step#961",37,37,3892,371172173027078,371172254985990
"MARKER_CORE_RANGE_API","Sampler",37,37,3897,371172334040082,371172336927630
"MARKER_CORE_RANGE_API","Sampler",37,37,3896,371172334032187,371172336934583
"MARKER_CORE_RANGE_API","normal_step#962",37,37,3895,371172254999806,371172337245213
"MARKER_CORE_RANGE_API","Sampler",37,37,3900,371172417983155,371172420662346
"MARKER_CORE_RANGE_API","Sampler",37,37,3899,371172417974529,371172420667756
"MARKER_CORE_RANGE_API","normal_step#963",37,37,3898,371172337254911,371172420957297
"MARKER_CORE_RANGE_API","Sampler",37,37,3903,371172499335996,371172502311149
"MARKER_CORE_RANGE_API","Sampler",37,37,3902,371172499330385,371172502315638
"MARKER_CORE_RANGE_API","normal_step#964",37,37,3901,371172420967967,371172502535596
"MARKER_CORE_RANGE_API","Sampler",37,37,3906,371172580669890,371172583306441
"MARKER_CORE_RANGE_API","Sampler",37,37,3905,371172580664440,371172583310799
"MARKER_CORE_RANGE_API","normal_step#965",37,37,3904,371172502543811,371172583526208
"MARKER_CORE_RANGE_API","Sampler",37,37,3909,371172662300679,371172665846186
"MARKER_CORE_RANGE_API","Sampler",37,37,3908,371172662289889,371172665851256
"MARKER_CORE_RANGE_API","normal_step#966",37,37,3907,371172583533612,371172666125437
"MARKER_CORE_RANGE_API","Sampler",37,37,3912,371172745643732,371172748303516
"MARKER_CORE_RANGE_API","Sampler",37,37,3911,371172745636297,371172748308796
"MARKER_CORE_RANGE_API","normal_step#967",37,37,3910,371172666134845,371172748582626
"MARKER_CORE_RANGE_API","Sampler",37,37,3915,371172827347088,371172830084220
"MARKER_CORE_RANGE_API","Sampler",37,37,3914,371172827335276,371172830089099
"MARKER_CORE_RANGE_API","normal_step#968",37,37,3913,371172748592435,371172830314768
"MARKER_CORE_RANGE_API","Sampler",37,37,3918,371172909004588,371172911737682
"MARKER_CORE_RANGE_API","Sampler",37,37,3917,371172908998647,371172911741749
"MARKER_CORE_RANGE_API","normal_step#969",37,37,3916,371172830323284,371172911971175
"MARKER_CORE_RANGE_API","Sampler",37,37,3921,371172990172347,371172992816722
"MARKER_CORE_RANGE_API","Sampler",37,37,3920,371172990166766,371172992821100
"MARKER_CORE_RANGE_API","normal_step#970",37,37,3919,371172911983078,371172993055876
"MARKER_CORE_RANGE_API","Sampler",37,37,3924,371173071496603,371173074177708
"MARKER_CORE_RANGE_API","Sampler",37,37,3923,371173071491313,371173074181876
"MARKER_CORE_RANGE_API","normal_step#971",37,37,3922,371172993064763,371173074385773
"MARKER_CORE_RANGE_API","Sampler",37,37,3927,371173152118665,371173154757490
"MARKER_CORE_RANGE_API","Sampler",37,37,3926,371173152111071,371173154761838
"MARKER_CORE_RANGE_API","normal_step#972",37,37,3925,371173074392817,371173154961918
"MARKER_CORE_RANGE_API","Sampler",37,37,3930,371173233276786,371173235742311
"MARKER_CORE_RANGE_API","Sampler",37,37,3929,371173233271536,371173235746599
"MARKER_CORE_RANGE_API","normal_step#973",37,37,3928,371173154968280,371173235953883
"MARKER_CORE_RANGE_API","Sampler",37,37,3933,371173313883158,371173316560766
"MARKER_CORE_RANGE_API","Sampler",37,37,3932,371173313877787,371173316565285
"MARKER_CORE_RANGE_API","normal_step#974",37,37,3931,371173235960826,371173316762900
"MARKER_CORE_RANGE_API","Sampler",37,37,3936,371173394747560,371173397585223
"MARKER_CORE_RANGE_API","Sampler",37,37,3935,371173394741829,371173397589420
"MARKER_CORE_RANGE_API","normal_step#975",37,37,3934,371173316769463,371173397806102
"MARKER_CORE_RANGE_API","Sampler",37,37,3939,371173476390492,371173479096775
"MARKER_CORE_RANGE_API","Sampler",37,37,3938,371173476384771,371173479101464
"MARKER_CORE_RANGE_API","normal_step#976",37,37,3937,371173397813236,371173479341690
"MARKER_CORE_RANGE_API","Sampler",37,37,3942,371173556884882,371173559575364
"MARKER_CORE_RANGE_API","Sampler",37,37,3941,371173556879872,371173559579512
"MARKER_CORE_RANGE_API","normal_step#977",37,37,3940,371173479349305,371173559765806
"MARKER_CORE_RANGE_API","Sampler",37,37,3945,371173637884511,371173640749745
"MARKER_CORE_RANGE_API","Sampler",37,37,3944,371173637871767,371173640754094
"MARKER_CORE_RANGE_API","normal_step#978",37,37,3943,371173559772589,371173641037823
"MARKER_CORE_RANGE_API","Sampler",37,37,3948,371173719629396,371173722384462
"MARKER_CORE_RANGE_API","Sampler",37,37,3947,371173719621491,371173722388700
"MARKER_CORE_RANGE_API","normal_step#979",37,37,3946,371173641047371,371173722659965
"MARKER_CORE_RANGE_API","Sampler",37,37,3951,371173801326942,371173803994401
"MARKER_CORE_RANGE_API","Sampler",37,37,3950,371173801321241,371173803999460
"MARKER_CORE_RANGE_API","normal_step#980",37,37,3949,371173722670125,371173804265726
"MARKER_CORE_RANGE_API","Sampler",37,37,3954,371173882634266,371173885293399
"MARKER_CORE_RANGE_API","Sampler",37,37,3953,371173882625620,371173885298108
"MARKER_CORE_RANGE_API","normal_step#981",37,37,3952,371173804276006,371173885644927
"MARKER_CORE_RANGE_API","Sampler",37,37,3957,371173963791565,371173966771167
"MARKER_CORE_RANGE_API","Sampler",37,37,3956,371173963784892,371173966775455
"MARKER_CORE_RANGE_API","normal_step#982",37,37,3955,371173885664424,371173967006514
"MARKER_CORE_RANGE_API","Sampler",37,37,3960,371174045179312,371174047999271
"MARKER_CORE_RANGE_API","Sampler",37,37,3959,371174045173391,371174048003729
"MARKER_CORE_RANGE_API","normal_step#983",37,37,3958,371173967015622,371174048198610
"MARKER_CORE_RANGE_API","Sampler",37,37,3963,371174126408277,371174129596586
"MARKER_CORE_RANGE_API","Sampler",37,37,3962,371174126401394,371174129602026
"MARKER_CORE_RANGE_API","normal_step#984",37,37,3961,371174048206154,371174129859556
"MARKER_CORE_RANGE_API","Sampler",37,37,3966,371174216339950,371174219604133
"MARKER_CORE_RANGE_API","Sampler",37,37,3965,371174216332576,371174219611046
"MARKER_CORE_RANGE_API","normal_step#985",37,37,3964,371174129867901,371174220005646
"MARKER_CORE_RANGE_API","Sampler",37,37,3969,371174305862244,371174309320576
"MARKER_CORE_RANGE_API","Sampler",37,37,3968,371174305855341,371174309325676
"MARKER_CORE_RANGE_API","normal_step#986",37,37,3967,371174220015885,371174309591100
"MARKER_CORE_RANGE_API","Sampler",37,37,3972,371174411092578,371174416711455
"MARKER_CORE_RANGE_API","Sampler",37,37,3971,371174411085094,371174416716796
"MARKER_CORE_RANGE_API","normal_step#987",37,37,3970,371174309600859,371174417024931
"MARKER_CORE_RANGE_API","Sampler",37,37,3975,371174508477273,371174514033311
"MARKER_CORE_RANGE_API","Sampler",37,37,3974,371174508469639,371174514038641
"MARKER_CORE_RANGE_API","normal_step#988",37,37,3973,371174417033838,371174514302583
"MARKER_CORE_RANGE_API","Sampler",37,37,3978,371174592594246,371174595219164
"MARKER_CORE_RANGE_API","Sampler",37,37,3977,371174592589517,371174595223653
"MARKER_CORE_RANGE_API","normal_step#989",37,37,3976,371174514312141,371174595428051
"MARKER_CORE_RANGE_API","Sampler",37,37,3981,371174674267396,371174677365052
"MARKER_CORE_RANGE_API","Sampler",37,37,3980,371174674255353,371174677374881
"MARKER_CORE_RANGE_API","normal_step#990",37,37,3979,371174595436758,371174677729124
"MARKER_CORE_RANGE_API","Sampler",37,37,3984,371174755834033,371174758501301
"MARKER_CORE_RANGE_API","Sampler",37,37,3983,371174755828833,371174758507513
"MARKER_CORE_RANGE_API","normal_step#991",37,37,3982,371174677738993,371174758740145
"MARKER_CORE_RANGE_API","Sampler",37,37,3987,371174836922912,371174840127050
"MARKER_CORE_RANGE_API","Sampler",37,37,3986,371174836916058,371174840131849
"MARKER_CORE_RANGE_API","normal_step#992",37,37,3985,371174758748350,371174840384830
"MARKER_CORE_RANGE_API","Sampler",37,37,3990,371174918835666,371174921828072
"MARKER_CORE_RANGE_API","Sampler",37,37,3989,371174918830216,371174921832230
"MARKER_CORE_RANGE_API","normal_step#993",37,37,3988,371174840393787,371174922076905
"MARKER_CORE_RANGE_API","Sampler",37,37,3993,371174999853420,371175002946297
"MARKER_CORE_RANGE_API","Sampler",37,37,3992,371174999847789,371175002950756
"MARKER_CORE_RANGE_API","normal_step#994",37,37,3991,371174922084229,371175003188908
"MARKER_CORE_RANGE_API","Sampler",37,37,3996,371175081429845,371175084036619
"MARKER_CORE_RANGE_API","Sampler",37,37,3995,371175081425056,371175084040807
"MARKER_CORE_RANGE_API","normal_step#995",37,37,3994,371175003199589,371175084236789
"MARKER_CORE_RANGE_API","Sampler",37,37,3999,371175161577336,371175164744804
"MARKER_CORE_RANGE_API","Sampler",37,37,3998,371175161569451,371175164749624
"MARKER_CORE_RANGE_API","normal_step#996",37,37,3997,371175084243723,371175164956186
"MARKER_CORE_RANGE_API","Sampler",37,37,4002,371175243698166,371175246654694
"MARKER_CORE_RANGE_API","Sampler",37,37,4001,371175243690782,371175246659713
"MARKER_CORE_RANGE_API","normal_step#997",37,37,4000,371175164962929,371175246964122
"MARKER_CORE_RANGE_API","Sampler",37,37,4005,371175325634685,371175328587296
"MARKER_CORE_RANGE_API","Sampler",37,37,4004,371175325628995,371175328592215
"MARKER_CORE_RANGE_API","normal_step#998",37,37,4003,371175246975093,371175328838844
"MARKER_CORE_RANGE_API","Sampler",37,37,4008,371175407062428,371175409651167
"MARKER_CORE_RANGE_API","Sampler",37,37,4007,371175407056437,371175409655836
"MARKER_CORE_RANGE_API","normal_step#999",37,37,4006,371175328847300,371175409898788
"MARKER_CONTROL_API","roctxProfilerPause",37,37,4009,371175409907915,371175409908206
