"Name","Calls","TotalDurationNs","AverageNs","Percentage","MinNs","MaxNs","StdDev"
"void gemv_decode::gemv_decode_core<__hip_bfloat16, gemv_decode::Bf16GemvLoader<__hip_bfloat16>, false, false, false, 16, 8, 1, false>(unsigned char const*, float const*, gemv_decode::Bf16GemvLoader<__hip_bfloat16>::WT const*, gemv_decode::Bf16GemvLoader<__hip_bfloat16>::WScaleT const*, int const*, int const*, int const*, int const*, __hip_bfloat16*, float*, float const*, int, int, int, int, int, int, int, int, bool)",50200,990372997,19728.545757,21.32,7360,738967,47041.471170
"void custom_ar::one_shot_ar_vec_kernel<__hip_bfloat16, 8>(HIP_vector_type<unsigned int, 4u> const*, HIP_vector_type<unsigned int, 4u>*, HIP_vector_type<unsigned int, 4u>*, HIP_vector_type<unsigned int, 4u> const*, int*, int const*, int)",32400,898654388,27736.246543,19.34,7120,3457076,107239.767099
"void gemv_decode::gemv_decode_core<__hip_bfloat16, gemv_decode::Bf16GemvLoader<__hip_bfloat16>, false, false, false, 16, 1, 1, false>(unsigned char const*, float const*, gemv_decode::Bf16GemvLoader<__hip_bfloat16>::WT const*, gemv_decode::Bf16GemvLoader<__hip_bfloat16>::WScaleT const*, int const*, int const*, int const*, int const*, __hip_bfloat16*, float*, float const*, int, int, int, int, int, int, int, int, bool)",50200,765085970,15240.756375,16.47,2920,731407,46948.685283
"void gemv_decode::gemv_decode_core<__hip_bfloat16, gemv_decode::Int4Fp8GemvLoader, true, true, false, 32, 8, 1, false>(unsigned char const*, float const*, gemv_decode::Int4Fp8GemvLoader::WT const*, gemv_decode::Int4Fp8GemvLoader::WScaleT const*, int const*, int const*, int const*, int const*, __hip_bfloat16*, float*, float const*, int, int, int, int, int, int, int, int, bool)",16000,357146517,22321.657312,7.69,13160,37320,7603.710943
"void gdn_decode_conv_gated_kernel<c10::BFloat16, c10::BFloat16, 128, 128, true>(c10::BFloat16 const*, float const*, float const*, float*, c10::BFloat16 const*, c10::BFloat16 const*, float const*, float const*, c10::BFloat16*, long const*, c10::BFloat16*, c10::BFloat16 const*, float const*, float, int, int, int, int, int, int, int, int, float, int, c10::BFloat16*, c10::BFloat16*, float*, float*, int*, float*, int, long, long, long, long, long, long, long)",12000,252106662,21008.888500,5.43,12400,69400,14434.855521
"void w4a8_fp8_moe::moe_gemm2_gather_reduce_core<__hip_bfloat16, gemv_decode::Int4Fp8GemvLoader, 8, 1, true>(unsigned char const*, float const*, gemv_decode::Int4Fp8GemvLoader::WT const*, gemv_decode::Int4Fp8GemvLoader::WScaleT const*, int const*, int const*, int const*, float const*, float*, int, int, int, int, int, int, bool)",8000,206841823,25855.227875,4.45,23680,31440,861.571522
"void w4a8_fp8_moe::moe_compute_act_fp8_kernel<__hip_bfloat16>(__hip_bfloat16 const*, unsigned char*, float*, int, int)",32000,181282031,5665.063469,3.90,1360,19040,4749.032115
"void w4a8_tile::moe_gemm_tiled_kernel<__hip_bfloat16, w4a8_tile::WmmaFp8, w4a8_tile::Int4Fp8Loader, true, 64, 4, 0, false>(unsigned char const*, float const*, w4a8_tile::Int4Fp8Loader::WT const*, w4a8_tile::Int4Fp8Loader::WScaleT const*, int const*, int const*, int const*, int const*, __hip_bfloat16*, int, int, int, int, int, int, int, float*, float const*, int, bool, int)",8000,159640873,19955.109125,3.44,18520,28880,1485.301790
"void (anonymous namespace)::flash_decode_paged_fp8_split_kernel<__hip_bfloat16, 256, 16, 4>(__hip_bfloat16 const*, unsigned char const*, unsigned char const*, int const*, int const*, float*, float*, unsigned int, unsigned int, unsigned int, unsigned int, long, float, float const*, unsigned int, unsigned int, unsigned int, unsigned int, unsigned int)",4000,117946827,29486.706750,2.54,18880,41361,4421.170087
"void gemv_decode::gemv_decode_core<__hip_bfloat16, gemv_decode::Bf16GemvLoader<__hip_bfloat16>, false, false, false, 8, 8, 1, true>(unsigned char const*, float const*, gemv_decode::Bf16GemvLoader<__hip_bfloat16>::WT const*, gemv_decode::Bf16GemvLoader<__hip_bfloat16>::WScaleT const*, int const*, int const*, int const*, int const*, __hip_bfloat16*, float*, float const*, int, int, int, int, int, int, int, int, bool)",8000,82610572,10326.321500,1.78,8680,15760,158.990660
"void at::native::elementwise_kernel_manual_unroll<128, 8, at::native::gpu_kernel_impl_nocast<at::native::direct_copy_kernel_cuda(at::TensorIteratorBase&)::{lambda()#3}::operator()() const::{lambda()#12}::operator()() const::{lambda(c10::BFloat16)#1}>(at::TensorIteratorBase&, at::native::direct_copy_kernel_cuda(at::TensorIteratorBase&)::{lambda()#3}::operator()() const::{lambda()#12}::operator()() const::{lambda(c10::BFloat16)#1} const&)::{lambda(int, bool)#1}>(int, at::native::gpu_kernel_impl_nocast<at::native::direct_copy_kernel_cuda(at::TensorIteratorBase&)::{lambda()#3}::operator()() const::{lambda()#12}::operator()() const::{lambda(c10::BFloat16)#1}>(at::TensorIteratorBase&, at::native::direct_copy_kernel_cuda(at::TensorIteratorBase&)::{lambda()#3}::operator()() const::{lambda()#12}::operator()() const::{lambda(c10::BFloat16)#1} const&)::{lambda(int, bool)#1})",46200,79159997,1713.419848,1.70,1080,8000,487.949638
"void (anonymous namespace)::rms_norm_add_kernel<__hip_bfloat16>(__hip_bfloat16 const*, __hip_bfloat16*, __hip_bfloat16 const*, __hip_bfloat16*, int, int, float, int)",32000,71358930,2229.966562,1.54,1880,7720,87.721218
"void (anonymous namespace)::moe_route_align_kernel<1, 8, true, c10::BFloat16>(c10::BFloat16 const*, float*, int*, int*, int*, int*, int, int, int, int, int, int)",8000,53475014,6684.376750,1.15,5640,7040,52.043101
"void gemv_decode::gemv_decode_core<__hip_bfloat16, gemv_decode::Bf16GemvLoader<__hip_bfloat16>, false, false, false, 8, 1, 1, true>(unsigned char const*, float const*, gemv_decode::Bf16GemvLoader<__hip_bfloat16>::WT const*, gemv_decode::Bf16GemvLoader<__hip_bfloat16>::WScaleT const*, int const*, int const*, int const*, int const*, __hip_bfloat16*, float*, float const*, int, int, int, int, int, int, int, int, bool)",8000,39645747,4955.718375,0.8534,4320,5840,105.591239
"void (anonymous namespace)::moe_topk_softmax_kernel<1, 8, true, c10::BFloat16, moe_core::SoftmaxScore>(c10::BFloat16 const*, float*, int*, int, int, int, moe_core::SoftmaxScore, c10::BFloat16*)",8000,37029957,4628.744625,0.7971,3880,10160,105.487806
"void at::native::elementwise_kernel_manual_unroll<128, 8, at::native::gpu_kernel_impl_nocast<at::native::BinaryFunctor<c10::BFloat16, c10::BFloat16, c10::BFloat16, at::native::binary_internal::MulFunctor<float> > >(at::TensorIteratorBase&, at::native::BinaryFunctor<c10::BFloat16, c10::BFloat16, c10::BFloat16, at::native::binary_internal::MulFunctor<float> > const&)::{lambda(int, bool)#1}>(int, at::native::gpu_kernel_impl_nocast<at::native::BinaryFunctor<c10::BFloat16, c10::BFloat16, c10::BFloat16, at::native::binary_internal::MulFunctor<float> > >(at::TensorIteratorBase&, at::native::BinaryFunctor<c10::BFloat16, c10::BFloat16, c10::BFloat16, at::native::binary_internal::MulFunctor<float> > const&)::{lambda(int, bool)#1})",16000,30127304,1882.956500,0.6485,1520,6960,142.494955
"ncclDevKernel_Generic_4(ncclDevKernelArgsStorage<4096ul>)",400,29115571,72788.927500,0.6267,34920,117121,35686.436839
"__amd_rocclr_copyBuffer",12450,28412834,2282.155341,0.6116,840,16920,1879.570523
"void at::native::vectorized_elementwise_kernel<8, at::native::sigmoid_kernel_cuda(at::TensorIteratorBase&)::{lambda()#2}::operator()() const::{lambda()#4}::operator()() const::{lambda(c10::BFloat16)#1}, std::array<char*, 2ul> >(int, at::native::sigmoid_kernel_cuda(at::TensorIteratorBase&)::{lambda()#2}::operator()() const::{lambda()#4}::operator()() const::{lambda(c10::BFloat16)#1}, std::array<char*, 2ul>)",20000,26154148,1307.707400,0.5630,1080,6280,189.561225
"void (anonymous namespace)::gated_mul_kernel<__hip_bfloat16, (anonymous namespace)::SiluAct>(__hip_bfloat16 const*, __hip_bfloat16*, long, int)",16000,21742865,1358.929063,0.4680,1120,6360,266.647180
"(anonymous namespace)::moe_align_kernel(int const*, int*, int*, int*, int, int, int, int, int)",8000,21364442,2670.555250,0.4599,2280,7040,107.334673
"void at::native::elementwise_kernel_manual_unroll<128, 4, at::native::gpu_kernel_impl<at::native::direct_copy_kernel_cuda(at::TensorIteratorBase&)::{lambda()#3}::operator()() const::{lambda()#4}::operator()() const::{lambda(long)#1}>(at::TensorIteratorBase&, at::native::direct_copy_kernel_cuda(at::TensorIteratorBase&)::{lambda()#3}::operator()() const::{lambda()#4}::operator()() const::{lambda(long)#1} const&)::{lambda(int, bool)#1}>(int, at::native::gpu_kernel_impl<at::native::direct_copy_kernel_cuda(at::TensorIteratorBase&)::{lambda()#3}::operator()() const::{lambda()#4}::operator()() const::{lambda(long)#1}>(at::TensorIteratorBase&, at::native::direct_copy_kernel_cuda(at::TensorIteratorBase&)::{lambda()#3}::operator()() const::{lambda()#4}::operator()() const::{lambda(long)#1} const&)::{lambda(int, bool)#1})",12800,19678944,1537.417500,0.4236,1240,14120,369.069826
"void at::native::vectorized_elementwise_kernel<8, at::native::CUDAFunctor_add<c10::BFloat16>, std::array<char*, 3ul> >(int, at::native::CUDAFunctor_add<c10::BFloat16>, std::array<char*, 3ul>)",16000,17839298,1114.956125,0.3840,880,3120,68.016466
"void at::native::vectorized_elementwise_kernel<4, at::native::bfloat16_copy_kernel_cuda(at::TensorIteratorBase&)::{lambda(float)#1}, std::array<char*, 2ul> >(int, at::native::bfloat16_copy_kernel_cuda(at::TensorIteratorBase&)::{lambda(float)#1}, std::array<char*, 2ul>)",16000,17253019,1078.313688,0.3714,840,6120,180.450638
"void (anonymous namespace)::flash_decode_reduce_kernel<__hip_bfloat16, 256>(float const*, float const*, __hip_bfloat16*, unsigned int, unsigned int, float const*, unsigned int, unsigned int)",4000,15732673,3933.168250,0.3387,3160,5880,410.490732
"void (anonymous namespace)::rms_norm_kernel<__hip_bfloat16>(__hip_bfloat16 const*, __hip_bfloat16 const*, __hip_bfloat16*, int, int, float, int)",8400,15303945,1821.898214,0.3294,1600,6040,147.142808
"void (anonymous namespace)::rope_kernel<__hip_bfloat16>(__hip_bfloat16 const*, int const*, float const*, __hip_bfloat16*, long, int, int, int)",8000,15104553,1888.069125,0.3251,1560,2480,68.231007
"void at::native::vectorized_elementwise_kernel<4, at::native::FillFunctor<float>, std::array<char*, 1ul> >(int, at::native::FillFunctor<float>, std::array<char*, 1ul>)",16000,13786380,861.648750,0.2968,640,5880,284.328372
"void at::native::(anonymous namespace)::CatArrayBatchedCopy_contig<at::native::(anonymous namespace)::OpaqueType<2u>, unsigned int, 2, 128, 1>(at::native::(anonymous namespace)::OpaqueType<2u>*, at::native::(anonymous namespace)::CatArrInputTensorMetadata<at::native::(anonymous namespace)::OpaqueType<2u>, unsigned int, 128, 1>, at::native::(anonymous namespace)::TensorSizeStride<unsigned int, 4u>, int, unsigned int)",4000,10688021,2672.005250,0.2301,2360,4840,138.219266
"w4a8_fp8_moe::moe_build_inverse_map_kernel(int const*, int const*, int*, int, int)",8000,10640987,1330.123375,0.2291,1120,2120,68.900537
"void at::native::vectorized_elementwise_kernel<4, at::native::FillFunctor<int>, std::array<char*, 1ul> >(int, at::native::FillFunctor<int>, std::array<char*, 1ul>)",8000,7774130,971.766250,0.1673,800,6041,239.251378
"void at::native::index_elementwise_kernel<128, 4, at::native::gpu_index_kernel<at::native::index_kernel_impl<at::native::OpaqueType<4> >(at::TensorIteratorBase&, c10::ArrayRef<long>, c10::ArrayRef<long>)::{lambda(char*, char const*, long)#1}>(at::TensorIteratorBase&, c10::ArrayRef<long>, c10::ArrayRef<long>, at::native::index_kernel_impl<at::native::OpaqueType<4> >(at::TensorIteratorBase&, c10::ArrayRef<long>, c10::ArrayRef<long>)::{lambda(char*, char const*, long)#1} const&, bool)::{lambda(int)#1}>(long, at::native::gpu_index_kernel<at::native::index_kernel_impl<at::native::OpaqueType<4> >(at::TensorIteratorBase&, c10::ArrayRef<long>, c10::ArrayRef<long>)::{lambda(char*, char const*, long)#1}>(at::TensorIteratorBase&, c10::ArrayRef<long>, c10::ArrayRef<long>, at::native::index_kernel_impl<at::native::OpaqueType<4> >(at::TensorIteratorBase&, c10::ArrayRef<long>, c10::ArrayRef<long>)::{lambda(char*, char const*, long)#1} const&, bool)::{lambda(int)#1})",1600,7437625,4648.515625,0.1601,2360,18960,3189.768419
"void at::native::reduce_kernel<512, 1, at::native::ReduceOp<float, at::native::ArgMaxOps<float>, unsigned int, long, 4, 4> >(at::native::ReduceOp<float, at::native::ArgMaxOps<float>, unsigned int, long, 4, 4>)",400,7274756,18186.890000,0.1566,9080,36400,7075.433451
"void (anonymous namespace)::store_kv_kernel<__hip_bfloat16, unsigned char>(__hip_bfloat16 const*, __hip_bfloat16 const*, unsigned char*, unsigned char*, int const*, long, int, int, float const*, float const*, int, float, float)",4000,6188499,1547.124750,0.1332,1280,3960,122.112778
"void at::native::elementwise_kernel_manual_unroll<128, 4, at::native::gpu_kernel_impl<at::native::BinaryFunctor<c10::BFloat16, c10::BFloat16, c10::BFloat16, at::native::binary_internal::MulFunctor<float> > >(at::TensorIteratorBase&, at::native::BinaryFunctor<c10::BFloat16, c10::BFloat16, c10::BFloat16, at::native::binary_internal::MulFunctor<float> > const&)::{lambda(int, bool)#2}>(int, at::native::gpu_kernel_impl<at::native::BinaryFunctor<c10::BFloat16, c10::BFloat16, c10::BFloat16, at::native::binary_internal::MulFunctor<float> > >(at::TensorIteratorBase&, at::native::BinaryFunctor<c10::BFloat16, c10::BFloat16, c10::BFloat16, at::native::binary_internal::MulFunctor<float> > const&)::{lambda(int, bool)#2})",400,5299697,13249.242500,0.1141,12281,13680,129.905764
"void at::native::vectorized_elementwise_kernel<8, at::native::BinaryFunctor<c10::BFloat16, c10::BFloat16, c10::BFloat16, at::native::binary_internal::MulFunctor<float> >, std::array<char*, 3ul> >(int, at::native::BinaryFunctor<c10::BFloat16, c10::BFloat16, c10::BFloat16, at::native::binary_internal::MulFunctor<float> >, std::array<char*, 3ul>)",4000,4247765,1061.941250,0.0914,960,5720,84.883297
"void at::native::index_elementwise_kernel<128, 4, at::native::gpu_index_kernel<at::native::index_put_kernel_impl<at::native::OpaqueType<4> >(at::TensorIterator&, c10::ArrayRef<long>, c10::ArrayRef<long>)::{lambda(char*, char const*, long)#1}>(at::TensorIteratorBase&, c10::ArrayRef<long>, c10::ArrayRef<long>, at::native::index_put_kernel_impl<at::native::OpaqueType<4> >(at::TensorIterator&, c10::ArrayRef<long>, c10::ArrayRef<long>)::{lambda(char*, char const*, long)#1} const&, bool)::{lambda(int)#1}>(long, at::native::gpu_index_kernel<at::native::index_put_kernel_impl<at::native::OpaqueType<4> >(at::TensorIterator&, c10::ArrayRef<long>, c10::ArrayRef<long>)::{lambda(char*, char const*, long)#1}>(at::TensorIteratorBase&, c10::ArrayRef<long>, c10::ArrayRef<long>, at::native::index_put_kernel_impl<at::native::OpaqueType<4> >(at::TensorIterator&, c10::ArrayRef<long>, c10::ArrayRef<long>)::{lambda(char*, char const*, long)#1} const&, bool)::{lambda(int)#1})",825,2856384,3462.283636,0.0615,2480,15200,2148.373702
"void (anonymous namespace)::elementwise_kernel_with_index_grid_stride<int, at::native::arange_cuda_out(c10::Scalar const&, c10::Scalar const&, c10::Scalar const&, at::Tensor&)::{lambda()#1}::operator()() const::{lambda()#3}::operator()() const::{lambda(long)#1}>(int, at::native::arange_cuda_out(c10::Scalar const&, c10::Scalar const&, c10::Scalar const&, at::Tensor&)::{lambda()#1}::operator()() const::{lambda()#3}::operator()() const::{lambda(long)#1}, function_traits<at::native::arange_cuda_out(c10::Scalar const&, c10::Scalar const&, c10::Scalar const&, at::Tensor&)::{lambda()#1}::operator()() const::{lambda()#3}::operator()() const::{lambda(long)#1}>::result_type*)",825,2787552,3378.850909,0.0600,1160,17681,3360.041707
"void at::native::vectorized_elementwise_kernel<4, at::native::BUnaryFunctor<int, int, int, at::native::binary_internal::div_floor_kernel_cuda(at::TensorIteratorBase&)::{lambda()#1}::operator()() const::{lambda()#3}::operator()() const::{lambda(int, int)#1}>, std::array<char*, 2ul> >(int, at::native::BUnaryFunctor<int, int, int, at::native::binary_internal::div_floor_kernel_cuda(at::TensorIteratorBase&)::{lambda()#1}::operator()() const::{lambda()#3}::operator()() const::{lambda(int, int)#1}>, std::array<char*, 2ul>)",800,2642825,3303.531250,0.0569,1640,16681,3162.012273
"__amd_rocclr_fillBufferAligned",800,2040625,2550.781250,0.0439,1800,11120,1396.931322
"void at::native::elementwise_kernel_manual_unroll<128, 4, at::native::gpu_kernel_impl_nocast<at::native::direct_copy_kernel_cuda(at::TensorIteratorBase&)::{lambda()#3}::operator()() const::{lambda()#4}::operator()() const::{lambda(long)#1}>(at::TensorIteratorBase&, at::native::direct_copy_kernel_cuda(at::TensorIteratorBase&)::{lambda()#3}::operator()() const::{lambda()#4}::operator()() const::{lambda(long)#1} const&)::{lambda(int, bool)#1}>(int, at::native::gpu_kernel_impl_nocast<at::native::direct_copy_kernel_cuda(at::TensorIteratorBase&)::{lambda()#3}::operator()() const::{lambda()#4}::operator()() const::{lambda(long)#1}>(at::TensorIteratorBase&, at::native::direct_copy_kernel_cuda(at::TensorIteratorBase&)::{lambda()#3}::operator()() const::{lambda()#4}::operator()() const::{lambda(long)#1} const&)::{lambda(int, bool)#1})",600,1782173,2970.288333,0.0384,2000,13160,2014.104499
"void at::native::vectorized_elementwise_kernel<4, at::native::compare_scalar_kernel<int>(at::TensorIteratorBase&, at::native::(anonymous namespace)::OpType, int)::{lambda(int)#1}, std::array<char*, 2ul> >(int, at::native::compare_scalar_kernel<int>(at::TensorIteratorBase&, at::native::(anonymous namespace)::OpType, int)::{lambda(int)#1}, std::array<char*, 2ul>)",800,1334130,1667.662500,0.0287,1240,4360,292.365431
"void at::native::elementwise_kernel_manual_unroll<128, 4, at::native::gpu_kernel_impl<at::native::direct_copy_kernel_cuda(at::TensorIteratorBase&)::{lambda()#3}::operator()() const::{lambda()#3}::operator()() const::{lambda(int)#1}>(at::TensorIteratorBase&, at::native::direct_copy_kernel_cuda(at::TensorIteratorBase&)::{lambda()#3}::operator()() const::{lambda()#3}::operator()() const::{lambda(int)#1} const&)::{lambda(int, bool)#1}>(int, at::native::gpu_kernel_impl<at::native::direct_copy_kernel_cuda(at::TensorIteratorBase&)::{lambda()#3}::operator()() const::{lambda()#3}::operator()() const::{lambda(int)#1}>(at::TensorIteratorBase&, at::native::direct_copy_kernel_cuda(at::TensorIteratorBase&)::{lambda()#3}::operator()() const::{lambda()#3}::operator()() const::{lambda(int)#1} const&)::{lambda(int, bool)#1})",400,1326295,3315.737500,0.0285,1640,15760,3425.286226
"void at::native::vectorized_elementwise_kernel<4, at::native::bfloat16tofloat32_copy_kernel_cuda(at::TensorIteratorBase&)::{lambda(c10::BFloat16)#1}, std::array<char*, 2ul> >(int, at::native::bfloat16tofloat32_copy_kernel_cuda(at::TensorIteratorBase&)::{lambda(c10::BFloat16)#1}, std::array<char*, 2ul>)",400,1271174,3177.935000,0.0274,2200,4520,909.089148
"void rocprim::ROCPRIM_400200_NS::detail::trampoline_kernel<rocprim::ROCPRIM_400200_NS::detail::wrapped_partition_config<rocprim::ROCPRIM_400200_NS::default_config, (rocprim::ROCPRIM_400200_NS::detail::partition_subalgo)5, long, rocprim::ROCPRIM_400200_NS::empty_type>, (rocprim::ROCPRIM_400200_NS::detail::target_arch)1201, rocprim::ROCPRIM_400200_NS::detail::partition_impl<(rocprim::ROCPRIM_400200_NS::detail::partition_subalgo)5, false, rocprim::ROCPRIM_400200_NS::default_config, unsigned long, hipcub::HIPCUB_400200_NS::CountingInputIterator<long, long>, rocprim::ROCPRIM_400200_NS::empty_type*, hipcub::HIPCUB_400200_NS::TransformInputIterator<bool, at::native::(anonymous namespace)::NonZeroOp<bool>, bool const*, long>, rocprim::ROCPRIM_400200_NS::tuple<long*, rocprim::ROCPRIM_400200_NS::empty_type>, rocprim::ROCPRIM_400200_NS::tuple<rocprim::ROCPRIM_400200_NS::empty_type*, rocprim::ROCPRIM_400200_NS::empty_type*>, rocprim::ROCPRIM_400200_NS::empty_type, int*, rocprim::ROCPRIM_400200_NS::empty_type>(void*, unsigned long&, hipcub::HIPCUB_400200_NS::CountingInputIterator<long, long>, rocprim::ROCPRIM_400200_NS::empty_type*, hipcub::HIPCUB_400200_NS::TransformInputIterator<bool, at::native::(anonymous namespace)::NonZeroOp<bool>, bool const*, long>, rocprim::ROCPRIM_400200_NS::tuple<long*, rocprim::ROCPRIM_400200_NS::empty_type>, rocprim::ROCPRIM_400200_NS::tuple<rocprim::ROCPRIM_400200_NS::empty_type*, rocprim::ROCPRIM_400200_NS::empty_type*>, int*, unsigned long, rocprim::ROCPRIM_400200_NS::empty_type, ihipStream_t*, bool, rocprim::ROCPRIM_400200_NS::empty_type)::{lambda(auto:1, auto:2)#1}::operator()<std::integral_constant<bool, false>, std::integral_constant<bool, false> >(std::integral_constant<bool, false>, std::integral_constant<bool, false>) const::{lambda(auto:1)#1}, rocprim::ROCPRIM_400200_NS::detail::default_config_selector>(rocprim::ROCPRIM_400200_NS::detail::partition_impl<(rocprim::ROCPRIM_400200_NS::detail::partition_subalgo)5, false, rocprim::ROCPRIM_400200_NS::default_config, unsigned long, hipcub::HIPCUB_400200_NS::CountingInputIterator<long, long>, rocprim::ROCPRIM_400200_NS::empty_type*, hipcub::HIPCUB_400200_NS::TransformInputIterator<bool, at::native::(anonymous namespace)::NonZeroOp<bool>, bool const*, long>, rocprim::ROCPRIM_400200_NS::tuple<long*, rocprim::ROCPRIM_400200_NS::empty_type>, rocprim::ROCPRIM_400200_NS::tuple<rocprim::ROCPRIM_400200_NS::empty_type*, rocprim::ROCPRIM_400200_NS::empty_type*>, rocprim::ROCPRIM_400200_NS::empty_type, int*, rocprim::ROCPRIM_400200_NS::empty_type>(void*, unsigned long&, hipcub::HIPCUB_400200_NS::CountingInputIterator<long, long>, rocprim::ROCPRIM_400200_NS::empty_type*, hipcub::HIPCUB_400200_NS::TransformInputIterator<bool, at::native::(anonymous namespace)::NonZeroOp<bool>, bool const*, long>, rocprim::ROCPRIM_400200_NS::tuple<long*, rocprim::ROCPRIM_400200_NS::empty_type>, rocprim::ROCPRIM_400200_NS::tuple<rocprim::ROCPRIM_400200_NS::empty_type*, rocprim::ROCPRIM_400200_NS::empty_type*>, int*, unsigned long, rocprim::ROCPRIM_400200_NS::empty_type, ihipStream_t*, bool, rocprim::ROCPRIM_400200_NS::empty_type)::{lambda(auto:1, auto:2)#1}::operator()<std::integral_constant<bool, false>, std::integral_constant<bool, false> >(std::integral_constant<bool, false>, std::integral_constant<bool, false>) const::{lambda(auto:1)#1})",400,1162849,2907.122500,0.0250,2520,13800,1166.506939
"void rocprim::ROCPRIM_400200_NS::detail::trampoline_kernel<rocprim::ROCPRIM_400200_NS::detail::wrapped_transform_config<rocprim::ROCPRIM_400200_NS::default_config, unsigned long, true>, (rocprim::ROCPRIM_400200_NS::detail::target_arch)1201, rocprim::ROCPRIM_400200_NS::detail::transform_impl<true, rocprim::ROCPRIM_400200_NS::default_config, unsigned long*, int*, rocprim::ROCPRIM_400200_NS::identity<void> >(unsigned long*, int*, unsigned long, rocprim::ROCPRIM_400200_NS::identity<void>, ihipStream_t*, bool)::{lambda(auto:1)#1}, rocprim::ROCPRIM_400200_NS::detail::default_config_selector>(rocprim::ROCPRIM_400200_NS::detail::transform_impl<true, rocprim::ROCPRIM_400200_NS::default_config, unsigned long*, int*, rocprim::ROCPRIM_400200_NS::identity<void> >(unsigned long*, int*, unsigned long, rocprim::ROCPRIM_400200_NS::identity<void>, ihipStream_t*, bool)::{lambda(auto:1)#1})",400,835208,2088.020000,0.0180,1440,2400,113.534686
"void rocprim::ROCPRIM_400200_NS::detail::trampoline_kernel<rocprim::ROCPRIM_400200_NS::detail::wrapped_reduce_config<rocprim::ROCPRIM_400200_NS::default_config, int>, (rocprim::ROCPRIM_400200_NS::detail::target_arch)1201, rocprim::ROCPRIM_400200_NS::detail::reduce_impl<true, rocprim::ROCPRIM_400200_NS::default_config, hipcub::HIPCUB_400200_NS::TransformInputIterator<bool, at::native::(anonymous namespace)::NonZeroOp<bool>, bool const*, long>, int*, int, hipcub::HIPCUB_400200_NS::detail::convert_binary_result_type_wrapper<hipcub::HIPCUB_400200_NS::Sum, hipcub::HIPCUB_400200_NS::TransformInputIterator<bool, at::native::(anonymous namespace)::NonZeroOp<bool>, bool const*, long>, int> >(void*, unsigned long&, hipcub::HIPCUB_400200_NS::TransformInputIterator<bool, at::native::(anonymous namespace)::NonZeroOp<bool>, bool const*, long>, int*, int, unsigned long, hipcub::HIPCUB_400200_NS::detail::convert_binary_result_type_wrapper<hipcub::HIPCUB_400200_NS::Sum, hipcub::HIPCUB_400200_NS::TransformInputIterator<bool, at::native::(anonymous namespace)::NonZeroOp<bool>, bool const*, long>, int>, ihipStream_t*, bool)::{lambda(auto:1)#6}, rocprim::ROCPRIM_400200_NS::detail::default_config_selector>(rocprim::ROCPRIM_400200_NS::detail::reduce_impl<true, rocprim::ROCPRIM_400200_NS::default_config, hipcub::HIPCUB_400200_NS::TransformInputIterator<bool, at::native::(anonymous namespace)::NonZeroOp<bool>, bool const*, long>, int*, int, hipcub::HIPCUB_400200_NS::detail::convert_binary_result_type_wrapper<hipcub::HIPCUB_400200_NS::Sum, hipcub::HIPCUB_400200_NS::TransformInputIterator<bool, at::native::(anonymous namespace)::NonZeroOp<bool>, bool const*, long>, int> >(void*, unsigned long&, hipcub::HIPCUB_400200_NS::TransformInputIterator<bool, at::native::(anonymous namespace)::NonZeroOp<bool>, bool const*, long>, int*, int, unsigned long, hipcub::HIPCUB_400200_NS::detail::convert_binary_result_type_wrapper<hipcub::HIPCUB_400200_NS::Sum, hipcub::HIPCUB_400200_NS::TransformInputIterator<bool, at::native::(anonymous namespace)::NonZeroOp<bool>, bool const*, long>, int>, ihipStream_t*, bool)::{lambda(auto:1)#6})",400,789931,1974.827500,0.0170,1760,2480,141.786570
"void at::native::index_elementwise_kernel<128, 4, at::native::gpu_index_kernel<at::native::index_kernel_impl<at::native::OpaqueType<2> >(at::TensorIteratorBase&, c10::ArrayRef<long>, c10::ArrayRef<long>)::{lambda(char*, char const*, long)#1}>(at::TensorIteratorBase&, c10::ArrayRef<long>, c10::ArrayRef<long>, at::native::index_kernel_impl<at::native::OpaqueType<2> >(at::TensorIteratorBase&, c10::ArrayRef<long>, c10::ArrayRef<long>)::{lambda(char*, char const*, long)#1} const&, bool)::{lambda(int)#1}>(long, at::native::gpu_index_kernel<at::native::index_kernel_impl<at::native::OpaqueType<2> >(at::TensorIteratorBase&, c10::ArrayRef<long>, c10::ArrayRef<long>)::{lambda(char*, char const*, long)#1}>(at::TensorIteratorBase&, c10::ArrayRef<long>, c10::ArrayRef<long>, at::native::index_kernel_impl<at::native::OpaqueType<2> >(at::TensorIteratorBase&, c10::ArrayRef<long>, c10::ArrayRef<long>)::{lambda(char*, char const*, long)#1} const&, bool)::{lambda(int)#1})",200,655689,3278.445000,0.0141,3000,3560,111.812958
"void at::native::vectorized_elementwise_kernel<16, at::native::BinaryFunctor<bool, bool, bool, at::native::BitwiseAndFunctor<bool> >, std::array<char*, 3ul> >(int, at::native::BinaryFunctor<bool, bool, bool, at::native::BitwiseAndFunctor<bool> >, std::array<char*, 3ul>)",400,620842,1552.105000,0.0134,1360,2160,99.038353
"void rocprim::ROCPRIM_400200_NS::detail::init_lookback_scan_state_kernel<rocprim::ROCPRIM_400200_NS::detail::lookback_scan_state<unsigned long, false, true>, rocprim::ROCPRIM_400200_NS::detail::block_id_wrapper<unsigned int, false> >(rocprim::ROCPRIM_400200_NS::detail::lookback_scan_state<unsigned long, false, true>, unsigned int, rocprim::ROCPRIM_400200_NS::detail::block_id_wrapper<unsigned int, false>, unsigned int, rocprim::ROCPRIM_400200_NS::detail::lookback_scan_state<unsigned long, false, true>::value_type*)",400,614484,1536.210000,0.0132,1280,3800,337.481229
"void at::native::vectorized_elementwise_kernel<4, at::native::CUDAFunctorOnSelf_add<int>, std::array<char*, 2ul> >(int, at::native::CUDAFunctorOnSelf_add<int>, std::array<char*, 2ul>)",400,473602,1184.005000,0.0102,1040,1640,80.549273
"void at::native::vectorized_elementwise_kernel<4, at::native::(anonymous namespace)::launch_clamp_scalar(at::TensorIteratorBase&, c10::Scalar, c10::Scalar, at::native::detail::ClampLimits)::{lambda()#1}::operator()() const::{lambda()#3}::operator()() const::{lambda(int)#1}, std::array<char*, 2ul> >(int, at::native::(anonymous namespace)::launch_clamp_scalar(at::TensorIteratorBase&, c10::Scalar, c10::Scalar, at::native::detail::ClampLimits)::{lambda()#1}::operator()() const::{lambda()#3}::operator()() const::{lambda(int)#1}, std::array<char*, 2ul>)",400,470441,1176.102500,0.0101,1040,1360,35.384207
"void at::native::vectorized_gather_kernel<16, long>(char*, char*, long*, int, long, long, long, long, bool)",200,320245,1601.225000,6.894e-03,1240,2120,162.149272
"void at::native::elementwise_kernel_manual_unroll<128, 4, at::native::gpu_kernel_impl_nocast<at::native::CUDAFunctor_add<int> >(at::TensorIteratorBase&, at::native::CUDAFunctor_add<int> const&)::{lambda(int, bool)#1}>(int, at::native::gpu_kernel_impl_nocast<at::native::CUDAFunctor_add<int> >(at::TensorIteratorBase&, at::native::CUDAFunctor_add<int> const&)::{lambda(int, bool)#1})",25,70601,2824.040000,1.520e-03,2200,10121,1628.641982
