exp,K,N,g,M,tile,diag,diagname,swiz,us,reps,R,dev,cu,card,lease,exclusive
cellsA,2048,16384,32,17,128x64,0,full,0,166.811,11,10,AMD Radeon RX 9070 XT,64,0,"0,1",1
cellsA,2048,16384,32,17,32x64x4,0,full,0,233.720,8,10,AMD Radeon RX 9070 XT,64,0,"0,1",1
cellsA,2048,16384,32,17,64x128x4,0,full,0,268.499,7,10,AMD Radeon RX 9070 XT,64,0,"0,1",1
cellsA,2048,16384,32,17,64x64x2,0,full,0,222.431,8,10,AMD Radeon RX 9070 XT,64,0,"0,1",1
cellsA,2048,16384,32,17,32x64,0,full,0,313.818,5,10,AMD Radeon RX 9070 XT,64,0,"0,1",1
cellsA,2048,16384,32,17,128x128x4,0,full,0,152.546,11,10,AMD Radeon RX 9070 XT,64,0,"0,1",1
cellsB,2048,16384,32,17,128x64,0,full,0,148.378,13,10,AMD Radeon RX 9070 XT,64,0,"0,1",1
cellsB,2048,16384,32,17,32x64x4,0,full,0,225.586,9,10,AMD Radeon RX 9070 XT,64,0,"0,1",1
cellsB,2048,16384,32,17,64x128x4,0,full,0,264.127,7,10,AMD Radeon RX 9070 XT,64,0,"0,1",1
cellsB,2048,16384,32,17,64x64x2,0,full,0,224.358,8,10,AMD Radeon RX 9070 XT,64,0,"0,1",1
cellsB,2048,16384,32,17,32x64,0,full,0,317.329,5,10,AMD Radeon RX 9070 XT,64,0,"0,1",1
cellsB,2048,16384,32,17,128x128x4,0,full,0,152.728,11,10,AMD Radeon RX 9070 XT,64,0,"0,1",1
cellsA,2048,16384,32,24,128x64,0,full,0,151.556,12,10,AMD Radeon RX 9070 XT,64,0,"0,1",1
cellsA,2048,16384,32,24,32x64x4,0,full,0,263.303,7,10,AMD Radeon RX 9070 XT,64,0,"0,1",1
cellsA,2048,16384,32,24,64x128x4,0,full,0,270.244,7,10,AMD Radeon RX 9070 XT,64,0,"0,1",1
cellsA,2048,16384,32,24,64x64x2,0,full,0,232.990,8,10,AMD Radeon RX 9070 XT,64,0,"0,1",1
cellsA,2048,16384,32,24,32x64,0,full,0,338.039,6,10,AMD Radeon RX 9070 XT,64,0,"0,1",1
cellsA,2048,16384,32,24,128x128x4,0,full,0,151.562,12,10,AMD Radeon RX 9070 XT,64,0,"0,1",1
cellsB,2048,16384,32,24,128x64,0,full,0,147.647,13,10,AMD Radeon RX 9070 XT,64,0,"0,1",1
cellsB,2048,16384,32,24,32x64x4,0,full,0,261.452,7,10,AMD Radeon RX 9070 XT,64,0,"0,1",1
cellsB,2048,16384,32,24,64x128x4,0,full,0,267.150,7,10,AMD Radeon RX 9070 XT,64,0,"0,1",1
cellsB,2048,16384,32,24,64x64x2,0,full,0,230.716,8,10,AMD Radeon RX 9070 XT,64,0,"0,1",1
cellsB,2048,16384,32,24,32x64,0,full,0,314.086,6,10,AMD Radeon RX 9070 XT,64,0,"0,1",1
cellsB,2048,16384,32,24,128x128x4,0,full,0,150.819,12,10,AMD Radeon RX 9070 XT,64,0,"0,1",1
cellsA,2048,16384,32,32,128x64,0,full,0,147.699,12,10,AMD Radeon RX 9070 XT,64,0,"0,1",1
cellsA,2048,16384,32,32,32x64x4,0,full,0,272.303,7,10,AMD Radeon RX 9070 XT,64,0,"0,1",1
cellsA,2048,16384,32,32,64x128x4,0,full,0,270.024,7,10,AMD Radeon RX 9070 XT,64,0,"0,1",1
cellsA,2048,16384,32,32,64x64x2,0,full,0,234.316,8,10,AMD Radeon RX 9070 XT,64,0,"0,1",1
cellsA,2048,16384,32,32,32x64,0,full,0,321.006,6,10,AMD Radeon RX 9070 XT,64,0,"0,1",1
cellsA,2048,16384,32,32,128x128x4,0,full,0,151.142,12,10,AMD Radeon RX 9070 XT,64,0,"0,1",1
cellsB,2048,16384,32,32,128x64,0,full,0,147.124,12,10,AMD Radeon RX 9070 XT,64,0,"0,1",1
cellsB,2048,16384,32,32,32x64x4,0,full,0,271.547,7,10,AMD Radeon RX 9070 XT,64,0,"0,1",1
cellsB,2048,16384,32,32,64x128x4,0,full,0,266.059,7,10,AMD Radeon RX 9070 XT,64,0,"0,1",1
cellsB,2048,16384,32,32,64x64x2,0,full,0,234.105,8,10,AMD Radeon RX 9070 XT,64,0,"0,1",1
cellsB,2048,16384,32,32,32x64,0,full,0,315.021,6,10,AMD Radeon RX 9070 XT,64,0,"0,1",1
cellsB,2048,16384,32,32,128x128x4,0,full,0,149.714,12,10,AMD Radeon RX 9070 XT,64,0,"0,1",1
cellsA,2048,16384,32,48,128x64,0,full,0,155.219,12,10,AMD Radeon RX 9070 XT,64,0,"0,1",1
cellsA,2048,16384,32,48,32x64x4,0,full,0,393.027,5,10,AMD Radeon RX 9070 XT,64,0,"0,1",1
cellsA,2048,16384,32,48,64x128x4,0,full,0,265.900,7,10,AMD Radeon RX 9070 XT,64,0,"0,1",1
cellsA,2048,16384,32,48,64x64x2,0,full,0,223.696,8,10,AMD Radeon RX 9070 XT,64,0,"0,1",1
cellsA,2048,16384,32,48,32x64,0,full,0,298.048,6,10,AMD Radeon RX 9070 XT,64,0,"0,1",1
cellsA,2048,16384,32,48,128x128x4,0,full,0,150.350,12,10,AMD Radeon RX 9070 XT,64,0,"0,1",1
cellsB,2048,16384,32,48,128x64,0,full,0,153.894,12,10,AMD Radeon RX 9070 XT,64,0,"0,1",1
cellsB,2048,16384,32,48,32x64x4,0,full,0,393.699,5,10,AMD Radeon RX 9070 XT,64,0,"0,1",1
cellsB,2048,16384,32,48,64x128x4,0,full,0,267.721,7,10,AMD Radeon RX 9070 XT,64,0,"0,1",1
cellsB,2048,16384,32,48,64x64x2,0,full,0,223.855,8,10,AMD Radeon RX 9070 XT,64,0,"0,1",1
cellsB,2048,16384,32,48,32x64,0,full,0,297.391,6,10,AMD Radeon RX 9070 XT,64,0,"0,1",1
cellsB,2048,16384,32,48,128x128x4,0,full,0,149.247,13,10,AMD Radeon RX 9070 XT,64,0,"0,1",1
cellsA,2048,16384,32,64,128x64,0,full,0,154.568,12,10,AMD Radeon RX 9070 XT,64,0,"0,1",1
cellsA,2048,16384,32,64,32x64x4,0,full,0,386.021,4,10,AMD Radeon RX 9070 XT,64,0,"0,1",1
cellsA,2048,16384,32,64,64x128x4,0,full,0,262.141,7,10,AMD Radeon RX 9070 XT,64,0,"0,1",1
cellsA,2048,16384,32,64,64x64x2,0,full,0,228.590,8,10,AMD Radeon RX 9070 XT,64,0,"0,1",1
cellsA,2048,16384,32,64,32x64,0,full,0,317.143,6,10,AMD Radeon RX 9070 XT,64,0,"0,1",1
cellsA,2048,16384,32,64,128x128x4,0,full,0,151.076,12,10,AMD Radeon RX 9070 XT,64,0,"0,1",1
cellsB,2048,16384,32,64,128x64,0,full,0,154.955,12,10,AMD Radeon RX 9070 XT,64,0,"0,1",1
cellsB,2048,16384,32,64,32x64x4,0,full,0,385.193,5,10,AMD Radeon RX 9070 XT,64,0,"0,1",1
cellsB,2048,16384,32,64,64x128x4,0,full,0,261.535,7,10,AMD Radeon RX 9070 XT,64,0,"0,1",1
cellsB,2048,16384,32,64,64x64x2,0,full,0,229.202,8,10,AMD Radeon RX 9070 XT,64,0,"0,1",1
cellsB,2048,16384,32,64,32x64,0,full,0,305.811,6,10,AMD Radeon RX 9070 XT,64,0,"0,1",1
cellsB,2048,16384,32,64,128x128x4,0,full,0,151.079,13,10,AMD Radeon RX 9070 XT,64,0,"0,1",1
